instrument_id,test_id,ibp,fbp
339f4e04-c233-4cd0-adcb-e57d59f7e0c1,9677b856c8d62d67f4169dd68db2b0f43c9a3072b7ad21a57ebf7736efbacb50,41.827,124.862
339f4e04-c233-4cd0-adcb-e57d59f7e0c1,291a598cdf0082565de4421265d1818a1e24da5fedef6816792d119737898a8e,27.901,76.349
339f4e04-c233-4cd0-adcb-e57d59f7e0c1,1963cfd1d89a793198469e3ec711bb46043ddf743df6b8491ceb3255fe6a612c,44.883,113.184
339f4e04-c233-4cd0-adcb-e57d59f7e0c1,d0be27dce5d67cbcf6d5ff8b8cf8d5d03bf4d57d20b35d5b6fa61e94c581639d,36.574,110.151
339f4e04-c233-4cd0-adcb-e57d59f7e0c1,0aa09badf6e009e9f301d67cf59b053a8a2b732342b566c09a32b238bf95729a,34.487,295.023
339f4e04-c233-4cd0-adcb-e57d59f7e0c1,323c5fbd5417d14eeb14ea0e8723dfcd92a8f1fd0a61dfab6c36f33ef2dd0fec,35.116,135.46
339f4e04-c233-4cd0-adcb-e57d59f7e0c1,9b8fc0dddf4aa1809ea4915471f60170868452205eae5146d9b59644ef599f75,66.097,123.929
339f4e04-c233-4cd0-adcb-e57d59f7e0c1,c4bb8d2c2f8c9543f0b1c9a8bdd47453d2037a6d522dfb5ebbdb17e6983a0bc3,36.735,164.748
339f4e04-c233-4cd0-adcb-e57d59f7e0c1,83f80628b9e45a8fea6d93c6c392d68f83488a0d96fbb626a6e038cc32156ad3,39.957,141.213
339f4e04-c233-4cd0-adcb-e57d59f7e0c1,07d40dd15d9cfcfeec99b75facb49162f65d003c300e9554000bce1efc527eef,65.872,101.591
339f4e04-c233-4cd0-adcb-e57d59f7e0c1,bb89ed06f7bfd94ccba32d73e793ee89a417cf8dfa3a04354b1cf41834da5237,63.814,114.195
339f4e04-c233-4cd0-adcb-e57d59f7e0c1,119b936e31c34340d9fde16070718c2d3a4d38d32b786a1fea1e7c4b5967bfcb,29.899,148.353
339f4e04-c233-4cd0-adcb-e57d59f7e0c1,f89fb6cfd949644b6923ce4b481a104c6b03647307838d02b2130b9beddf4135,32.291,151.846
339f4e04-c233-4cd0-adcb-e57d59f7e0c1,14e2bee4c766436b2ffdec408045d1c359ffa2b851d68beecca06ddeb88516fb,32.595,150.843
339f4e04-c233-4cd0-adcb-e57d59f7e0c1,4c87f80db8f2c54df0eacbdbbd7c3053dade928ec26dfc8059e0e61ef0ecfd84,35.18,136.37
339f4e04-c233-4cd0-adcb-e57d59f7e0c1,f331bec3221c5fba4d05da17c076b6d512aa6df69aa44e6c33e09325e8cc7f95,48.252,136.173
339f4e04-c233-4cd0-adcb-e57d59f7e0c1,65c0a9206bec20ba8944e3168b46fb4f0000561e2faa09a11806b5e8fc175a12,35.515,40.392
339f4e04-c233-4cd0-adcb-e57d59f7e0c1,cf738c8040c5e2f61f7d9c7ea013c84670c9682f90b1425bc72efa390f1b254b,37.221,133.93
339f4e04-c233-4cd0-adcb-e57d59f7e0c1,18253e7e57dd6b75eea54070040f6943c809b368d5d34cb2bbb0a417a96bcd79,35.47,147.095
339f4e04-c233-4cd0-adcb-e57d59f7e0c1,901d588f6b3a11745250d363574836b2de6056bc7db2213a1cbc7b71570bf358,46.185,173.356
339f4e04-c233-4cd0-adcb-e57d59f7e0c1,d17ec610eba3090e678e4464ee769c33b6b1d7b45a971df61a31ab7469304b15,49.162,159.215
339f4e04-c233-4cd0-adcb-e57d59f7e0c1,858ab0d7fc760e1d87dd8004f259274c588009e7862557a84d55839fe06cc0a2,33.052,140.162
339f4e04-c233-4cd0-adcb-e57d59f7e0c1,5ae9f332e6a2f70d99fff6225c20672d1712440084aef39e69213b695a1c92bc,47.017,166.405
339f4e04-c233-4cd0-adcb-e57d59f7e0c1,a4cf83cd4683d281b513e3e001597573abef312be47fb78ff0d9b0141c8504c3,27.114,71.977
339f4e04-c233-4cd0-adcb-e57d59f7e0c1,7bb302ab6569351e057a5e3436dd28ff7f6e130c22a3b0fae50a1e33a9fc73ab,30.438,158.055
339f4e04-c233-4cd0-adcb-e57d59f7e0c1,a46ba1d1721a5374f864a83f271ce425fbc811ca6d2ced77e1d158b78072c810,36.737,108.517
339f4e04-c233-4cd0-adcb-e57d59f7e0c1,96f3e2fa83f64797eede58b20588144bcd567484993619d56cc65c035d07288d,65.29,133.363
339f4e04-c233-4cd0-adcb-e57d59f7e0c1,b50265d13df827af98d095ea9fdbd0d80a9dc9a93ac1993ec006b97397c6cd81,26.888,69.452
339f4e04-c233-4cd0-adcb-e57d59f7e0c1,2eb99588b4096ac82a2a174d6bd926bfb7d806c939190376da44fd68c2c23ac6,40.703,145.372
339f4e04-c233-4cd0-adcb-e57d59f7e0c1,dc3f7824fdc24a5a9fa2486eb87c8d5c737691d210b9e577085b203a71d0a7d9,34.701,136.05
339f4e04-c233-4cd0-adcb-e57d59f7e0c1,2c654947d391e185ea543c6d3245db0f6f6314565c95dd6989fe9ff2fcb7d36b,62.971,110.036
339f4e04-c233-4cd0-adcb-e57d59f7e0c1,a000fbc34d13c0928a3a76c9cdf3611dcf58cc86d58b132c487b2105c090d348,43.02,45.444
339f4e04-c233-4cd0-adcb-e57d59f7e0c1,09e30eb74c8716401ee348ce6e223d877085ae4ed686a1517659671e4459b941,44.245,113.247
339f4e04-c233-4cd0-adcb-e57d59f7e0c1,ecb46c0d8b8b552f015044838bcdf7c5ac153470c59c446e2a51b9e17a03d324,96.416,120.108
339f4e04-c233-4cd0-adcb-e57d59f7e0c1,90585301aa6d8c90d3ba8182014660b30bd652d1135e098f854ace715adef1d3,44.173,138.457
339f4e04-c233-4cd0-adcb-e57d59f7e0c1,eaf5f8ef5b52a7fa3ca3a211776c74d8c06cc56eadb9d496606c6659c6334c14,39.538,150.355
339f4e04-c233-4cd0-adcb-e57d59f7e0c1,d02b2191c570f5399b392b3d6aece3ae407540ad270a62d4e9e37e8fb8d03d6a,41.124,109.11
339f4e04-c233-4cd0-adcb-e57d59f7e0c1,835bb9a570b4518fdf1806f4352a4ce7517d2fd4ba76789217f383efa8c338d1,26.721,72.397
339f4e04-c233-4cd0-adcb-e57d59f7e0c1,2d1b2b758612de50e6d02711d0fd42a5319474842176bc57204d03c7ee79aece,37.729,146.651
339f4e04-c233-4cd0-adcb-e57d59f7e0c1,ac3de6ffd15b2ea75350eac2a2a694a86e65bab1a42423ae788e047332726b41,52.467,130.312
339f4e04-c233-4cd0-adcb-e57d59f7e0c1,e2a37bfa796ecb3fe41792eadb22f034be079eb24589f1f4186fdb4a5ae9b179,45.075,114.336
339f4e04-c233-4cd0-adcb-e57d59f7e0c1,2e5916b09ae8c39ebffc55bae0d1dbd25b6f74bdb8417ced46da441df0f4ce57,34.288,134.315
339f4e04-c233-4cd0-adcb-e57d59f7e0c1,063b02157e268f766bfe4c7c51f2e05a13088814c726e8f583b29f71b39b3769,36.982,131.204
339f4e04-c233-4cd0-adcb-e57d59f7e0c1,b8761f4af31fa23ada35aba94b033541fb8f0b2d6ef7b534a3193a5a7161c937,66.141,116.607
339f4e04-c233-4cd0-adcb-e57d59f7e0c1,95b7779ebe45545697fff958b6f90814674b6180cd64b5149aef49b756e3e5ac,42.709,144.92
339f4e04-c233-4cd0-adcb-e57d59f7e0c1,a87ba451736ed6813cdea28a33adcd9f698210674b959b6a4604da9c5b79cd11,27.447,38.37
339f4e04-c233-4cd0-adcb-e57d59f7e0c1,26c4ec9cee6d06c72d7593fb1b1cddaeffd417397d4ecd684058e93d9bdd5f3a,32.574,132.381
339f4e04-c233-4cd0-adcb-e57d59f7e0c1,890101a2d7ab58932c9f47be58d05d53d7a112b72fc6120ee9a947df7ab5ae7f,54.327,122.971
339f4e04-c233-4cd0-adcb-e57d59f7e0c1,a3ed98affe807d4d139f7b9d196491b6fe3eeffd1ed030181eb21fbff137c4ae,27.299,70.852
339f4e04-c233-4cd0-adcb-e57d59f7e0c1,5aa31576964a9ef7d84c693399a3ee81a77cea7c5855669a37661ee445c3fccf,39.544,129.459
339f4e04-c233-4cd0-adcb-e57d59f7e0c1,580d67543fcd1e7cbb3787ed69d1340400632b9c251221f3ba1c581f1473a522,34.724,124.341
339f4e04-c233-4cd0-adcb-e57d59f7e0c1,190dc23bdff9d21a06578a2abbe17d81a624524dabd0b52ec6dff9a461764c7b,33.461,142.024
339f4e04-c233-4cd0-adcb-e57d59f7e0c1,e9dd2b534bc78356eddc442dd9b7112437eae53d081321592d8cf7ff05f7d8a7,32.705,126.74
339f4e04-c233-4cd0-adcb-e57d59f7e0c1,d78e498c832c38821a6c6eb2845e7191ed656e32f2188b799566f44dd42b127f,48.026,155.818
339f4e04-c233-4cd0-adcb-e57d59f7e0c1,3907c5c2263c721c32bf505c7fe2523ef1cf6b7f76845a702e39d542e11b4713,32.404,136.695
339f4e04-c233-4cd0-adcb-e57d59f7e0c1,e09096ab775255860aaa30595a3b1457be3a8fa965752067d361c501defce770,37.719,131.537
339f4e04-c233-4cd0-adcb-e57d59f7e0c1,48ce25226ee5fd2e4afa8679cc304f97d48a5e2dd1fd451eeafcc5e75be50076,36.787,153.394
339f4e04-c233-4cd0-adcb-e57d59f7e0c1,324fafa4396df694e3b3a0c7435817238582297c306cc3c99c72189c2b0f8555,27.177,83.785
339f4e04-c233-4cd0-adcb-e57d59f7e0c1,d44133ec5e6fc9161220d673a11f624ca65f3014cbde06bcd0beeed6df3111cd,45.218,120.418
339f4e04-c233-4cd0-adcb-e57d59f7e0c1,05ae5b868efdb74225b1e01383c2769de44fd8fc9a09a02870ac29c70533a751,27.159,80.991
339f4e04-c233-4cd0-adcb-e57d59f7e0c1,57bfdc41bcc6b0954e04ae626ddc9e230008d85562185346740f85868c43f449,32.279,100.085
339f4e04-c233-4cd0-adcb-e57d59f7e0c1,d7d3bf147a9484d9490dd63cc5d266d219d357e2b02b88520ba24eec8762436d,125.786,126.901
339f4e04-c233-4cd0-adcb-e57d59f7e0c1,de30152eb765c3f1e6795996b6e38449d03f6318e3cd676b2eb2fd6bf847f472,48.429,150.534
339f4e04-c233-4cd0-adcb-e57d59f7e0c1,afeedbb4b8b121eda4bec1a22cf82bd577563f0c3aa5ac28b58fc8525f055ad2,42.951,145.517
339f4e04-c233-4cd0-adcb-e57d59f7e0c1,4734f1f562cc147fbb87b69cfa178719522fa031487457851e22d90f459a807f,27.903,136.369
339f4e04-c233-4cd0-adcb-e57d59f7e0c1,b111b0493edafb153bbbbf426115e5c69c4a87ce269160df4c053a6e25684606,26.654,106.672
339f4e04-c233-4cd0-adcb-e57d59f7e0c1,eb4f69f94ed414686a58f6eef38aab194188e0a707714cfd9a3d9cf19cb3d344,28.4,133.55
339f4e04-c233-4cd0-adcb-e57d59f7e0c1,9d5e29b59eb0b4e04a85d3c2d5fe7a7afcb2720521d8afc3b6f461339dd00aa1,20.405,142.553
339f4e04-c233-4cd0-adcb-e57d59f7e0c1,6cc8236ced1c0809cb88f154f2d4e8a0bf1e3fc9cad9061e37cd0b9707c9f97f,38.185,135.96
339f4e04-c233-4cd0-adcb-e57d59f7e0c1,611c967ffb5c734dd544040fc41b1c3a82eaaa6d99d0330061dbefa31bc51f9f,36.959,134.98
339f4e04-c233-4cd0-adcb-e57d59f7e0c1,8c8f5ea4b52240c7ab5b388c6536ba9c44d60b82ddbfe58042aa4643492cb3e3,32.297,138.204
339f4e04-c233-4cd0-adcb-e57d59f7e0c1,6fa2985aecaa89de0a234dff6f20b8d3305bafe2b4074c43c5d08b4bc93bb15b,35.68,127.898
339f4e04-c233-4cd0-adcb-e57d59f7e0c1,f421c0e5dde24f67c7f9a3f960499709b192505ce4f55759d92668664a7e082a,36.815,136.028
339f4e04-c233-4cd0-adcb-e57d59f7e0c1,7077e6b3220ed8fee3040457e64f34900c38b8b12de024c4675ab7d2b5e8e631,56.686,126.279
339f4e04-c233-4cd0-adcb-e57d59f7e0c1,0bd2f9342a4db381acfbe5746e3e763b93d849451f6b59456fc233b79a77d7f6,50.244,115.688
339f4e04-c233-4cd0-adcb-e57d59f7e0c1,9855ab9be3729ece0cd9e07012302b0c5128c73ae245a40460adfa6853b11bde,35.07,146.513
339f4e04-c233-4cd0-adcb-e57d59f7e0c1,2dd3b34a274a44a993ba0a7ec1140f491aa713449bfa8ac0f86f38f0c0366730,31.733,157.193
339f4e04-c233-4cd0-adcb-e57d59f7e0c1,3a2cb3b1b0fefdcf4e69a396bec61cf8706f402a0ccd2e5de02491a1d4404845,33.652,146.884
339f4e04-c233-4cd0-adcb-e57d59f7e0c1,3831dfe345e3c4d1881546409ec6159e63dc803c373c90e0c0cc95d1b56c8741,32.751,135.324
339f4e04-c233-4cd0-adcb-e57d59f7e0c1,ddb6cb084f5d17c518e771915975e3e4df93960de840c612eb0ebdff6eb7983c,31.499,163.265
339f4e04-c233-4cd0-adcb-e57d59f7e0c1,d20e70e5136432aaae7a0b0dca61904c9d6b5af0b51b01d1d64dfe982f410132,35.069,129.795
339f4e04-c233-4cd0-adcb-e57d59f7e0c1,157084f24f0a8f7f1ef3e2fc7e5006aecb3dc983c3dd4075dff6e7c5018a7d76,44.252,137.26
339f4e04-c233-4cd0-adcb-e57d59f7e0c1,ed7a24c72b4d93770baee48b5b4858e248e6665b28d095503d093d841e55cd68,35.602,148.869
339f4e04-c233-4cd0-adcb-e57d59f7e0c1,9392f7c31be49a2fc7392058fc9f3311aea6c7eba97c5600cf13a7d2dbab9564,30.543,148.805
339f4e04-c233-4cd0-adcb-e57d59f7e0c1,9a67824da48ef9820022d33495292e955a8ebb2f39e17131d3e6c2c5cdb9332d,31.911,147.825
339f4e04-c233-4cd0-adcb-e57d59f7e0c1,0cf4a371a8bba875c4fb7b44b9990c93d481ee1170aae1c2d6fe57371d69d1a2,32.122,149.025
339f4e04-c233-4cd0-adcb-e57d59f7e0c1,1182c42108638fdece1c6909005a9c583b6928da7e6647f7699cb63340582298,32.616,143.005
339f4e04-c233-4cd0-adcb-e57d59f7e0c1,bf2bf3eb3e752d3d129520b565e1594e1aa9adfa1eecfd7a59de1cd23b39bf0b,38.691,138.252
339f4e04-c233-4cd0-adcb-e57d59f7e0c1,e4cf84d9ab5f1acf037c6bc116e2003f1187bd01f0493c46c4a3a6b727f2b62b,35.357,161.55
339f4e04-c233-4cd0-adcb-e57d59f7e0c1,947187816c213f64143630f8f03b4a6ecb2119446e5b09cfab8eb36d13325bce,34.412,166.055
339f4e04-c233-4cd0-adcb-e57d59f7e0c1,6eae26fa23b2416c682a1db46da725a4c8aa4f26fca3be7d3c16660ff27ebddd,44.49,117.952
339f4e04-c233-4cd0-adcb-e57d59f7e0c1,cf7f09720c5af3d3a27792e66185ad38c4694684091797a9e053df9eeb0145b4,28.364,136.607
339f4e04-c233-4cd0-adcb-e57d59f7e0c1,239ab6bbce2736e225d4b892b409ccd1d50924cab29be987e81e12d9c0cad191,28.211,80.631
339f4e04-c233-4cd0-adcb-e57d59f7e0c1,2f47637ea6b9abab01c6974a20e94e7afc2a38444c74a9334496355dd39bda29,36.847,142.07
339f4e04-c233-4cd0-adcb-e57d59f7e0c1,3696562cab2d51b1da581078c51ad8861da8f23e4e6227258327a50bf5247038,40.101,146.365
339f4e04-c233-4cd0-adcb-e57d59f7e0c1,663edd32ba29f79bd02e1e77fb99609f772fbf90d9b3121c0f933c3ca9e09b87,38.882,147.109
339f4e04-c233-4cd0-adcb-e57d59f7e0c1,eaa464fe671ccc706fa10de737005f239573dd91c43f6cca94caa9338ac995a8,36.213,157.259
339f4e04-c233-4cd0-adcb-e57d59f7e0c1,578018a3248b3fbfbaff3bb3c97ae7dbcb54fd39e7edfb73bafab96b7d5db34e,44.596,240.592
339f4e04-c233-4cd0-adcb-e57d59f7e0c1,57a55ef88ecbf89aa9a2e741787cdb13d2c5c54af9f7ee031eaa4c44c1353e1b,40.678,152.488
339f4e04-c233-4cd0-adcb-e57d59f7e0c1,5d25894bd5cc298a4321b08bed791bceb0670a0c8d8b29a3df5661871668fed8,36.649,138.763
339f4e04-c233-4cd0-adcb-e57d59f7e0c1,fac661210d7754dc6a940680e71e8b6b6b5c3f582981e74a056c1d5cc2dd8158,35.152,141.133
339f4e04-c233-4cd0-adcb-e57d59f7e0c1,878faced0cda4aba86b42951376119cc9457426d2c1920e6a8fe23f78548a50f,35.837,112.417
339f4e04-c233-4cd0-adcb-e57d59f7e0c1,a21dd8cf650077b404d29eeac210a5285e677d690d1454d5d1625183c8bf1702,26.711,74.437
339f4e04-c233-4cd0-adcb-e57d59f7e0c1,0fed22305c0156ce8d05987e88da8bd9366c4b0865b643d7627809f68815409b,27.658,28.663
339f4e04-c233-4cd0-adcb-e57d59f7e0c1,29ce4e4bafbdad2b1d539362c8dfa9667838a352cb54e38096eadc634e362a20,35.157,138.411
339f4e04-c233-4cd0-adcb-e57d59f7e0c1,e0626d7629ec8a1f428ab222ad52a11a17aa7e0df9a3c0d84289623b1412c42c,39.744,176.719
339f4e04-c233-4cd0-adcb-e57d59f7e0c1,8c19219fec2244dd8f5bc375c1227ec547a5d5989e29476919e58eac012a45be,27.379,78.496
339f4e04-c233-4cd0-adcb-e57d59f7e0c1,c73a4e9d914e334f6be5bcc53cad403d8e4d6b40ed00727c0e1c91142c5854ef,33.674,128.46
339f4e04-c233-4cd0-adcb-e57d59f7e0c1,843a7dcdab50e25bb4ea0e2a9290c15a8ea27c50a6abbf281ea362b32a47e0f2,53.095,57.489
339f4e04-c233-4cd0-adcb-e57d59f7e0c1,143d1579d0721af9e9545c9ec433d897a3ccaddb980827c00716db04c5ac7d41,30.706,84.434
339f4e04-c233-4cd0-adcb-e57d59f7e0c1,b68432806bc8f7e187a39ca1ec5d8c4c124315fdc85cd89f6364c34905c72ba7,35.581,148.831
339f4e04-c233-4cd0-adcb-e57d59f7e0c1,41eb37ebd98bca94c085f3a783f1bff654c2a2c2d2dd938c91699ac55f3662cb,35.929,157.422
339f4e04-c233-4cd0-adcb-e57d59f7e0c1,59c8caa3f3a71ce5dec86158938e42d26f6f765ddb39ead9f2d11123f005fd71,50.586,157.763
339f4e04-c233-4cd0-adcb-e57d59f7e0c1,d354bc1a3f4ff02b09a65ce5aa30914a8defb7ab16b198e20622eb26ac237d20,37.721,143.733
339f4e04-c233-4cd0-adcb-e57d59f7e0c1,f96de98351a02aa778217c15aa920e274a00e51c5e84355a177a45a71e9ba7c1,35.525,137.161
339f4e04-c233-4cd0-adcb-e57d59f7e0c1,4a57cfa2929f59133d9b1a9f3ac9ac4c25e41e4b7d93a60a2b2850a5eab38040,52.556,150.312
339f4e04-c233-4cd0-adcb-e57d59f7e0c1,3baab28784c104926e41318abc2b4851e96e012a47d4d7ad87cd51fa55e28af3,27.991,78.107
339f4e04-c233-4cd0-adcb-e57d59f7e0c1,3d068a8d3c96fbc9d214b0f1be3715f374b55ec9d319e3637b7469e6ef55e1c8,34.97,159.734
339f4e04-c233-4cd0-adcb-e57d59f7e0c1,53ccb5db9d9a81ea32ac5ef3afd1eeebf65a43e198dcec812157e6c24cf6c3ca,35.838,145.09
339f4e04-c233-4cd0-adcb-e57d59f7e0c1,5882aefbecd34a7132853874602c4ff74bdccbe0a5e19ebcbb83660635dc7385,42.279,44.43
339f4e04-c233-4cd0-adcb-e57d59f7e0c1,0b8d82e00805355c69ef4a8ab11048a8c7c1809ba0a9578426f7d4443593ce2d,34.068,126.936
339f4e04-c233-4cd0-adcb-e57d59f7e0c1,8190c529b79b56d5ee49c1651f39cf9def910cedda73cab9fae3435a9dddcd38,31.607,76.664
339f4e04-c233-4cd0-adcb-e57d59f7e0c1,6e5754ed997c839b60b613153e77194751aacbfc800767a353124caab24e0adf,30.951,75.809
339f4e04-c233-4cd0-adcb-e57d59f7e0c1,e35264890b213dcc4e713e985e174e6e63377354e90450147584e9ca9e5f5a49,32.987,137.014
339f4e04-c233-4cd0-adcb-e57d59f7e0c1,cfe3fb20e917b35faed76e3d41ce8b9f2e4fe51b21c1e3691ecc6e203d584dbe,30.842,82.652
339f4e04-c233-4cd0-adcb-e57d59f7e0c1,8e4764321c81c298c2f220baf8e9cc5b962874a590e0acaa9260c18c7d34469e,59.233,119.639
339f4e04-c233-4cd0-adcb-e57d59f7e0c1,5fba54dadc29d52c76d4cb5e28ba7c8b56633eef054dc95428e814e5db45384c,35.118,138.936
339f4e04-c233-4cd0-adcb-e57d59f7e0c1,605504d26605640ab42626e5eebe815eed873c565a0ddc2e53b69880d10df5bb,78.887,148.679
339f4e04-c233-4cd0-adcb-e57d59f7e0c1,2a5d18a8fed4c84ae89191d4385a287ba763d2e612eed671d30a364971960be5,39.473,147.522
339f4e04-c233-4cd0-adcb-e57d59f7e0c1,671c91ece3bb9d9b8f1ae4bb2a3a9ee6795e54dc1bb010facd0ce40830e76d5c,36.33,122.78
339f4e04-c233-4cd0-adcb-e57d59f7e0c1,93f5c8402cbca7ed931b7685473b5f02d9f949832c7e916e78dda86200812887,36.436,166.381
339f4e04-c233-4cd0-adcb-e57d59f7e0c1,bd66e96fd67c1e7605d66b3a5df33f4a818ac240e56a1758b2505ca20792605c,77.815,147.036
339f4e04-c233-4cd0-adcb-e57d59f7e0c1,e189df61e770d727563d562d4650d1a8d4f7fce714fd2739d3729127a1c88ec0,86.511,190.898
339f4e04-c233-4cd0-adcb-e57d59f7e0c1,da0a89442dbe2750786a8978ceb6419ac969a2492fc1a04f9df83b8ca9b4685c,95.127,155.282
339f4e04-c233-4cd0-adcb-e57d59f7e0c1,aacf3418ec48311bc7011fd94c71a0f52a0f8cf5368883b1f5d0a6347c1f11e9,25.161,124.046
339f4e04-c233-4cd0-adcb-e57d59f7e0c1,57bad76f570872987f3bede85dff2d100a09f882abbd16f984a30952897766ab,37.062,145.287
339f4e04-c233-4cd0-adcb-e57d59f7e0c1,a6d61ae572be1db82ac602b929d0a538eaa7ab10f2206d64df20bab4ebe5ed77,35.718,152.461
339f4e04-c233-4cd0-adcb-e57d59f7e0c1,7ff976bccb30916e1e971f7533866472e549537ee83e842f196e69750b912643,47.101,169.262
339f4e04-c233-4cd0-adcb-e57d59f7e0c1,2237cae25dbae9cf526b6b18ec2c201432c8e4a46d25c32930a38f7241748ebe,33.596,161.033
339f4e04-c233-4cd0-adcb-e57d59f7e0c1,165dcf6e6dba34644c38ec2b8413ec1a766f2ddbc13c661223d455d622099f8e,36.286,157.251
339f4e04-c233-4cd0-adcb-e57d59f7e0c1,ee235027321cd15872233800a8a8c35120010617c99a5fda80ab461ad20f506c,43.181,150.005
339f4e04-c233-4cd0-adcb-e57d59f7e0c1,9ef481a4a2ab1578455a6dbbe717caa59199fbad6cadfaa0b5e3826fc876d760,34.627,155.908
339f4e04-c233-4cd0-adcb-e57d59f7e0c1,4bba4f25f32f7a362a13bee034b87115d923a122198af00c986deef3e99743a4,34.408,130.28
339f4e04-c233-4cd0-adcb-e57d59f7e0c1,8265537cebddd0faa9fac278ea995de1c4e0b7a25e8f305ea4a71c2e43d6901d,36.462,135.821
339f4e04-c233-4cd0-adcb-e57d59f7e0c1,28784b27e14490a4744300d958b6c9dfa8bf151e74c728f28ffbac565d97393a,34.06,55.998
339f4e04-c233-4cd0-adcb-e57d59f7e0c1,f6cb5b26d44f7ce5064fe362e0ea207580787738459cf7012e8d85966180a705,34.578,117.97
339f4e04-c233-4cd0-adcb-e57d59f7e0c1,a3b5a2494b03952d0a641cb6d82447a01eb64cc7fb9b9e98dda5d5d2338ddee0,26.972,71.082
339f4e04-c233-4cd0-adcb-e57d59f7e0c1,809b1f3a8c308c5cc6fe798afcd7e55b65a14f6da3be7964ab6d7a3af1647677,26.972,71.082
339f4e04-c233-4cd0-adcb-e57d59f7e0c1,c3ffdda7706d2e76a6140613f0086835a70ed8798944b1f9fd9d2b46145d36a6,46.734,132.104
339f4e04-c233-4cd0-adcb-e57d59f7e0c1,3dc0c786f2c208f74ea392b48ba860b5b49e3249d8353ba521b2ca968634643d,37.815,154.769
339f4e04-c233-4cd0-adcb-e57d59f7e0c1,c29db470cd2bf86cea09d36e20d9c6df17c9b1007bb0481d988f4638dfcc26eb,44.242,130.883
339f4e04-c233-4cd0-adcb-e57d59f7e0c1,ea01527965bb8fc617b758bfd11bd2a9b683caac2f70ad31138de6890b8ce61c,36.1,111.103
339f4e04-c233-4cd0-adcb-e57d59f7e0c1,bc3055d0355c14bed7060e606403811c299c400b4716a3b678425270b4e46b92,36.286,45.511
339f4e04-c233-4cd0-adcb-e57d59f7e0c1,13bca14358f001057b4393f5454826ed0baa44b44c50ed62f2f5a78cbf29e420,77.61,137.873
339f4e04-c233-4cd0-adcb-e57d59f7e0c1,f1860f0caf5ed279fd61c51dad612f115ec1b1fda3d152e1fb571fae049f1018,47.815,112.753
339f4e04-c233-4cd0-adcb-e57d59f7e0c1,c235452329f78c41148479383e3bad5d9d1c877b66e919093a1c20717ead7163,43.173,117.042
339f4e04-c233-4cd0-adcb-e57d59f7e0c1,c4cf8a83b14270573b6be0a51ac4a0532338b2a105d101b2c101edf9275aadae,32.38,146.741
339f4e04-c233-4cd0-adcb-e57d59f7e0c1,035669144f9d7ded0f83bf78cc9a6438fd976b08daa8500f948b9a6f7659d5b4,52.021,131.449
339f4e04-c233-4cd0-adcb-e57d59f7e0c1,c823da7482ba724116f2c0108d0b3f9d48571410d86a5d29ad70ce496de20d32,43.448,166.646
339f4e04-c233-4cd0-adcb-e57d59f7e0c1,6fad533eb08eaab01e5def86de2c66da39495e9a89ba499251072189fa9d1f8d,29.158,133.075
339f4e04-c233-4cd0-adcb-e57d59f7e0c1,72e6d106ed07cf4dbbea2ddf6f7116be509b01cd44f21e0504f181601c8745bf,22.244,125.329
339f4e04-c233-4cd0-adcb-e57d59f7e0c1,bc04e4e68db98278d16a7f66cc1a212a21e346d9ef0e531b09282bf436934331,57.194,135.075
339f4e04-c233-4cd0-adcb-e57d59f7e0c1,d41a51b05a8093024661211d4e7ce3644fcd4aceb589e2d20666cc82374e9b97,33.871,106.749
339f4e04-c233-4cd0-adcb-e57d59f7e0c1,43c68901d5a16c0c87eec087cdac060f3f69e235991d8715d4db0225c6989082,25.989,141.294
339f4e04-c233-4cd0-adcb-e57d59f7e0c1,e0b6b09eba3757c0372cd30f0006b41dfdba36c4bbc01964ad726015b8a8d83c,43.465,164.493
339f4e04-c233-4cd0-adcb-e57d59f7e0c1,dfa7ac27799c955e0b670a3a709887d169a35deae9af6b206478a21b5f140373,106.62,142.525
339f4e04-c233-4cd0-adcb-e57d59f7e0c1,5cb9fe48916aa2d74a51315418890a0f0840798fbbc4fd4a59ecbb0e8676ad43,35.245,143.027
339f4e04-c233-4cd0-adcb-e57d59f7e0c1,8305ea38f03ed90a5d3743b932b83451bf38fd4bc2de8ea1bd8b42aab62465da,37.388,113.585
339f4e04-c233-4cd0-adcb-e57d59f7e0c1,82778ca1825dfb602811f98664328fdb01a6f16812d01bf4f90f357fd67441cd,37.096,141.085
339f4e04-c233-4cd0-adcb-e57d59f7e0c1,aa7d5e9f5917f08dd9f8766b18ae86722418b09b9b49e23ae72ef6e33da48909,33.014,142.976
339f4e04-c233-4cd0-adcb-e57d59f7e0c1,eda7ebe08cb044120a6ec7742c63c49c0efb17c5e062d30f396c60742265ab6c,32.536,128.717
339f4e04-c233-4cd0-adcb-e57d59f7e0c1,06d44cbded4bee131908cac90b773293e3353d7881950d77cd661e78e694ba5d,90.095,140.765
339f4e04-c233-4cd0-adcb-e57d59f7e0c1,4290deaefc65ccee494c65c8c02fa90a7c75c3c2a67679604c90deecd047f74a,34.844,127.199
339f4e04-c233-4cd0-adcb-e57d59f7e0c1,f72f5c78a089cf737086088a1555d70be3f566306a1403eb98e0a5e64fdf2850,34.858,154.748
339f4e04-c233-4cd0-adcb-e57d59f7e0c1,c18c49cb848af68e9f585076cdcd781f6b457329689b1780b87dd78bf48bf951,34.683,122.667
339f4e04-c233-4cd0-adcb-e57d59f7e0c1,137189468cdd4671ea8067f184c69e2e5fccd4aaec83c35da85dcbf59a977cce,33.034,152.333
339f4e04-c233-4cd0-adcb-e57d59f7e0c1,80319cc73f3165a22920a680144b1ad44bc6f70085fa20b6f7f074fe6670fd36,97.525,97.947
339f4e04-c233-4cd0-adcb-e57d59f7e0c1,9ce4c55cb9f0d9d9e2f4bca9ee596826a34194a350cdadb58eb13067641a625b,36.304,136.415
339f4e04-c233-4cd0-adcb-e57d59f7e0c1,906c0ecb8218d2402498f4ee88f0c76c16a366c3d3ec61e5843e9c3a5d242f37,27.749,77.855
339f4e04-c233-4cd0-adcb-e57d59f7e0c1,3967aa6f5134c1bf9878f966f93a4ab2a02618911284468a303638b8942065cb,40.924,121.664
339f4e04-c233-4cd0-adcb-e57d59f7e0c1,de2f1810ddb3e90b97fb4f329d41cf5c5cc8c3ce2c3facda60bda9bcaba7b731,42.334,139.537
339f4e04-c233-4cd0-adcb-e57d59f7e0c1,165ffab62026fd59bcaeaedba42e1ae6f8d89cd852495886510ad27b075449d5,24.252,162.579
339f4e04-c233-4cd0-adcb-e57d59f7e0c1,6aa19cebcf6369cbb046ce971bdeb7c0e343e1c8d873b62df0ab5445f2ba37ee,61.536,126.135
339f4e04-c233-4cd0-adcb-e57d59f7e0c1,ec3c0f2cdf413a889ad93c95b26b7db58ddb4a4a44bda0e13532876494e41af3,36.0,139.452
339f4e04-c233-4cd0-adcb-e57d59f7e0c1,d67d89cf7fa91b5034db5598c838ba46264bdc53ec02a86b6d2f0da05bc1730b,42.51,164.82
339f4e04-c233-4cd0-adcb-e57d59f7e0c1,8a092e2886868dcf1554ff7463225a8c6afe5ad2fd92a9a87aa2f7aaa370133e,35.809,132.618
339f4e04-c233-4cd0-adcb-e57d59f7e0c1,b9aeb52d553ea8b5d923ec820b119359267fe5f1118ccf662161574b822751b4,116.628,132.307
339f4e04-c233-4cd0-adcb-e57d59f7e0c1,68ecc2e73f40e9ed014b5e00e4bfd819c1aa76975a508150f55fd1b29ffefa85,32.191,146.34
339f4e04-c233-4cd0-adcb-e57d59f7e0c1,3db177019f2d15cce4dc9dea438566a4b9ab7809ba701a17781d50892f793c2a,28.158,81.042
339f4e04-c233-4cd0-adcb-e57d59f7e0c1,9363e53ce8452f4aade322ff6f8bada57fe4de2d71700c2e9f89874e8c18175b,35.089,116.254
339f4e04-c233-4cd0-adcb-e57d59f7e0c1,bdb495a23f97729d40e07804dd78199175fa06c865e5ed7e416a8cb1728b8356,34.89,140.734
339f4e04-c233-4cd0-adcb-e57d59f7e0c1,58040a9b1611b9dbdc924bdb15a8ea92d96700156d68e2fd8587670745b7caaa,33.971,139.941
339f4e04-c233-4cd0-adcb-e57d59f7e0c1,f48c3c36824722a2f756f1b886f640e6ce9cdfb5fb2d7b50a21226175c5f067f,40.528,144.401
339f4e04-c233-4cd0-adcb-e57d59f7e0c1,797654a5a676127c4c6070ad6cb0739419fbadc0b128c1be4df1778962525786,40.967,144.127
339f4e04-c233-4cd0-adcb-e57d59f7e0c1,7b998c180d6ab4b8c2e795f290a71842c150598bf45701afdffe4cfddd58df7c,31.971,154.532
339f4e04-c233-4cd0-adcb-e57d59f7e0c1,45530309220cdee3b55f27840716d1a1d28344d1626bc21042885a2df4cde8ec,47.957,174.468
339f4e04-c233-4cd0-adcb-e57d59f7e0c1,ead66751acbc7e705ad70cf50736ef4eb114473ce51d138662e639bceb4b0a04,42.799,127.099
339f4e04-c233-4cd0-adcb-e57d59f7e0c1,f17080ba05610e489a4ac1871f2b120eecede1a1b8da52c497a9afa598b5adc1,44.548,134.237
339f4e04-c233-4cd0-adcb-e57d59f7e0c1,ffd781d21bfbdd3ba649b31e4b33f9ac69851782fb9493c7846d25cc0ec35ad8,32.991,146.43
339f4e04-c233-4cd0-adcb-e57d59f7e0c1,d3166a99d4e71375b501d5ba606ea43a2c9ba585508de1c46d4d4589f6f48d4c,42.454,147.7
339f4e04-c233-4cd0-adcb-e57d59f7e0c1,34df5f0838a61fd28df509d74895c2fe9c97dcc955298c5678bd5a1f99fd671d,45.856,152.376
339f4e04-c233-4cd0-adcb-e57d59f7e0c1,052e7bcb21f37a9c20f7dca1323e8f12940c6ef79b06e04b88eff6861d0c717f,37.419,153.273
339f4e04-c233-4cd0-adcb-e57d59f7e0c1,83be68c26acc307f5127655333fcd5e36c63947c5a49c548acc79d290632c70e,36.318,150.834
339f4e04-c233-4cd0-adcb-e57d59f7e0c1,5357e3fe52fd4be4767384007c93c8071e60435d0f7a26883e1afb268fcccc51,32.905,146.966
339f4e04-c233-4cd0-adcb-e57d59f7e0c1,9224b0b7910badc888fbc33fbb12539c3b1125e28a010b35f2f1fb54123b183b,50.791,136.827
339f4e04-c233-4cd0-adcb-e57d59f7e0c1,355816d7cbeaef2c29550bdc6943741d61fb73828c06832f770a6930b696b49b,24.741,139.579
339f4e04-c233-4cd0-adcb-e57d59f7e0c1,f1e32d7106edb72025707e378ce3f9b704d07c9d1c887e9360bd8294789db17e,33.282,139.116
339f4e04-c233-4cd0-adcb-e57d59f7e0c1,c1739c8c2f4f3918b3475e3cfb0884b88535d159304304fda3f0e191d2924306,32.459,150.365
339f4e04-c233-4cd0-adcb-e57d59f7e0c1,e8403c73e3bd8a100c5f960f3b27dd82f7f4218330e3a266254ece066511ef90,41.354,111.197
339f4e04-c233-4cd0-adcb-e57d59f7e0c1,088f8e3a82bdfdce022d21c016ffa7677d41f31590d52b5a40b9f048de9fc77e,50.568,136.476
339f4e04-c233-4cd0-adcb-e57d59f7e0c1,0ee523f3e6ed7e7cde6d3530ffb86698806656cc35fa9fdd3d5badc00a874549,89.876,162.65
339f4e04-c233-4cd0-adcb-e57d59f7e0c1,34d2381b9cfe5ac5182fa3dcf30b55c123f2b99fd757b372b249fd6521852d10,28.909,90.359
339f4e04-c233-4cd0-adcb-e57d59f7e0c1,0b2611d40738fe839e45c7a55ac251713df4c2f3f8d03d94aac208649a72aa38,37.402,148.289
339f4e04-c233-4cd0-adcb-e57d59f7e0c1,a49f2f7c62517b74c9412e395d36153dcf13006318781df26dd14de5c6177f59,33.849,150.6
339f4e04-c233-4cd0-adcb-e57d59f7e0c1,f680301f028841d83dc5a2b589abee7188de0ab56fdba248b2181cc6faaf0221,26.16,41.433
339f4e04-c233-4cd0-adcb-e57d59f7e0c1,79479c89dc9d3d574f5db58df89d3be2ead0c1dafcd919940515f40ea7da6497,32.066,146.153
339f4e04-c233-4cd0-adcb-e57d59f7e0c1,05127476ab78e8205c4aa1e074b985b1b1f3fd77bfaedd9c66e7db851861c225,26.474,71.55
339f4e04-c233-4cd0-adcb-e57d59f7e0c1,519ac464a545fff085a4334b914495dfe9d438a2b3bc46b93981791e3c36dff0,44.824,138.13
339f4e04-c233-4cd0-adcb-e57d59f7e0c1,180f918e5c0ce98d253852d75f828423d566d39d12e009d87befde77bd1d52a7,105.752,170.33
339f4e04-c233-4cd0-adcb-e57d59f7e0c1,098b954983b6b8a188d4e9507ba36a579de4774138ce8b25c662611a9f05d8c8,98.0,98.219
339f4e04-c233-4cd0-adcb-e57d59f7e0c1,4565e9323a02d05be9bae743dc6be9fd6f8852585422683621e55ea55db34af6,33.011,91.522
339f4e04-c233-4cd0-adcb-e57d59f7e0c1,e04d570022caa2a937d30406251381763b7c584aade2da41f9821d5bd30d8cd9,33.046,132.437
339f4e04-c233-4cd0-adcb-e57d59f7e0c1,d6ac4b4237be5ce8306fb0f6bd8956091d7230e32986368527f7fb3b486c0775,59.049,143.986
339f4e04-c233-4cd0-adcb-e57d59f7e0c1,4291772f4d6152fedc7c630477e8d9c07a12f05567ae0519a32e6cf7475c60cc,68.845,114.221
339f4e04-c233-4cd0-adcb-e57d59f7e0c1,5620707febba2a2a813295704d360dab102230f2700307df0cb7ab3ef9cafb28,35.028,124.834
339f4e04-c233-4cd0-adcb-e57d59f7e0c1,3861c11bb3b6be444a138cfc261717c37fddac3e787813e307c6dc6e135ddc2c,29.347,91.065
339f4e04-c233-4cd0-adcb-e57d59f7e0c1,3065b68cf60f18894462740ecce5c7e16463179723366f5789f0dd07f0ce23e9,65.881,129.044
339f4e04-c233-4cd0-adcb-e57d59f7e0c1,08f3aaebb38db72f67e07dd6904b08035cc893bbaa639be836a24346f381f06a,32.504,135.196
339f4e04-c233-4cd0-adcb-e57d59f7e0c1,911f31e4606609e76580380af1575cbef782c957f2368777a3a657f0dbed65fe,33.104,133.583
339f4e04-c233-4cd0-adcb-e57d59f7e0c1,871a7829eb24c897634d3b4c6db87b9f8dad013005fe1bd33a1c8f5e1a78bae6,28.248,104.945
339f4e04-c233-4cd0-adcb-e57d59f7e0c1,f03c1746ff3e619d5092e77b3bb749d0d650a39bbf2d47dff977a4d75d58a073,38.453,147.106
339f4e04-c233-4cd0-adcb-e57d59f7e0c1,e82ee8160fadfcbcf99756c4eeb5c212e68d46d5a5a85c24201b6317c18482e1,36.588,136.676
339f4e04-c233-4cd0-adcb-e57d59f7e0c1,f1a0ec8852102289ff7e687999767728827addfcf8a5586b90f19110b8e3c32d,35.383,137.28
339f4e04-c233-4cd0-adcb-e57d59f7e0c1,3c54c1ae0b1b944c69d0c4092efa932b6e8fc427e18c9c951bba6148c503a172,33.778,133.138
339f4e04-c233-4cd0-adcb-e57d59f7e0c1,71832c06d77d2cbb48ebca75a5e490c177499c406684f60381ff97eed10aa29a,32.723,145.892
339f4e04-c233-4cd0-adcb-e57d59f7e0c1,8675a1a8452df6e9079bd566bbe7777f681fa5ecee46bd372edeba49b4f92b26,34.929,133.589
339f4e04-c233-4cd0-adcb-e57d59f7e0c1,7214b95374098e665a586e076c95bd88bc41ee88db6eff792779797d0424d140,33.249,135.149
339f4e04-c233-4cd0-adcb-e57d59f7e0c1,407752a1ad37e51d6a96c7606e3e193119a757e75300b36d48b8fd05b1e66667,34.874,163.014
339f4e04-c233-4cd0-adcb-e57d59f7e0c1,8beded38daab14813cdfe01d7798fab8ddf93827bd27e14ddb67453df40fba60,34.826,127.387
339f4e04-c233-4cd0-adcb-e57d59f7e0c1,dd3e2e0d8c43a7765acd42ee26eab56a8640578367cd021a0860ef1ca7c08bfb,27.64,73.141
339f4e04-c233-4cd0-adcb-e57d59f7e0c1,e16aaaa0538ae6f999efb99169f247ed396d3501b6a2f3555448468fa467ab28,37.396,113.067
339f4e04-c233-4cd0-adcb-e57d59f7e0c1,d76587f723a36ff980f1f5c98129e23bf3fb220a737b1548c283b7648c604604,44.925,113.958
339f4e04-c233-4cd0-adcb-e57d59f7e0c1,244c0a0a0992432318c6853f3348efa241948360bddcc76f755e27a4ca106cbc,43.649,125.826
339f4e04-c233-4cd0-adcb-e57d59f7e0c1,a9721ce969f262d9c7eee8404d9635a753474555465ed2bea9e15b7cbe73262e,32.117,139.214
339f4e04-c233-4cd0-adcb-e57d59f7e0c1,63e6c5578e4735ae3380803089269c767a0669979d6f41850db69c6f2eaf5c70,44.607,159.305
339f4e04-c233-4cd0-adcb-e57d59f7e0c1,b30dfd4f0f3d7763ac9ca6a4da1e669f33d7ddc072e326d92dba5b9e7ef2c956,35.717,134.567
339f4e04-c233-4cd0-adcb-e57d59f7e0c1,5d2a5eae8b027f25f49a66acf2bb16c97e409b8c83aba57cbcb4f4d32fefb44c,50.133,125.25
339f4e04-c233-4cd0-adcb-e57d59f7e0c1,2cce29217850ca208d0875a8b639ddc6c37774350f5649e521b62cfdbb43ebbc,40.433,147.261
339f4e04-c233-4cd0-adcb-e57d59f7e0c1,fcf2932cf7cc53941ebd94359a5bd0eaed2346e99fb6d5f937fcc17ed218b947,35.637,156.732
339f4e04-c233-4cd0-adcb-e57d59f7e0c1,b1cbc70f9c7e4304d871f50da399476e2659adff20628a635d31a6870b0ce788,35.686,118.064
339f4e04-c233-4cd0-adcb-e57d59f7e0c1,7cadabed8a778086c2ce86484f23f1896b278995ae4b2b56974804698dcfbedc,39.446,136.175
339f4e04-c233-4cd0-adcb-e57d59f7e0c1,04868d8a52ee4636ccbd5b4e87cf77cc0dbb480f13b6b73dcb72b9f0ec4d89ce,43.163,152.495
339f4e04-c233-4cd0-adcb-e57d59f7e0c1,7c166a11f4876a8f35bd4b89365e41fdb00d555c6b675edfde1f376af398db00,149.464,199.041
339f4e04-c233-4cd0-adcb-e57d59f7e0c1,480bcd53a94fa759c066659f48b5e6eff85702bdcad68014dbf74b01c43c46d7,26.968,77.543
339f4e04-c233-4cd0-adcb-e57d59f7e0c1,c5b9fd9e6b1a42875f53c26236e2987ab3d09f9ee702cf542a96c874ee5d2898,41.164,111.919
339f4e04-c233-4cd0-adcb-e57d59f7e0c1,ae1a429f1c2d7410b0b37b4b2849ef4ff31633e7751503a95de014f328550b22,43.266,123.743
339f4e04-c233-4cd0-adcb-e57d59f7e0c1,e41db7e478d35bf0e41ee58878e2a4d76a48ec15125a8f119cf31cee49abbc37,34.269,119.156
339f4e04-c233-4cd0-adcb-e57d59f7e0c1,329c7c542b48be5d20e4050a5ddab9c69e0375836a52cfcd597bd57dc9348c30,37.918,149.926
339f4e04-c233-4cd0-adcb-e57d59f7e0c1,8e3d79b9090116ff2dcb9b2484afb828d53d772cbf839fcd4495469a8306bbd2,33.653,144.068
339f4e04-c233-4cd0-adcb-e57d59f7e0c1,7ad1425bcd8f1c2dc389e35c188a2cc15347f11badb38fe8a2ab814e74229bcb,27.904,139.887
339f4e04-c233-4cd0-adcb-e57d59f7e0c1,cfa494c56b2590f57ba91c8bd6ba82bbac45bf8539a18d734ddbd7b7013d077c,27.912,140.121
339f4e04-c233-4cd0-adcb-e57d59f7e0c1,c9974cda1320620b84c6546399535a761a3e97110935d780e478df127896c3df,32.983,116.488
339f4e04-c233-4cd0-adcb-e57d59f7e0c1,59d03bf1788ad1cfa0882de3002e74eaa0e44163579e2f9e5406b91c9533b493,45.577,158.275
339f4e04-c233-4cd0-adcb-e57d59f7e0c1,2f676cac002421aacc7ea07e104821beca6756bb5a0890ea18bb971ee69e6580,34.973,148.117
339f4e04-c233-4cd0-adcb-e57d59f7e0c1,9100d6cb8c3f7dbea297d288c7d5824aa823249f9f872c0cfd1d68488dd8be48,44.976,118.453
339f4e04-c233-4cd0-adcb-e57d59f7e0c1,8ff2d4c71dc06da1267660a6f381188a92c39e824b8686e38904c5e90af0989a,33.589,137.086
339f4e04-c233-4cd0-adcb-e57d59f7e0c1,60fad6bcc67169b180407403dfe6992ee6b85fe3dcdb6f950092212905130577,50.508,26.763
339f4e04-c233-4cd0-adcb-e57d59f7e0c1,1f51f15b52d80bed5f81ac3cab9e82e2c245164e215f6db2acfc59bbabccbbaa,28.796,136.067
339f4e04-c233-4cd0-adcb-e57d59f7e0c1,880234f280280e018482e2462849c4be78f5b30447121ebe698be4e309eadbe5,31.3,80.422
339f4e04-c233-4cd0-adcb-e57d59f7e0c1,6f4713c5c9588ab8d07964171a911b9078c693f31087aeba4225242f6d48d0ed,72.436,144.014
339f4e04-c233-4cd0-adcb-e57d59f7e0c1,6707755ae8fb301dc91ce7cc1da81625d6e1a68a64d54ec4da16fc1e7aa8b284,37.513,98.252
339f4e04-c233-4cd0-adcb-e57d59f7e0c1,349b37d7d63a25f2d576b97a58e9ba9a74196e934d03ea19529f1795adf152c6,31.3,80.422
339f4e04-c233-4cd0-adcb-e57d59f7e0c1,39693db8f0aa92cb9c83f9c054ead2284b07b9b6b034f6ac1f3707b0ceec9596,33.045,138.732
339f4e04-c233-4cd0-adcb-e57d59f7e0c1,0b33b453affa6e2422ecd5d3860a81de14f04551d4cd954c2677d1a7d25ce548,32.746,132.856
339f4e04-c233-4cd0-adcb-e57d59f7e0c1,711d583ebed40763bb730e59f514ae31cc700a0ed719bd577c1d3ac7f87bbd3d,33.225,139.011
339f4e04-c233-4cd0-adcb-e57d59f7e0c1,e7e58b1ba202b43261fa2684f586bdeb304e2f12c16d0da6ee5cd955fa374bfb,31.607,153.811
339f4e04-c233-4cd0-adcb-e57d59f7e0c1,d216a27ed8e8189986a685a9d9d0b4a0647ccd5cf7ba5328852241e6f74b12e2,33.406,144.846
339f4e04-c233-4cd0-adcb-e57d59f7e0c1,4eaa7c91733bd24043bacdebc32186118de1de4b9c3555ab0be32e36a19ba334,76.453,128.618
339f4e04-c233-4cd0-adcb-e57d59f7e0c1,131aa003ee77ee36083a01a107512b2ec00609d1c2dc6341271e52fad87db04a,35.242,148.549
339f4e04-c233-4cd0-adcb-e57d59f7e0c1,83ca65f2752132b0c7c969d12464445a5db666bb171eaa57374573eaf91c1d89,66.781,139.82
339f4e04-c233-4cd0-adcb-e57d59f7e0c1,0966193670c7a8623df933a9fb3cd6270662e2a6b0f6866680f56e6d66855e18,32.449,148.502
339f4e04-c233-4cd0-adcb-e57d59f7e0c1,ff091efb6e6778b4021f594493929126598c7b88e855d044615fee522ac951f2,32.449,148.502
339f4e04-c233-4cd0-adcb-e57d59f7e0c1,a580ebb7de2c7d8b09a060b50a5e24f44d09ce6e4ebcccf05e9e794d0083b412,35.756,136.77
339f4e04-c233-4cd0-adcb-e57d59f7e0c1,8c912fa07262263f4299234d5007b2944238c6ed9cdbba6884ed901b3fd99f56,36.561,174.845
339f4e04-c233-4cd0-adcb-e57d59f7e0c1,5fe6bee6011138794dfd14979f7477a5a562a683c36fd96a23497d2f01151484,67.304,116.267
339f4e04-c233-4cd0-adcb-e57d59f7e0c1,7aece236c043acacead82f79bde251c2c12b337cde296ffafa93160c8a1cba6a,39.061,107.834
339f4e04-c233-4cd0-adcb-e57d59f7e0c1,612c167047ffd0d19cb0e4f40bb5b6105a4c3954c85fb1480f531c7a5cbe0cf8,35.122,135.628
339f4e04-c233-4cd0-adcb-e57d59f7e0c1,8e613e3acb05542f240677f3af15e8e7826e0585ecd585940403baa372be9e73,53.387,131.009
339f4e04-c233-4cd0-adcb-e57d59f7e0c1,7d7ef83db57356395a6622d6f41ce7026fc9a0f6e192fd94c37e3e7aad2f34b5,36.481,149.953
339f4e04-c233-4cd0-adcb-e57d59f7e0c1,c024dfab45c626203fa87c688339fcfb680a592770701f03bd3ffe24cdebce57,33.882,135.766
339f4e04-c233-4cd0-adcb-e57d59f7e0c1,4fc8a70841feb4d37690ea4e45d5d8aba70b02f3ad7a85bc39cc2e4f00df42b1,32.636,153.966
339f4e04-c233-4cd0-adcb-e57d59f7e0c1,9c795d582c038fb03205aa149f7b8f16904b825ba7cffb82da5b6a26f50a2f39,34.604,139.305
339f4e04-c233-4cd0-adcb-e57d59f7e0c1,711dbc2c75339fce760978327d53f2e0920e0e7d86dae4098e6a29c3eada3a6f,35.031,144.14
339f4e04-c233-4cd0-adcb-e57d59f7e0c1,8042e82d863dad11d0d837a3a13883efe0f7daa56eaff8f5db401807fec343d7,27.508,77.354
339f4e04-c233-4cd0-adcb-e57d59f7e0c1,763c1b3f7bb930119a343ba7b9a2578e960d724e5393c67968f61fc9b558786a,33.59,129.47
339f4e04-c233-4cd0-adcb-e57d59f7e0c1,55cf4335ddd683c36ce4b7e54761eb07c0da515c8be05abcb3bb91f8dedf551d,33.813,119.427
339f4e04-c233-4cd0-adcb-e57d59f7e0c1,72b8213a0a68d7b8d2e5c6bbc0291b506653d4f293d7a49a301dede4fca9ba65,42.991,124.347
339f4e04-c233-4cd0-adcb-e57d59f7e0c1,a66c8be693a35672c4420346145c8b6266e9d1b7786f90af570ec03b97b2b67f,27.61,80.711
339f4e04-c233-4cd0-adcb-e57d59f7e0c1,5322df7d6114309154f39c4ae8266e0538b1e699bd3a95f36dadc5e4742a49c5,41.2,151.011
339f4e04-c233-4cd0-adcb-e57d59f7e0c1,6d6825484a84108d04c1a2168bbbfb7adcd8d8ffc75fc63b5060fabdc60d3802,33.54,128.738
339f4e04-c233-4cd0-adcb-e57d59f7e0c1,1f59668b8557f36558aa0ee049829ed269d319cac2cac8af8e27533e220673a4,33.484,38.636
339f4e04-c233-4cd0-adcb-e57d59f7e0c1,0798839cbe7dc15f013290cb17496c671e949dcf72496b80a0a63dd621310eaf,45.787,106.715
339f4e04-c233-4cd0-adcb-e57d59f7e0c1,df96255d70c2369ef0bce32cd8588c0300edff0477f8fcedc0c0e7a792149157,35.608,147.665
339f4e04-c233-4cd0-adcb-e57d59f7e0c1,b5a010df0d6b30d6a1ffc2f18ecaea729743c0738393f3aeb7357162173ed13b,114.416,134.323
339f4e04-c233-4cd0-adcb-e57d59f7e0c1,9e0981f06ac0259b4ba97814b36a638f546a976de61824d84b222c13d6a9c83d,40.715,123.0
339f4e04-c233-4cd0-adcb-e57d59f7e0c1,74f198143de9739daa1755e0c23eaca3e9e1595ac1fbef5690ddf4cc3e4a2801,29.372,136.016
339f4e04-c233-4cd0-adcb-e57d59f7e0c1,c4d18770ff17d88ea5e015ce0efa7bb728b6c10673102fb8e1f0564da6c18bb9,28.812,134.749
339f4e04-c233-4cd0-adcb-e57d59f7e0c1,f87a63a38868a6edd39bf26aa693fba7bc3c40b39aa888c03873ece695700653,59.453,112.115
339f4e04-c233-4cd0-adcb-e57d59f7e0c1,0948892600fb1089dd25b92ca5f99ff0fa3d67fa8e759b071f304b7326476ebd,29.357,135.202
339f4e04-c233-4cd0-adcb-e57d59f7e0c1,5d468d3637c4ac61814af650d2d8f42239409ee280d2ea66ad177905813a9c8c,78.652,142.875
339f4e04-c233-4cd0-adcb-e57d59f7e0c1,ae6a2c926a3a8087497721fda3d0e64be07fc8133054b43015682ba2f66fba67,38.92,132.299
339f4e04-c233-4cd0-adcb-e57d59f7e0c1,9c0730095e3d3bc521199c0bc96bd2f0ba998948f1545b4feb3b5200db891012,32.353,143.793
339f4e04-c233-4cd0-adcb-e57d59f7e0c1,2df8d1fa37262a0faf71492ab86c541176e45c3bd18dbf6adc1464691e3a262b,36.79,142.41
339f4e04-c233-4cd0-adcb-e57d59f7e0c1,1c1cfe46b3108ed2d98da7e9febd10071ef3bf6c46d6fffbd24ac75aae7758de,34.847,159.251
339f4e04-c233-4cd0-adcb-e57d59f7e0c1,350b919b6e52c68ffa18e1481f02da0cac0364c584b65900b49cb7ed0937f485,32.319,157.459
339f4e04-c233-4cd0-adcb-e57d59f7e0c1,b2dbd1d07a0cfcc3f60e555ad5d7799e4f600dce7443c21b2e0a807f619fd7ec,39.261,149.285
339f4e04-c233-4cd0-adcb-e57d59f7e0c1,f15300c09f4f09f3ce160e6c3f36ce1b60177737fd3f04f6e81f45a51148efc1,94.939,116.449
339f4e04-c233-4cd0-adcb-e57d59f7e0c1,309663a4c84d0ef6ace95938bf3f6b24ca3bb88a9e7d0dfdceb1b0e50d9d6bb5,43.405,137.146
339f4e04-c233-4cd0-adcb-e57d59f7e0c1,97a507d020662113b1e35a29a9891ffd00bb4681f1e196dd80df1813c92a519b,42.859,122.408
339f4e04-c233-4cd0-adcb-e57d59f7e0c1,aa6ab8d21357cf46bb41cbce84c369eebcc915a40db79410e200a76d01334122,27.573,138.895
339f4e04-c233-4cd0-adcb-e57d59f7e0c1,8fdb7a695ea9ad6088f08769ed434b249893a40ecd623f6ef51d579df5e8cf5a,45.507,154.197
339f4e04-c233-4cd0-adcb-e57d59f7e0c1,7f591ab1b074d1e0672a4ee3b65c2d2c6e19b87d683c26bad78aab38cf5fffe8,40.198,156.023
339f4e04-c233-4cd0-adcb-e57d59f7e0c1,a0f84bfb0e4262e3d133b187ef5b455be0168e7d8e3f27fa885e31ab979b0808,89.562,112.002
339f4e04-c233-4cd0-adcb-e57d59f7e0c1,3b06915cc937abd6cb1d135d2303885dc0c4df488c6411fb68bc27a5c6140be0,34.51,140.922
339f4e04-c233-4cd0-adcb-e57d59f7e0c1,0e4813a043c0f64a437de93cdfc97693f26c230d39e70385d7dd5c3efb8e7dd8,34.774,138.813
339f4e04-c233-4cd0-adcb-e57d59f7e0c1,624ed90ab2294fed61a666c8dfb61e7079c3a47dace73993b6c344ee0559baee,35.463,149.705
339f4e04-c233-4cd0-adcb-e57d59f7e0c1,2ec259989f816a037c76cc31b9bc00650361a40f87c9073dffc10769ce0982fb,66.72,114.97
339f4e04-c233-4cd0-adcb-e57d59f7e0c1,ceac22ac642b99188877a9ac622cd63f5f5530d2e97378eb7dc5c4208e11392c,23.036,27.636
339f4e04-c233-4cd0-adcb-e57d59f7e0c1,69ef986018c4ba7a316bd2772960ecdb1e3a595e94fd69ea28d32e9694532e98,37.822,141.974
339f4e04-c233-4cd0-adcb-e57d59f7e0c1,751d49a259b09402add4d2f81b1729190590d273022fb7544f1ceef5326dde22,37.654,130.83
339f4e04-c233-4cd0-adcb-e57d59f7e0c1,75bc99a576423cfbade176b56e12c3fc7c563706b9785af682392062389592f3,32.299,146.792
339f4e04-c233-4cd0-adcb-e57d59f7e0c1,1e85c70e5f0d8d93fa545b440feb5840a03e437e2b5aba34dfae7f28bb6f8151,33.658,136.955
339f4e04-c233-4cd0-adcb-e57d59f7e0c1,54c61efc7928ee81a2613e8606e699fbe4836280ac9d7ba49813d4fd61547a42,60.088,85.69
339f4e04-c233-4cd0-adcb-e57d59f7e0c1,eeb2afc4e2221bea2b890ef98240714f383ae82d791f09ae8552dd93d2e0edb9,61.701,130.612
339f4e04-c233-4cd0-adcb-e57d59f7e0c1,9faf3f48910c20940e729f91ad05134b7d1da98a33a0f75ee5bb7b85e78a2cc5,35.728,142.577
339f4e04-c233-4cd0-adcb-e57d59f7e0c1,dd272e0cf26cd15b1b6f2d397bc98d4dd783896cb0b43c1eb52a8fe7254735ac,45.877,149.77
339f4e04-c233-4cd0-adcb-e57d59f7e0c1,aa64490ca184b4aee2325692a56d0b13bb6b678f33ea1badcbed215153f041cc,45.746,152.198
339f4e04-c233-4cd0-adcb-e57d59f7e0c1,56f78bc40e24435c7afe34be42906120bd966eb5108c482464ef2ef2cd004599,40.088,152.942
339f4e04-c233-4cd0-adcb-e57d59f7e0c1,1a123c78f61b29b53e62fa1215ac00fba7bf2efbcad6f5e3997220744691bc77,29.086,142.645
339f4e04-c233-4cd0-adcb-e57d59f7e0c1,243ec344a9ad410bac1715b21b392556aa96b78c09f0d5af2b792a3a8db27107,24.946,125.627
339f4e04-c233-4cd0-adcb-e57d59f7e0c1,5bf75c23222e519c95df8413affab60559267cf2a67114d8046246482a39054d,33.658,134.2
339f4e04-c233-4cd0-adcb-e57d59f7e0c1,5e40ef3c5bfcb106c80f4cb5d558e7b4001fce86fc4eb3ff393e10baf29293d6,27.832,77.716
339f4e04-c233-4cd0-adcb-e57d59f7e0c1,e2cd785bdc4c5cabac51538bb8d1db13531fbde1791e1067d968c001e6b52194,50.755,123.924
339f4e04-c233-4cd0-adcb-e57d59f7e0c1,6a4bb7f4d0f042fd5161f67c4575472c30956db78f07a573a36cb2843b6a0662,31.146,140.285
339f4e04-c233-4cd0-adcb-e57d59f7e0c1,50e793fbe7a87801f9fd3f90610eb77f2c457988bbf28ebbefd7f16d56fbbaf4,66.563,120.285
339f4e04-c233-4cd0-adcb-e57d59f7e0c1,47f03ea6ba7c2b2fba2410e0bb25c958389a18a45101b1c10dc3ab9c866060cb,31.096,139.374
339f4e04-c233-4cd0-adcb-e57d59f7e0c1,3dc7ae4e4f5c479223d4d103d5714fa24220b129b8ad9b969ec86ff4d0b65c0f,36.441,139.719
339f4e04-c233-4cd0-adcb-e57d59f7e0c1,6ad893f05bef03ecfe19875e69a5b9faec2054a73e1cba39840e6e90ada21a2a,23.929,32.569
339f4e04-c233-4cd0-adcb-e57d59f7e0c1,007951f1d7e7516522e08dd47604a58770402d8c2733f2c3eb535d10db98932b,35.917,147.029
339f4e04-c233-4cd0-adcb-e57d59f7e0c1,a1690bfb7907a579bbc0472950cf0440e619d9d5626d4f9983033b811a4fa906,29.219,93.023
339f4e04-c233-4cd0-adcb-e57d59f7e0c1,aa3ce307a7f6a7abb415e1d6e7f153742c09ef7cfa44cf7b6b9633d957fd50bb,35.326,129.195
339f4e04-c233-4cd0-adcb-e57d59f7e0c1,7d77e73f4c50c5142d97f8061f309fdcd35b660351bc4a70c4d77f5ea947f4a0,35.487,146.731
339f4e04-c233-4cd0-adcb-e57d59f7e0c1,584e64559454c683d21a1fa3bbdb8e2b8c17b899117483b55fa2c5eef15e17b9,43.422,135.629
339f4e04-c233-4cd0-adcb-e57d59f7e0c1,233437a541cd60cd7b376e945b0e68c2e424ad4b756f91ad8750c722acc14bda,35.288,160.625
339f4e04-c233-4cd0-adcb-e57d59f7e0c1,306ba534079f59563d952f163a9aac6a51abc534d5bceb8b404b23cf84aefb87,42.981,126.781
339f4e04-c233-4cd0-adcb-e57d59f7e0c1,330972607c7c20df336f568f73d997cd9f81c3a2e9e5e7a52c535760356ca7d8,45.385,124.061
339f4e04-c233-4cd0-adcb-e57d59f7e0c1,1be84fa9bc1d9e97aa7dc8e1ad3b0197344dd224654f3f2b8ccc182f32eeeda0,61.659,121.918
339f4e04-c233-4cd0-adcb-e57d59f7e0c1,38af6463f20eec34d8417587aae3f68e9996e710883a016cd77cb902fde70a04,43.712,142.823
339f4e04-c233-4cd0-adcb-e57d59f7e0c1,d5ea348c20d6d2d8a9f4d7c571b07fb192f3665827f48052ccff9afa12359129,32.424,38.551
339f4e04-c233-4cd0-adcb-e57d59f7e0c1,8b67eab4c66b35f3040e750e4d7c2acdf7b45b270b98d4bf9a30a712e92111b7,34.957,138.738
339f4e04-c233-4cd0-adcb-e57d59f7e0c1,5d34219084e7e0108d687e14b0ff3cadc688b344ed9d0984a1a026d0d6933b03,43.074,149.068
339f4e04-c233-4cd0-adcb-e57d59f7e0c1,89f127eef5b16195f2fcdf0a56f6042b603739027632675850aaab33ddb3b678,34.047,113.281
339f4e04-c233-4cd0-adcb-e57d59f7e0c1,4717179291f1a523568b43bd116958f846b23c9a4e883d30a97a5fcd513916de,24.343,146.035
339f4e04-c233-4cd0-adcb-e57d59f7e0c1,69a1db782671456420172c91403c0d58bb61ba6d265f5938a6aa2140e44c8b6d,40.907,116.267
339f4e04-c233-4cd0-adcb-e57d59f7e0c1,fb8befc649783b581e54baadb8eca5373db88a005844554b0911204934d9d674,29.608,133.444
339f4e04-c233-4cd0-adcb-e57d59f7e0c1,c8e8e893a975859b1689bdd9a08be1e242715b390719c5bc5dc3943d77f8c502,28.217,151.445
339f4e04-c233-4cd0-adcb-e57d59f7e0c1,bca29c71f32f795ade12c3e0185afb1578593dd371c3d090aecb633abd82105f,46.459,152.484
339f4e04-c233-4cd0-adcb-e57d59f7e0c1,7dcd157ad26ed6870aa76fd0084be6d851c2bdc2c9d66af6ae793d0fe8f4ec68,33.351,96.362
339f4e04-c233-4cd0-adcb-e57d59f7e0c1,0c89d5547713d842c30059a10ffe51f33131bd4a35cf591ad48f351426baceaa,125.109,126.779
339f4e04-c233-4cd0-adcb-e57d59f7e0c1,8557de79cc9724a5356cc7c482a6864a2eba8211f0bd21d9cbabf17577333457,134.804,173.714
339f4e04-c233-4cd0-adcb-e57d59f7e0c1,fabeeee56b08e997055b5a7b8bb631043de54c6f72afe56c5795900a62702469,96.573,100.772
339f4e04-c233-4cd0-adcb-e57d59f7e0c1,b519ece906e5408c591731c32a524983b03c9d4ac2b4434ae0e53e14ea91b0be,48.851,136.234
339f4e04-c233-4cd0-adcb-e57d59f7e0c1,c30dddf486bde5a4b2922c7df5a6524e7dc85e4b3858b7c7b20ce8686c5d24af,42.356,163.289
339f4e04-c233-4cd0-adcb-e57d59f7e0c1,3a26e079b0f1fccb33065756fd59c0aed6f3907f039e90659db5f4840af9d8b0,36.036,152.446
339f4e04-c233-4cd0-adcb-e57d59f7e0c1,1f1fd98e5d8b3a3219e2f1e14ff1e636d77db8b946e4731359d91a20578d3655,39.666,116.919
339f4e04-c233-4cd0-adcb-e57d59f7e0c1,37bc950dde280a944f7497eee491b81dc05c9b544fa41ceed24fc9e0971672a1,45.568,132.738
339f4e04-c233-4cd0-adcb-e57d59f7e0c1,c8778f4a293d3c603d09c9bec643a94660f7308dd171745c7c4303b6771722af,27.426,73.712
339f4e04-c233-4cd0-adcb-e57d59f7e0c1,2888a56ded541777552925d0226fca021e8e2ae24bffd7de634dfe05704d24c8,34.547,150.024
339f4e04-c233-4cd0-adcb-e57d59f7e0c1,ef1f8d0b61540bfd62e6730a7c6cf8c35ecd8fa1187342fa026b844dc0101b88,34.879,108.416
339f4e04-c233-4cd0-adcb-e57d59f7e0c1,847715718fceb3c2dda47bafc2218464db13737420e73acab5e496ef51b0b30e,33.16,159.666
339f4e04-c233-4cd0-adcb-e57d59f7e0c1,105719e0b166744d55aaa1cc819709ecd2119a330abd47cc5b92bf54681c5a36,40.859,156.259
339f4e04-c233-4cd0-adcb-e57d59f7e0c1,8855df7bd26d05b5eb9a972ef9bd8547eaa1b7c62ed659ef8a4d8f5e12a5d66d,31.245,127.372
339f4e04-c233-4cd0-adcb-e57d59f7e0c1,e86cb258ca4075eaa550488477bbd1c53915a2430a41a0a555b617779b435229,34.553,126.397
339f4e04-c233-4cd0-adcb-e57d59f7e0c1,fb8d29d4d09077c380a75a61a45e133246e2d86a0fcfb820783e3e4401f6de14,43.051,43.978
339f4e04-c233-4cd0-adcb-e57d59f7e0c1,1b5326d27a18dc74ddbca3dc856d31a17b64411dcd540ba7c4f502016c887830,34.766,133.711
339f4e04-c233-4cd0-adcb-e57d59f7e0c1,02f88ce3eeaae84596279dc32f927d40dd9b52df12f73f093ae712bac622adeb,32.127,130.886
339f4e04-c233-4cd0-adcb-e57d59f7e0c1,bab3d63a908a59b5e2a69f8ca5274016b63530ab17a307f4f33b9b3aa2993716,27.566,140.738
339f4e04-c233-4cd0-adcb-e57d59f7e0c1,41696c22f0abd07589ec42dbb219cb0dd119751a4266d52a872e43748ca8233e,41.551,44.597
339f4e04-c233-4cd0-adcb-e57d59f7e0c1,03a7214e49c2b33aee08e7c9da11e74c2d9a87272dfcc6b4f8a474ebf4e92375,28.072,141.956
339f4e04-c233-4cd0-adcb-e57d59f7e0c1,c9a562ffbcc4c6fd99bfac9ea798265945d7995e80b455adcc601419dd999a8f,30.996,161.799
339f4e04-c233-4cd0-adcb-e57d59f7e0c1,15a65f1924efd0ce368face1123b48a6dd93cc24f63dbf5087ecbd2f4c3a8f53,70.052,145.513
339f4e04-c233-4cd0-adcb-e57d59f7e0c1,c45f7d8a9012c3161514e59b37fc6b555b7d9787ed00e114fa803d5951c1bbb5,39.615,146.229
339f4e04-c233-4cd0-adcb-e57d59f7e0c1,d4a7368cfce2582f17fa0bffe8f99571a4d9b175a2aa7b73a01e069c8649a4e1,31.415,153.13
339f4e04-c233-4cd0-adcb-e57d59f7e0c1,91340f6ae3f4e3cf7a59a064745b5e8368e308c875ad63076483781fa4d4fd7a,40.274,153.804
339f4e04-c233-4cd0-adcb-e57d59f7e0c1,31367fc3a1a8b9a55ddd34ec6c857b3f6b8a528bb5a77cba3d6ee646a17bafc5,35.094,92.241
339f4e04-c233-4cd0-adcb-e57d59f7e0c1,6b6cc332b31ff4f449cace61f142ef58ca5054cd2c6f9c7898fade36cfd5e674,32.154,146.218
339f4e04-c233-4cd0-adcb-e57d59f7e0c1,5a5d0d3bcbdd02cf02d3eea272faf8e270628bdbe9608b4de9b404c3808f9649,39.197,143.35
339f4e04-c233-4cd0-adcb-e57d59f7e0c1,beb88350f473d04fd02327181f352ad76d32ca38a6839349f8c3d758409bb3c7,37.63,135.622
339f4e04-c233-4cd0-adcb-e57d59f7e0c1,f02b35ee8f6f9222baa05299dc5c60e2aecda2db564a684b98af895d15d028b3,36.032,142.314
339f4e04-c233-4cd0-adcb-e57d59f7e0c1,e4193b68724c5b9f2ce706029ca1c00c7120102e2fb57b729bbcc2696df47f2e,43.1,160.451
339f4e04-c233-4cd0-adcb-e57d59f7e0c1,395ecce3f592944f085b548410ed8dabb477c7ff8c58b71211559e4a18baa414,30.225,149.446
339f4e04-c233-4cd0-adcb-e57d59f7e0c1,31af253530146990cde3c7f222e17cc57f0af93826e5f663e11e7965d728af90,53.054,132.923
339f4e04-c233-4cd0-adcb-e57d59f7e0c1,9553c877849a8dfc16d284dece01dd34cc90978a502669e14dbf4b51ae47be7e,36.073,154.284
339f4e04-c233-4cd0-adcb-e57d59f7e0c1,56f708e3055d13158e4fdeea5f799ffaca153b301224e91f195d325f033751a5,31.595,148.552
339f4e04-c233-4cd0-adcb-e57d59f7e0c1,4bb824e0a03358c039fcbf0eebd949ca74dd8907cc276604085fe0493d689291,35.703,134.605
339f4e04-c233-4cd0-adcb-e57d59f7e0c1,213d852903a1070d6dde4fc2b926d3c1df6a47577361e19af6749b6a45d60f8f,34.097,148.232
339f4e04-c233-4cd0-adcb-e57d59f7e0c1,c2201d0b6327fefdff44fd36f9d5ef364708b3cea70c3b7052ab527b839fbc0b,36.18,139.032
339f4e04-c233-4cd0-adcb-e57d59f7e0c1,8490a79d5b841087449ab0ef489bdf97c13f15a945f21b685413c054704931d2,44.557,120.166
339f4e04-c233-4cd0-adcb-e57d59f7e0c1,64201fd6e8c25c3ad03b78b7f3b6ee8ec860e628263b869b3d90eff375ed9c30,26.753,75.698
339f4e04-c233-4cd0-adcb-e57d59f7e0c1,75a37c05f5ba8dc04b9a40c42d45fdf3c8077781c3f201520db6021c1b1a83f1,33.61,132.798
339f4e04-c233-4cd0-adcb-e57d59f7e0c1,84543c6202a353387b6057d4d9fcd92feb8d09e1e3fdd65b599ba2b306ddd4a7,27.392,75.876
339f4e04-c233-4cd0-adcb-e57d59f7e0c1,b7e56276782f5a74b0226e0692f7ec7e9a0ab8b7ad08563bfdc810da79239b30,55.434,102.982
339f4e04-c233-4cd0-adcb-e57d59f7e0c1,bbe98e155afe59dad996a2ac269e43f6dd01a1a418943d3df8366ac1ed56ab9b,23.865,30.591
339f4e04-c233-4cd0-adcb-e57d59f7e0c1,50f09e8624b12e2b8a80d0f71464eace5bef7ed88eb9a5f080e37f06b6a9fab6,34.234,37.308
339f4e04-c233-4cd0-adcb-e57d59f7e0c1,a8511cfff1c8e3ffa6fe660520625a656284795fc8e871ebddb0b442697c0026,37.875,126.435
339f4e04-c233-4cd0-adcb-e57d59f7e0c1,a7644c19825780d85f59eb045680081e0b2caf9ee6cdeca501bfc215ddc12f9f,33.978,142.155
339f4e04-c233-4cd0-adcb-e57d59f7e0c1,80a76fdb6b423e02beca4b6212a35be29aa72c6fd49ff7a8c7af273ec98ed9e8,31.967,145.718
339f4e04-c233-4cd0-adcb-e57d59f7e0c1,015a04c615e7ac1783f3111cb1cc7210fb903a2c5bfae12867190b45cbdeede6,46.861,154.374
339f4e04-c233-4cd0-adcb-e57d59f7e0c1,7bd7efddce16ea1bac5fdfc81ff234b8253b4edfe6947c5f1951934b7296cdaf,35.64,133.056
339f4e04-c233-4cd0-adcb-e57d59f7e0c1,c23a78262b2d330b26cffcc5b88b3016d614a47ce864de1b9b5bb36ca2191f52,35.285,150.763
339f4e04-c233-4cd0-adcb-e57d59f7e0c1,f71ad0465d6c26170df8b5f26d0bc1620c70e81e439259d1ee0d1051c0120d99,27.268,75.737
339f4e04-c233-4cd0-adcb-e57d59f7e0c1,d6d5c1339360ba8678f0147b55efbbbaa2f0ed88a1847c5f7e19945d261ea341,34.622,122.266
339f4e04-c233-4cd0-adcb-e57d59f7e0c1,a5dbd96dbc5289e8d01cfb3f499d1f015a8c998ae1051a29c0d421000be74781,32.274,147.337
339f4e04-c233-4cd0-adcb-e57d59f7e0c1,fde05d1577728045f003ffeee14a299cf423404d344c67e4a12a78d84b68ea97,39.523,164.632
339f4e04-c233-4cd0-adcb-e57d59f7e0c1,96cd4e6fdbffb618ec75be428a9a546303eb94cac000832b2a3ec32758b65949,41.765,147.2
339f4e04-c233-4cd0-adcb-e57d59f7e0c1,dd9aa3f4e2be95ac2aec03a5ca82cc0c2e6ee32970e06485b6d0116936370aa9,40.291,147.588
339f4e04-c233-4cd0-adcb-e57d59f7e0c1,42adaae14bd59f6b24e9f33dd4b369ac3a0c24b8ed7765bd85f26dbc10d323c6,34.937,143.629
339f4e04-c233-4cd0-adcb-e57d59f7e0c1,33b00869dba3cbc01ebc0fcc4d40109948e74d43be4498ea06b15e2038e8e44f,34.562,140.287
339f4e04-c233-4cd0-adcb-e57d59f7e0c1,c3fc4dd5d4dcefedd634bcbf742e48f5dcde9e8be36128920222f65a5b0ef471,35.022,139.603
339f4e04-c233-4cd0-adcb-e57d59f7e0c1,f73e2da7d33b1226ec76fedc338c7612ed7098916c697f211cd72b4f594b76ec,40.736,147.681
339f4e04-c233-4cd0-adcb-e57d59f7e0c1,d7d504d30fb3a364baa4d8e32d7b607bad008263a5c8839bd74cf0dc2ccee32f,35.798,146.894
339f4e04-c233-4cd0-adcb-e57d59f7e0c1,a0762dc80f510d9cfb78b96de979906cf140e4db36fbb414e35994f15b51d01c,34.048,118.443
339f4e04-c233-4cd0-adcb-e57d59f7e0c1,aeeef25e3d3d044d02676ceee2768c7da51bd83f42d2be065df0218f5379122f,28.201,77.795
339f4e04-c233-4cd0-adcb-e57d59f7e0c1,74c62e183a12c642502b1094369aa4f079efce32ccf6a5638c8a67a5a41a97a7,28.11,80.677
339f4e04-c233-4cd0-adcb-e57d59f7e0c1,858b61b213f6c98d3335c98ae6dc482eba8eaee7f6a436680c27e228eef29161,34.796,145.444
339f4e04-c233-4cd0-adcb-e57d59f7e0c1,727e06481329bbb99e4be5a600bf1d84073c951300a96accae259eb6fe869dd4,43.634,165.034
339f4e04-c233-4cd0-adcb-e57d59f7e0c1,27d6e6583973a69a8d9872b7a58b5e3ddbadfc203200750a6e061ad0b01c49fb,31.842,159.486
339f4e04-c233-4cd0-adcb-e57d59f7e0c1,3062aa43dab9fd88995eda7f147115b7c2c206ce801b14a378fc5be543007a78,38.346,145.275
339f4e04-c233-4cd0-adcb-e57d59f7e0c1,39427b2c7d2e3b018482880ab886eac4eabd747a6a40538fff0d5a420046eb84,31.569,152.895
339f4e04-c233-4cd0-adcb-e57d59f7e0c1,aef6c4f08a92f7f3213b748ae36ce1bdbe29ef5fb30876a30f4b97ecf31521d5,46.439,152.861
339f4e04-c233-4cd0-adcb-e57d59f7e0c1,6c26696063096ba07979dcd9e3cd901014d8932229195219b5623ec6900bc3d7,42.307,123.932
339f4e04-c233-4cd0-adcb-e57d59f7e0c1,32dd985757d449dd3b248bd45313d6a184a3d335d7792a1e12db31a790ca704e,33.734,135.149
339f4e04-c233-4cd0-adcb-e57d59f7e0c1,25ee6ca18ed1f91d3b92cdd43f7e653695b169e4884d3a0cb98359640f718824,31.043,136.038
339f4e04-c233-4cd0-adcb-e57d59f7e0c1,5dc1d7e95642781454c2ae064c0fe8ef5dc48aa9e4acd734d22a1e4cbda5c214,32.104,153.002
339f4e04-c233-4cd0-adcb-e57d59f7e0c1,c672e557c469b8b21df62f9620800da726a23b9dcf8676c130c856aa1aa1b0c9,40.691,130.259
339f4e04-c233-4cd0-adcb-e57d59f7e0c1,14feea0111b37ca0c76d717662ac78883602e791f0cbac8b8fd4ab329a146e0d,34.721,144.654
339f4e04-c233-4cd0-adcb-e57d59f7e0c1,4e52a0f8bb6db42a07a8c78db8a3874b9abb5de59e28aadac1c4eaaf323d64cf,63.318,232.983
339f4e04-c233-4cd0-adcb-e57d59f7e0c1,78bf6646541c7c886e950eb0306f5a04bb7efd27a8a18db2e3599c4da4fea97d,179.869,306.731
339f4e04-c233-4cd0-adcb-e57d59f7e0c1,c08e7f4abb7933460e7b1cf4432128c6124ec80922f97bc2fd60167818384918,40.821,139.703
339f4e04-c233-4cd0-adcb-e57d59f7e0c1,95c649ac26834f2a907aa4d44d66cd21c37b5c6db8f268f4fb03e5601f7d2770,40.821,139.703
339f4e04-c233-4cd0-adcb-e57d59f7e0c1,887df3fc47a7dd2c33a73d4e6709832cdf53a86795b28ddf164ea117513098f6,34.209,136.641
339f4e04-c233-4cd0-adcb-e57d59f7e0c1,e2c24bbf16a6e94e1bfb80fe2addbab1ad8870f5978c4faa288c1bb4c157ed65,35.323,150.91
339f4e04-c233-4cd0-adcb-e57d59f7e0c1,3506c653c88c6022200ec5f532699b2b0ee7b88667962bad3af77010348b669c,42.692,44.284
339f4e04-c233-4cd0-adcb-e57d59f7e0c1,3e306e682069606c205d47ac197abe027aa3d701b8bc13277970fd54dca85dcf,30.849,134.801
339f4e04-c233-4cd0-adcb-e57d59f7e0c1,1ffe2d8f9341b290215883984d5c9cc1f5a83adaf5e5af5b7cd6d347d032d05d,38.261,135.115
339f4e04-c233-4cd0-adcb-e57d59f7e0c1,ab9041f0ed49d45e215e45be315d7af2e916f5a84007713cccdc6438cfadbd6b,35.606,111.536
339f4e04-c233-4cd0-adcb-e57d59f7e0c1,71cafc8cc651c0c868ebff9132e878102d3bdd3d79bab80def64f44fb45fcd36,35.743,119.846
339f4e04-c233-4cd0-adcb-e57d59f7e0c1,c92fb1232292f7c6356ff330f39e2b7f226639d3b01e9739caac9354f59e8b68,36.009,156.624
339f4e04-c233-4cd0-adcb-e57d59f7e0c1,e9c6c35ba97312ab08acf850ffef36278bbe527cd5162521849d95b7113a2a9c,37.103,158.93
339f4e04-c233-4cd0-adcb-e57d59f7e0c1,d2f9f9c706b13a5e071135d37cfc4fb81732921c5b2288702ac33d262136e6d1,37.804,129.235
339f4e04-c233-4cd0-adcb-e57d59f7e0c1,52ca963c91ca40de6d020e27534aa62bbaf32a0690e0be834ec9041c7cf3729a,35.677,142.531
339f4e04-c233-4cd0-adcb-e57d59f7e0c1,8aef4dd6f76e6f89dd07ea115c4bf6fa53c4f0a971fdd6d28531115f328f0cdb,34.789,145.577
339f4e04-c233-4cd0-adcb-e57d59f7e0c1,3e6f91a041420923b6f9c06d272a319b0c60c5ea9d3749dd8467f9d2ef8ee74e,48.942,144.846
339f4e04-c233-4cd0-adcb-e57d59f7e0c1,62fcf5c6bf3e77ca9fbda698330134b1ce78aba75333b9b514d99d5a21374785,36.267,109.572
339f4e04-c233-4cd0-adcb-e57d59f7e0c1,d239d0fd541d379daa64284ddb8adb0741d8839c02e4723a06a8f7de3ae8b365,52.099,117.103
339f4e04-c233-4cd0-adcb-e57d59f7e0c1,98f3162b37ac35a41315e4c35d314421e68f6f25e0df1beeded01ef46373d67d,35.974,137.827
339f4e04-c233-4cd0-adcb-e57d59f7e0c1,1c58a59a1ee05d75f2dfcb29d14fdf03825ffad705eea0a2562ed618d7d59b37,35.775,137.928
339f4e04-c233-4cd0-adcb-e57d59f7e0c1,371e3c1372d12e7f8717e599347567a741bf48b1b50a2de10427040de9868c3c,29.498,85.545
339f4e04-c233-4cd0-adcb-e57d59f7e0c1,f08e97f8c3aeb872a22a5aaae48c598afc945048c98c06f8d2a386716cc927a5,33.728,138.887
339f4e04-c233-4cd0-adcb-e57d59f7e0c1,9f571c9de3ccd12aaec082f464514339bae5f3adc144ba8da28a54d4673f76d0,43.248,123.868
339f4e04-c233-4cd0-adcb-e57d59f7e0c1,462d88a7234e0145ea325608904ffe0a5714fe8353a4bd57decf1380d8bb18df,27.915,76.556
339f4e04-c233-4cd0-adcb-e57d59f7e0c1,f9032970c36a758a6e8983bee4395165010d5df9ede7bb2ee622935750f683c8,32.448,152.42
339f4e04-c233-4cd0-adcb-e57d59f7e0c1,07d12360c354736977c761dbaaa1cc4cff3778f9f2fdbb8793e51924ee40051c,37.284,176.296
339f4e04-c233-4cd0-adcb-e57d59f7e0c1,795b974cc0f61142e7a9f19cc2362fa3389b1174f7345d321426550a5745b9a7,171.883,305.928
339f4e04-c233-4cd0-adcb-e57d59f7e0c1,c6af1491942698b64c682fbb062ff668d74ce2224823317b54035bf5c484d09a,32.875,109.613
339f4e04-c233-4cd0-adcb-e57d59f7e0c1,04487d964b3adb5df9f383c7e981b11298956483e7f41224066d3dacf7c37e51,39.511,111.418
339f4e04-c233-4cd0-adcb-e57d59f7e0c1,d34558406d44a795c37c0f229220716908951b30a67b59d651ce3b8f170f0a6f,34.299,109.82
339f4e04-c233-4cd0-adcb-e57d59f7e0c1,bd0915e6a2ff4be1e178d4a18ce15ede4601a74739f5745aef623f12d2f8d62c,33.88,128.526
339f4e04-c233-4cd0-adcb-e57d59f7e0c1,814a49a8bbd1963fac9e17f6666eb9b06ce84fe2f91f7f30c0045f58965606d0,34.012,135.232
339f4e04-c233-4cd0-adcb-e57d59f7e0c1,9648df150f467dacf1813ff71a75db241b2b138b454e1cd6ae44578516f720b0,43.435,121.604
339f4e04-c233-4cd0-adcb-e57d59f7e0c1,dfbf2da0509e3165ec2278356b41368ea112d4526567a0a02144d60ce89d90a9,35.951,140.959
339f4e04-c233-4cd0-adcb-e57d59f7e0c1,7215a7c6f11508eb6e3d0a01b684f1835be849d6238cc91a9c2cc78a7f85188d,36.785,163.082
339f4e04-c233-4cd0-adcb-e57d59f7e0c1,e3f804234c84fd1588ebf4f856dd17e796efcc4a28c6fff8467d72d9d364d420,33.729,110.953
339f4e04-c233-4cd0-adcb-e57d59f7e0c1,46003e65708a49046b1c96d6ce819785b527ef0990181d6f2ae65e253a37f299,34.968,131.284
339f4e04-c233-4cd0-adcb-e57d59f7e0c1,355e33a22992fb32e645784016486c8a1e50e37bfdb6f5e05765115ccd37687e,35.951,140.959
339f4e04-c233-4cd0-adcb-e57d59f7e0c1,f80b0827e1de2eae84377d3e015cc836d7c2df5d23ca15937c9721b6b5b448ab,34.653,150.659
339f4e04-c233-4cd0-adcb-e57d59f7e0c1,f92b2244f47340ba48956e6c14c2f74460923a0b895b3bfc168ebc3e6e9ac800,30.778,143.961
339f4e04-c233-4cd0-adcb-e57d59f7e0c1,3de022aafd1b668a12838707bdefa1519e1edb617e5e598db2cd1ad3518bccb3,27.345,74.753
339f4e04-c233-4cd0-adcb-e57d59f7e0c1,025b6d7e87af9d0ed03fecaa8617e6b2d9012bce3d72d2727bebf57017540d08,31.335,131.478
339f4e04-c233-4cd0-adcb-e57d59f7e0c1,fd5c65883613e50417c231f54bbd70ed2c2acfd2da5ede8b1417ab4ad99d6fea,42.948,123.091
339f4e04-c233-4cd0-adcb-e57d59f7e0c1,997ac5aeae0164c608b5e46eccde3bc82fb911f79ffe8fe72f3a8dad7d98aa9e,94.958,117.389
339f4e04-c233-4cd0-adcb-e57d59f7e0c1,49a3c4f304cb567990826f2e406279126a369c9e901f955697aa279c298882c4,39.445,146.173
339f4e04-c233-4cd0-adcb-e57d59f7e0c1,ead60ced4a0aa77ac1d2d83fe2870dd021806c37a8909884165b1668f373c67f,40.095,147.244
339f4e04-c233-4cd0-adcb-e57d59f7e0c1,19e8bbffcb42d24e7641234014f543517fef84594e2b3d0ed962db7c31307cee,65.576,119.063
339f4e04-c233-4cd0-adcb-e57d59f7e0c1,58ff0daef11aa99d94d00e6d8ead2ff025f9cf61946307af5be74f1ed52ade54,42.887,166.276
339f4e04-c233-4cd0-adcb-e57d59f7e0c1,1f29a61bd5daae25e4842967f75af299de19e5ad0f7b7533d63f205424bdecbd,36.687,150.269
339f4e04-c233-4cd0-adcb-e57d59f7e0c1,8285c593ef60cf07aa7d0b4aec68f2226479fcf6573b6f032ab12d78c1365cf1,33.667,132.348
339f4e04-c233-4cd0-adcb-e57d59f7e0c1,4a5d9387a96c02847d1650157c1c24de7580cde6d519dcdfb481412ba287b092,32.886,117.036
339f4e04-c233-4cd0-adcb-e57d59f7e0c1,09438b1964ded796eaffa917f64bb6cb51e4b23a3adb93f72d4b6b14a174a14b,36.931,135.634
339f4e04-c233-4cd0-adcb-e57d59f7e0c1,db204b6e10d88c601130f58704f8b7cf01be35b767d893eb1d44b156ee09f906,36.875,152.794
339f4e04-c233-4cd0-adcb-e57d59f7e0c1,68410e075119243344679d424b60d34aabe6bb09bc07ced01a6192ebeef82890,36.875,152.794
339f4e04-c233-4cd0-adcb-e57d59f7e0c1,bd9f086cb7768347991c018437fdae89978bb9ce69a5fd2d42f5680fa7ff57a0,36.875,152.794
339f4e04-c233-4cd0-adcb-e57d59f7e0c1,d9fd379efa89ed9de157f264a870283f8ffe8ab00c39ae10e80cc47bfcbdd389,30.66,144.613
339f4e04-c233-4cd0-adcb-e57d59f7e0c1,fb7d73b1312ce2c31b014d3f6e1c8ef3fd1b9bd98e5808f34fe9b76b973a9a11,38.623,156.631
339f4e04-c233-4cd0-adcb-e57d59f7e0c1,19a27d350533d7ce7810a9ed855d01fd5f0ff7df6abbbd7ee790bf4efa93ae68,29.535,115.379
339f4e04-c233-4cd0-adcb-e57d59f7e0c1,39f513c289b270a89e4163191ba56566fd4479c8610ca7f7d9d9ed8d70c228e3,33.71,142.89
339f4e04-c233-4cd0-adcb-e57d59f7e0c1,f048a8d562b5c5c015d0a5eb6c318515f12ebb5de4b2b5311dc498398d5b51a6,59.537,102.408
339f4e04-c233-4cd0-adcb-e57d59f7e0c1,bd8efe0efa5f13dbdb16de545971ab6499344ef9f404dc4a1cac89031c8514ca,29.581,130.198
339f4e04-c233-4cd0-adcb-e57d59f7e0c1,6fbd9d4aed21241c6d7826759b04d082c09ea72426e5619a68ef65576bec9d50,32.598,129.91
339f4e04-c233-4cd0-adcb-e57d59f7e0c1,a393e11f9e62374a31b9fb14c0cd964c528c99a54a62aecf2f2459eb07a44d9c,32.687,134.596
339f4e04-c233-4cd0-adcb-e57d59f7e0c1,7971070f1f488bf3f6632b7f1a636ddf8bbeb32e19056ef2e69b37e06dd6f09d,56.847,130.351
339f4e04-c233-4cd0-adcb-e57d59f7e0c1,92695cd6ef5936669104f5d6f42bf0a36dbeedd161577194d9923387ce1dc694,31.877,158.201
339f4e04-c233-4cd0-adcb-e57d59f7e0c1,f5caf7fcb7549a6af0b9e772f1d2c6609015f5529486df25d95ccbdad91219ac,27.29,72.904
339f4e04-c233-4cd0-adcb-e57d59f7e0c1,6b5f636a491125e7a7dda8c94e6001497b5a00f4eaf4bd8a20f22659e4a348ad,27.506,152.545
339f4e04-c233-4cd0-adcb-e57d59f7e0c1,37a5a73507b684db001fc51332e363d0a7cf01fcc3c5e31a379d8ed647b94c55,29.843,146.333
339f4e04-c233-4cd0-adcb-e57d59f7e0c1,2b25916627ecf6331d6be2e5cc87ae6bdf2088cabb225d623e1a46e19a9428bb,32.272,139.751
339f4e04-c233-4cd0-adcb-e57d59f7e0c1,91e9b4d4c8a08c7a63d9d5434a8a9b274d2f6eb8b2a8cdb65cb1191ee1185a6e,42.673,104.559
339f4e04-c233-4cd0-adcb-e57d59f7e0c1,f6f453df7349b5a18ca6549d9336e9c0f913d1def2fb2eefd69314f914539c6e,52.335,299.598
339f4e04-c233-4cd0-adcb-e57d59f7e0c1,736839bd888df96d27d9eab14f3e974f53a320638444fbca41853af116a91a2b,34.251,136.487
339f4e04-c233-4cd0-adcb-e57d59f7e0c1,dc11eb526ae7de6332e0e0bee74823842d24682b8a5c3a94d4aa4a4b95941d54,40.222,153.415
339f4e04-c233-4cd0-adcb-e57d59f7e0c1,0c69bbdc6291308e4ffbd923ef1a0c8f96d9cdb2cef5bd0f2614ad6dcf9f4cfc,44.759,135.011
339f4e04-c233-4cd0-adcb-e57d59f7e0c1,26951ad82b723b9b2cd5f42f177204fc718ae4567de82744949f7adafa683bf4,28.584,133.085
339f4e04-c233-4cd0-adcb-e57d59f7e0c1,42f69ab0b3f50b40c4040256480acf20e97b6237dc0f32c228712ea43f87249a,71.332,138.949
339f4e04-c233-4cd0-adcb-e57d59f7e0c1,f6ad57fe6daa0ce8e429042a63a2640ae4661f81afd42d8b858c6f830d01ffb9,29.096,133.107
339f4e04-c233-4cd0-adcb-e57d59f7e0c1,3bc289b45753ee6eed6573b18e98e2a1146ed84578316c25b777216f17fda606,30.711,146.308
339f4e04-c233-4cd0-adcb-e57d59f7e0c1,ba9353fb9f2b1b53d2fa7da14c0a4889f56024d23de42c8606322c2975731b8f,29.697,136.726
339f4e04-c233-4cd0-adcb-e57d59f7e0c1,588694eddb9b9a2c10483ef1b8a2b5b4a49aa116ce4fab2e0de0adeb3b10e089,27.08,75.489
339f4e04-c233-4cd0-adcb-e57d59f7e0c1,cd7438e40810b9a071bfa06b12ce9ac7cacf1d1b0281c5f1ceb3c77b491c9178,32.725,136.034
339f4e04-c233-4cd0-adcb-e57d59f7e0c1,ef3446bd304c24a75bff73b639f194615517670d86fdbb1b80d44c8a6b64958d,35.015,151.715
339f4e04-c233-4cd0-adcb-e57d59f7e0c1,42f0084749d12fe37b89dae771558825960575eaf698a6834ffc9c2f46500941,31.83,132.132
339f4e04-c233-4cd0-adcb-e57d59f7e0c1,ac754884327f562913d3df5103646350dc4f4eeea607883bbf54dfa5aab4a925,29.059,156.124
339f4e04-c233-4cd0-adcb-e57d59f7e0c1,2640b2693609f3f60c042032dd8f87725a7a3758a1a58f0e2dabdf5682d3380e,84.77,140.59
