product,avg_ibp,std_ibp,avg_fbp,std_fbp,n_tests
182786-3B,17.948,,138.515,,1
184016-10 ez,20.006,,157.22,,1
184530-6GGG,21.612,,164.206,,1
184016-11bbbb,22.004,,152.708,,1
1864-1a,22.689,0.0,148.644,0.0,2
184016-8 10%opt,22.82,,160.555,,1
183215-12opt,23.126,,161.201,,1
171450-78a,23.209,,163.374,,1
194211-146AAA,23.421,,125.844,,1
Camin Gas RVP +9.5,23.714,,23.864,,1
176062-123,23.76,,33.025,,1
185947-2aa,23.878,,101.559,,1
184580-6,23.923,,150.971,,1
171450-78opt,24.052111111111113,0.02951459149490683,171.00155555555557,0.04321779468898479,9
181928-32uuiiiui,24.152,,174.299,,1
185498-22a,24.265,,155.715,,1
183115-19,24.345,,83.023,,1
184247-7GGG,24.395,,149.852,,1
194796-1 oppppp,24.512,,32.933,,1
183767-6,24.552333333333333,1.222383873148422,90.19333333333333,57.595454736752735,3
189777-22,24.634,,35.463,,1
184719-14 ez,24.789,,145.373,,1
184016-9 opt,24.886,,159.944,,1
2290-1a,25.116,,165.515,,1
182024=21tttyyuu,25.134,,148.631,,1
175755-1iou,25.16,0.005656854249494269,42.040499999999994,1.5054303371461555,2
179552-3a,25.176,0.0,126.057,0.0,3
179362-1tfgvb,25.215,0.0,39.145,0.0,4
194819-6.10%aaa,25.253,,69.549,,1
185834-6,25.256,,69.709,,1
185599-1a,25.345,,155.084,,1
183112-8rrttty,25.368,,149.695,,1
Camin High Aro light,25.474,,39.697,,1
1891611-44,25.479,,37.722,,1
183542-6qqqwwee,25.515,,150.922,,1
189566-1x,25.82,,40.539,,1
186929_1A,25.875,0.0,38.074,0.0,7
177073-111,25.879,,43.942,,1
natural gas 210,25.932000000000002,3.1395541084682708,57.6115,34.684294723981345,2
182351-9 AN,25.988500000000002,0.5536789081528516,140.438,13.042342580993653,4
184678-2,26.019,,152.701,,1
189524-9a,26.029,,49.003,,1
NAPH,26.044,0.0,88.563,0.0,3
189524-15a,26.118,,49.313,,1
182425-9,26.118,0.0,144.164,0.0,2
181765-14,26.123,0.0,76.433,0.0,2
184324-15 ez,26.205,,160.267,,1
181781-5 ez,26.284,0.0,155.556,0.0,2
189778-6a,26.293,,43.319,,1
182387-10,26.3,0.0,81.821,0.0,3
179541-1qQQE,26.301,0.0,38.008,0.0,3
178607-1111,26.339,0.0,48.593,0.0,4
186610-6 10% ez,26.34,0.0,140.252,0.0,3
2275-1a,26.352,,154.323,,1
175403-1GGGG,26.492,,45.183,,1
183005-11,26.553,,72.378,,1
185120-10a,26.605,,75.009,,1
175536-6 opt,26.68,,49.209,,1
186256-21a,26.698,,160.43,,1
191403-6 ez,26.718,,65.315,,1
185000-1,26.742,,69.831,,1
175922-134,26.754,,76.977,,1
177680-666,26.759,0.0,50.838,0.0,4
184271-24,26.79,,73.432,,1
189519-288,26.832,,64.284,,1
182077-18rrttr,26.832,,78.976,,1
185642-8a,26.86,0.0,155.679,0.0,6
176942-6,26.888,,69.527,,1
179972-17ttstfg,26.891,0.0,79.033,0.0,2
185725-7 ez,26.895,,71.796,,1
181241-13,26.929,0.0,71.679,0.0,3
189446-11qwqw,26.957,,71.251,,1
189390-1x,26.986,,69.392,,1
191506-77,27.044,,79.99,,1
184845-18 ez,27.053,,151.885,,1
183506-1,27.066,,42.137,,1
175256-1010,27.073,,76.052,,1
192217-6AAA,27.075,,79.056,,1
178948-111,27.094,,40.599,,1
183732-9,27.095,,73.932,,1
182386-10,27.102,0.0,74.016,0.0,2
194133-18AAA,27.117,,75.492,,1
179963-11 ez,27.124,0.0,82.621,0.0,2
177211-6444,27.131,0.0,82.719,0.0,2
177558-10qqqqq,27.143,0.0,73.679,0.0,5
190043-8a,27.146,,73.022,,1
178753-8qqqqq,27.147000000000002,0.0,85.41699999999999,0.0,3
177731-1212,27.154000000000003,0.0,54.77,0.0,5
185465-6a,27.158,0.0,160.094,0.0,4
175334-1a,27.165,,47.319,,1
189545-13b,27.192,,74.575,,1
183159-7,27.201,,43.042,,1
180167-11,27.217,0.0,79.007,0.0,3
240 CUT,27.218,,74.788,,1
181048-10 ez,27.225,0.0,82.783,0.0,2
182281-18,27.228,,74.046,,1
181020-10,27.234,0.0,74.313,0.0,2
177197-7aaaaaaa,27.243,,76.437,,1
175821-999,27.274,,73.836,,1
189571-1OPTT,27.312,,60.036,,1
189545-33 ez,27.338,,77.694,,1
181599-38b,27.34,0.0,144.261,0.0,2
1855-1 OPT,27.356,,149.356,,1
186422-9 ez,27.4,,69.331,,1
174586-999,27.413,0.0,75.614,0.0,6
192217-12x,27.421,,79.78,,1
175546-19,27.435,,74.24,,1
179317-6dddds,27.448,0.0,87.217,0.0,4
176854-888,27.46,,63.401,,1
177750-10222,27.46,0.0,83.794,0.0,2
175281-2800,27.461,,81.787,,1
192574-19opttt<<,27.472,,76.909,,1
182690-1a,27.486,,44.451,,1
184418-2 opppppp,27.486,,76.499,,1
192178-2x,27.487,,167.207,,1
176829-9ttrttt,27.489,,79.393,,1
191322-17x,27.5,,74.524,,1
192830-19opt==,27.524,,76.733,,1
192216-7leo,27.566,,75.62,,1
178974-6a,27.59,,100.968,,1
176542-1099,27.601,,80.549,,1
naptha,27.617,,79.594,,1
193505-9 oppppp,27.631,,75.034,,1
176765-1a,27.631,,42.978,,1
193165-11 ez,27.638,,77.199,,1
2297-1,27.639,0.0,142.034,0.0,3
189261-7optt,27.643,,72.529,,1
181241-32,27.672,0.0,81.928,0.0,3
175458-21,27.682,,78.21,,1
191467-17OPTTTT,27.71,,81.779,,1
2198-1wwrtv,27.717,0.0,159.04,0.0,2
G1,27.725,,63.779,,1
176533°10A,27.735,,74.673,,1
194504-16opt;;,27.737,,78.775,,1
194746-7opt==,27.74,,73.44,,1
191711-19,27.759,,77.363,,1
182430-7 ks,27.765,0.0,147.714,0.0,2
176719-15bb,27.776,,79.554,,1
178706-12,27.778000000000002,0.0,77.345,0.0,3
177952-6,27.785,0.0,70.418,0.0,4
191216-196optwww,27.793,,77.724,,1
181294-27 ez,27.814000000000004,0.0,145.182,0.0,3
194130-19opt==,27.832,,72.498,,1
192208-6,27.837,,75.825,,1
190691-26 ez,27.855,,77.848,,1
194396-6opty<<,27.859,,76.097,,1
178915-18a,27.863,0.0,76.345,0.0,5
179325-4eeeeer,27.9,0.0,75.651,0.0,4
178980-14,27.902,0.0,76.97,0.0,3
191331-13 opppp,27.93,,79.211,,1
193477-13opt==,27.937,,73.961,,1
181647-14444444cc,27.942,0.0,154.299,0.0,2
190280-8x,27.964,,69.718,,1
179081-8aaaa3,27.964,0.0,96.69599999999998,0.0,3
179934-9a,27.996,0.0,45.607,0.0,2
177252-6,28.003,0.0,52.963,0.0,2
179049=19qqqqq',28.042999999999996,0.0,104.789,0.0,3
177291-20,28.043,0.0,74.388,0.0,2
176339-54444444A,28.057,,81.845,,1
178610-8vcx,28.062,0.0,82.494,0.0,3
190993-11zzz,28.171,,76.886,,1
191764-6otyppp,28.178,,84.591,,1
181307-1,28.19,0.0,73.904,0.0,3
181652-11,28.194,0.0,44.519,0.0,2
186479-22 ez,28.194,0.0,157.788,0.0,7
183535-14,28.224,,146.848,,1
178915-11aaaaaa',28.229,,100.452,,1
192329-9,28.246,,78.723,,1
185745-6bj,28.262,0.0,63.69100000000001,0.0,5
191829-122,28.293,,87.836,,1
180769-14jjjjj,28.321,0.0,75.339,0.0,2
188090-13 ez,28.332,,81.808,,1
193433-10opt[],28.337,,75.964,,1
181660-88,28.404,0.0,149.807,0.0,2
190606-4x,28.407,,79.373,,1
179974°8JILK,28.422,0.0,99.839,0.0,2
184853-1 ez,28.448,,48.546,,1
194100-6 ez,28.459,,134.839,,1
191947-18 opppppp,28.586,,76.41,,1
177427-7,28.655,0.0,51.507,0.0,2
182235-13xxx,28.728,,80.239,,1
181260-31 ez,28.763,0.0,68.6,0.0,3
194126-116opt==,28.776,,86.238,,1
193566-6 so,28.782,,69.271,,1
194397-7optt==,28.792,,135.459,,1
179936-6 ez,28.883,0.0,111.634,0.0,2
182429-112qqqq,28.909000000000002,0.0,129.849,0.0,3
180131-1spkopt,29.008,0.0,139.134,0.0,2
193087-6GGG,29.012,,88.124,,1
175729-111,29.114,,46.075,,1
179169-21 optimze,29.137,0.051314158447185926,88.752,14.549702009712384,8
182424-8,29.155,0.0,47.092999999999996,0.0,3
180769-26rrrrrrpp,29.209,0.0,80.023,0.0,2
192558-6opt<<<,29.217,,90.391,,1
177832-6a,29.337,0.0,66.5,0.0,4
179974°8GUKHJ,29.348,0.0,109.671,0.0,2
CBOBRR,29.372,1.4184061477588126,148.066,11.11892643198973,3
186492-1opt,29.449,,47.138,,1
185425-9a,29.457,0.0,152.641,0.0,4
194546-6AAA,29.533,,136.611,,1
190447-10opptt,29.543,,81.652,,1
175728-2A,29.725,,239.241,,1
184680-007,29.811,,30.856,,1
184863-1 ez,29.946,,126.585,,1
171450-43a,29.964,0.0,137.51,0.0,3
181250-44,29.974,2.767094360516099,141.1625,10.486148363436406,6
193462-7sss,30.04,,73.44,,1
175897-111,30.041,,171.314,,1
182464-14,30.067,,164.201,,1
180690-26ttttt,30.115,0.0,87.234,0.0,2
190836-6zzz,30.2,,86.923,,1
15647-1srvhi,30.288,0.0,147.298,0.0,3
181478-4wweerr,30.383,0.0,101.57800000000002,0.0,3
185929-1222,30.442,,162.977,,1
194364-111,30.448,,137.327,,1
182464-20,30.456,,161.856,,1
194762-13opt1111,30.506,,76.836,,1
179374-2111,30.527,0.0,99.853,0.0,4
Magellan 125 LVN New,30.731333333333332,1.9948626464884696,83.6014358974359,11.628105523569438,78
185900-2aa,30.756,,163.921,,1
181954-1yyyyiio,30.902,,126.397,,1
GASOLINE G1+G2 TEST,30.921,,147.205,,1
NAPHTHA,31.079700000000003,3.8873512847581853,95.2993,41.60523700222258,10
191258-26a,31.091,,93.687,,1
192605-19AAA,31.133,,90.607,,1
186893-1kls,31.189,0.0,152.004,0.0,4
194188-1AAA,31.203,,150.604,,1
192309-5opttttt,31.244,,58.879,,1
185914-5aa,31.265,,153.655,,1
180525-25tttt,31.346,0.0,172.508,0.0,2
181038-7&&,31.479,0.0,164.009,0.0,2
179368-2,31.514,0.0,161.584,0.0,4
182464-15,31.62,,126.922,,1
191353-26A,31.67,,119.885,,1
180210-22 ez,31.673,0.0,60.64000000000001,0.0,3
191760-6 ez,31.686,,78.677,,1
190557-13  ez,31.805,,150.343,,1
179053-3ttttt;,31.828999999999997,0.0,158.54,0.0,3
194806-4opttt,31.843,,106.079,,1
194234-888,31.854,,98.163,,1
188880-75opttt,31.875,,138.639,,1
4678-13,31.892,0.0,145.968,0.0,4
176791-2oooop,31.91,,134.412,,1
192937-15opt<<,31.928,,80.007,,1
180083-14qqqqq,31.936,0.0,72.384,0.0,2
194318-2AAA,31.999,,134.072,,1
180210-14,32.013,0.0,59.044999999999995,0.0,3
191979-16opywww,32.059,,128.532,,1
192985-88opt<<,32.107,,132.563,,1
177874-5,32.175,0.0,69.557,0.0,4
180638-14rrrrrrrr,32.207,0.0,136.708,0.0,2
190844-199,32.29,,99.306,,1
177069-18 opt,32.368,,153.522,,1
183451°14QSQS,32.433,,161.977,,1
Naphtha,32.46300673400674,7.034682861324593,87.61390909090909,18.45392240904003,297
180006°4AAAA,32.489,0.0,176.689,0.0,2
181626-25GGG,32.498,0.0,143.768,0.0,2
182043-2peener,32.507,,164.478,,1
193138-1AA,32.519,,114.729,,1
189872-6a,32.56,,141.571,,1
191928-6AAA,32.585,,151.924,,1
191937_14ABC,32.588,,139.603,,1
190406-11opyy,32.835,,83.886,,1
186064-22,32.861,,126.754,,1
4607-14tgggggg,32.972,,148.434,,1
180444-25,32.98,0.0,70.717,0.0,2
192851-15 ez,33.003,,139.389,,1
193894-1414,33.01,,146.438,,1
181287-8 ez,33.016,0.0,127.942,0.0,3
180640-777,33.075,0.0,144.722,0.0,2
174930-111111111,33.122,0.0,144.465,0.0,6
176952-9tttttt,33.155,,131.654,,1
190557-26 ez,33.236,,147.642,,1
184138_82,33.283,,127.29,,1
175154-2ttttttbb,33.399,,126.167,,1
180901-8eeeeer,33.465,0.0,127.944,0.0,2
180702-6spksssss,33.498,0.0,151.168,0.0,2
192606_13GGG,33.531,,148.909,,1
179328-6tttrf,33.557,0.0,120.862,0.0,4
176704-54wewee,33.571,,136.288,,1
183323°5LOLLL%,33.588,,138.398,,1
177191-13a,33.598,,89.8,,1
192232-20 oppppp,33.607,,148.251,,1
191286-76a,33.639,,133.248,,1
180444-19,33.672,0.0,79.445,0.0,2
189335-4a,33.723,,137.009,,1
184579-86AAA,33.729,,142.459,,1
177322-27hhhhh,33.742,0.0,128.229,0.0,5
176952°26JJJ,33.777,,147.496,,1
179526-17ggggsfhc,33.787,0.0,127.699,0.0,3
190878-16x,33.788,,125.816,,1
192394-22CCC,33.788,,144.164,,1
194095-11spk,33.825,,145.148,,1
181852-36 ez,33.881,0.0,120.703,0.0,2
180378-148GGG,33.891,,137.734,,1
192219-9optrrrrr,33.9,,131.446,,1
192328-77,33.914,,140.459,,1
RFG2470-1CCC,33.933,,146.442,,1
176918-10,33.934,,155.748,,1
184613-7,33.947,,151.721,,1
176760-26GGG,33.997,,130.107,,1
180608-3QQQQQQQQ,34.042,0.0,148.123,0.0,2
194701-6 opppppp,34.104,,139.758,,1
186954-8 ez,34.119,,131.172,,1
176756-99a,34.14566666666666,1.4413418516553698,146.24033333333333,13.444633923366363,3
193260-2opt==,34.147,,123.257,,1
179306-49,34.171,1.1337856940356947,149.806,6.512421208736436,6
189814-61x,34.188,,134.741,,1
192734-1a,34.23,,125.376,,1
192193-3 ez,34.246,,137.159,,1
190878-366,34.337,,126.872,,1
180190-7wwwwweee,34.431,0.0,156.855,0.0,2
192922-7opt<<<,34.432,,127.656,,1
191120-3ppp,34.437,,118.272,,1
191549-32 ez,34.5185,0.3641599923110724,150.999,9.755245153249604,2
191767-2A,34.526,,137.329,,1
192158-26x,34.573,,124.339,,1
191332-6x,34.574,,131.082,,1
"193250-9opt,,",34.584,,134.793,,1
192379-15BBB,34.589,,148.317,,1
193249-6AAAA,34.589,,137.206,,1
180096_1BAGELS,34.632,0.0,185.669,0.0,2
176756-3tttttttt,34.639,,172.917,,1
181693-6gtttgyu,34.652,0.0,132.737,0.0,2
184477-3,34.654,,163.996,,1
177756-20,34.657,0.0,154.59,0.0,4
192433-1optttttt,34.668,,135.166,,1
191878-16AA,34.68,,132.762,,1
Gas Handblend,34.69906666666667,4.102103440686889,137.82906666666668,14.400686077240836,15
191508-41optt,34.707,,129.093,,1
193067-7AAA,34.747,,155.372,,1
192935-244,34.756,,155.742,,1
192729-1a,34.782,,135.841,,1
192606-1 oppppppp,34.79,,128.641,,1
177492-20qqqqq,34.864,0.0,132.674,0.0,4
1790640-4uuuu-,34.879,0.0,156.482,0.0,3
1932255-1AAA,34.912,,132.855,,1
192556-6AAA,34.918,,142.223,,1
175707-6BAGEL,34.949,,153.406,,1
191901-37 opppt,34.96,,136.413,,1
178931-6PPO,34.977,0.0,156.483,0.0,3
190934-66,35.024,,150.928,,1
193086-14opt<<,35.038,,136.876,,1
192183_111A,35.051,,125.721,,1
176732-95aaaaaa,35.067,,139.349,,1
175707-5BAGEL,35.082,,175.898,,1
192434-1 opppppp,35.084,,127.302,,1
177492-110dddd,35.102,0.0,140.417,0.0,4
191738-20 opppp,35.111,,137.159,,1
191237-29 ez,35.143,,136.266,,1
191237-29zzz,35.145,,148.031,,1
178083-1a,35.149,0.0,134.081,0.0,5
192264-24AA,35.162,,130.831,,1
190779-2xxx,35.179,,127.501,,1
192057-2 opppppp,35.182,,119.104,,1
177492-111ddddd,35.242,0.0,137.662,0.0,4
191393-6optz,35.25,,103.743,,1
175822-17a,35.3,,133.656,,1
192834-5 opppppp,35.309,,145.666,,1
192972-1 oppppppp,35.311,,140.826,,1
189335-75x,35.32,,136.144,,1
192788-19opt;;,35.333,,82.264,,1
17089-181x,35.335,,131.419,,1
180469-10tyutyt,35.364,0.0,121.359,0.0,3
192039-12so,35.435,,136.264,,1
189480-2 ez,35.475,,122.968,,1
191760-7HB,35.481,,150.204,,1
176800-6,35.494,,176.721,,1
191974-6 so,35.495,,142.6,,1
177811-4fff,35.508,0.0,149.422,0.0,4
192865-7xxx,35.514,,156.331,,1
2002-1 optimize,35.542,0.0,158.386,0.0,4
177766-1aaaaa,35.545,0.0,157.26,0.0,4
191283-15x,35.546,,137.485,,1
180806-44,35.567,0.0,123.921,0.0,2
192595-5 deeeeecubed,35.572,,169.172,,1
192779-6AAA,35.585,,128.479,,1
193038-1 ez,35.62,,140.446,,1
176957-3,35.627,,130.848,,1
191620-33rrr,35.711,,138.862,,1
183696-45b ez,35.726,,123.416,,1
179109-21kjf,35.762,0.0,151.02,0.0,4
191548-6OPTTTT,35.776,,135.033,,1
180872-55,35.791,0.0,165.233,0.0,2
191732-6 oppppp,35.834,,127.251,,1
189564-6a,35.857,,142.102,,1
191656-7 ez,35.87,,138.661,,1
185461-13 ez,35.915,0.0,150.744,0.0,2
192379-9A,35.923,,142.95,,1
192439-7BBB,35.9255,0.023334523779156954,109.53550000000001,33.87677877986631,2
190751-6 ez,35.967,,155.455,,1
192429-7 spk optttt,35.972,,157.354,,1
192246-6AA,35.977,,149.764,,1
192710-7AAA,35.982,,144.065,,1
176756-112CCC,35.9975,0.27223611075681686,175.704,0.6180113267570492,2
174869-25opt,36.013,0.0,128.974,0.0,12
190708-6a10,36.032,,144.981,,1
192103-6so,36.068,,133.842,,1
192383-88X,36.084,,133.388,,1
190694-12a,36.09,,139.297,,1
194620-144,36.101,,149.143,,1
192729-2,36.112,,139.512,,1
189914-12optee,36.12,,155.205,,1
178919-3bkkp,36.153,0.0,141.72,0.0,3
191978-22 ez,36.171,,145.716,,1
192383-88AAAAA,36.171,,131.511,,1
192439-6BBB,36.178,,137.983,,1
1873-1BAGELS,36.21,,161.405,,1
190296-8a,36.23,,122.396,,1
194155-53AAA,36.247,,147.588,,1
177640-1b,36.319,,145.993,,1
190557-5X,36.391,,158.931,,1
DQC 24585A,36.436,,144.283,,1
194668-16optttt,36.456,,147.525,,1
190425-27x,36.475,,132.352,,1
184579-53A,36.491,,146.674,,1
178493-10GGG,36.551,0.0,147.075,0.0,4
192458-26 oppppp,36.626,,123.47,,1
179100-4a,36.648,0.0,104.40500000000002,0.0,3
175730-1aaa,36.729,,129.104,,1
191097-6 spkqqq,36.768,,144.386,,1
192868_1B,36.802,,129.721,,1
193961-20opt<<,36.829,,158.843,,1
176611-37a,36.846,,131.185,,1
186622-13 ez,36.914,0.0,176.76200000000003,0.0,3
192957-5 ez,36.955,,158.541,,1
G1+G2 EVAP,36.98226709996905,16.468788205889094,133.86334880841844,30.535414782205454,3231
191712-17 opppp,37.012,,102.575,,1
193011-3AAA,37.043,0.059396969619672245,138.228,2.6573072836990623,2
189497-722,37.117,,132.886,,1
190723-3 ez,37.123,,109.34,,1
179412-19,37.197,0.0,163.258,0.0,3
192211-6,37.222,,147.571,,1
187048.3B,37.223,,106.676,,1
RFG-2380-1CCC,37.275285714285715,3.0819184887710076,148.82385714285715,13.864204333805946,7
192428-1 oppp ez,37.296,,115.801,,1
192595-5 deeeeeeee,37.33,3.6104872247385154,290.426,0.8796408357960851,2
184579-83 ez,37.338,,138.624,,1
191408-1x,37.412,,109.049,,1
190714-13optx,37.554,,173.438,,1
AUTO G1+G2 EVAP,37.6565839269813,16.7191610048652,133.72831945681213,29.97764614478971,4492
RFG-2393-1CCC,37.678,,153.047,,1
174835-333333333,37.678,0.0,110.212,0.0,2
190170-100x,37.696,,131.611,,1
192380-13optttt,37.719,6.208397538817888,78.6885,62.036599233839375,2
193112-66,37.828,,42.456,,1
190092-29 compoptt,37.853,,135.378,,1
2469-1zzzxxy,37.918,,139.604,,1
192385-15otttt,37.977,,142.415,,1
193961-7AAA,37.979,,165.01,,1
193112-6bb,38.054,,129.861,,1
188078-4lol,38.086,,109.353,,1
182335-399,38.178,0.0,154.25,0.0,3
192648-9OPT>>,38.306,,128.317,,1
190645-52zzz,38.376,,126.385,,1
176015-1B,38.385,,152.404,,1
191785-12 opppppp,38.399,,145.502,,1
191851-1aa,38.461,,169.134,,1
190884-6 ez,38.462,,155.782,,1
194773-6b,38.469,,172.108,,1
188573-8x,38.637,,144.845,,1
191979-23 ez,38.638,,127.963,,1
RFG 2416X,38.724,,144.606,,1
182534-8,38.738,,167.449,,1
184174-4,38.825,,132.412,,1
193234-1opt==,38.835,,116.166,,1
AUTO G1+G2 GAS EVAP,38.877911813036334,16.675224026027067,131.08016961840426,32.50286101281733,5477
177843-6a,39.079,0.0,143.308,0.0,4
GAS EVAP HIGH EP,39.181,,269.792,,1
191541-9optttttt,39.185,0.14424978336205363,111.77199999999999,1.0974297244015314,2
179015-6a,39.377,,128.022,,1
194463-19opt;;;,39.394,,172.072,,1
192448-2SPAVID,39.436,,148.3,,1
179271-25qqqq3,39.665,0.0,142.087,0.0,4
GAS QCB,39.757,,151.143,,1
192448-6RIZZLER,39.807,,148.481,,1
dqc,39.8725,0.08273149339882166,152.311,1.7833233021524666,2
179398-2ertret,39.9,0.0,123.801,0.0,4
177730-6aaaa,39.924,0.0,145.891,0.0,5
QC444,39.939,,152.008,,1
GASOLINE,40.024,0.5345727265770301,154.027,3.426639461630002,2
RFG2477-1CCC,40.075900000000004,6.380218307828938,140.153,18.562340674961586,10
176378-3,40.094,,145.596,,1
192392-22abc,40.124,2.6898341956336282,159.68200000000002,26.997336905702358,2
192448-4POOP,40.272,,148.742,,1
178643-9aaaa,40.277,0.0,145.613,0.0,3
182377-10rrryy,40.325,0.0,121.576,0.0,2
RFG-2411-1CCC,40.394999999999996,18.188200625680373,107.111,41.65848890682427,2
RFG-2384x,40.4245,0.2269812767608803,134.5655,1.9608071042302835,2
Camin Gas RVP +9.5..,40.496,,146.099,,1
107972-5 ez,40.589,0.0,123.459,0.0,2
179398_16BBB,40.617,0.0,146.682,0.0,3
192448-1SPAVID,40.704,,148.452,,1
193234-11opt<<,40.706,,117.319,,1
RFG2562-1AXXX,40.75671428571429,5.5878224653940025,140.66400000000002,9.309251957058637,7
DQC1,40.816500000000005,1.2612189209913802,151.2996,0.9683103496985487,10
183322-38 ez,40.877,,137.072,,1
JUNE ACCX,40.892,,148.282,,1
193234-9opt<<<,40.932,,117.567,,1
WEEK QCB,40.97966666666667,0.7615250050611179,152.80966666666666,0.8943155669747341,3
WQC,40.985,0.0,150.766,0.0,2
G1&G2 EVAP,40.99011654135338,18.17497670521149,131.5215187969925,32.46716044453372,532
194313-125AAA,40.993,,124.352,,1
Monthly ACCX,41.007,,153.998,,1
184174-85,41.09,,131.24,,1
186217-6 ez,41.202,,44.319,,1
gas qc1,41.20941666666666,1.3593122230366959,149.4785,1.739951749592246,12
dqc run,41.25333333333334,1.1572962743682635,151.0426666666667,1.8400033333303147,6
180309-12,41.272,0.0,44.237,0.0,3
182872-7loloo,41.597,,117.519,,1
189557-4opt<,41.641,,109.795,,1
RFG 2407X,41.745,,111.553,,1
189411-1GGG,41.746,,303.294,,1
179398-27werdry,41.772,0.0,44.505,0.0,3
181720-47A,41.787,0.0,139.009,0.0,2
191230-6 oppjb,41.842,,44.453,,1
182976-88,41.888,,44.83,,1
RFG2489-1CCC,41.904,7.635748110041346,152.8885,7.411470319713885,6
Mtbe 13020,41.905,,44.449,,1
WEEK QCBBBBB,41.969,,152.743,,1
RFG2478-1ccc,42.137,,133.905,,1
181720-61b,42.139,0.0,140.603,0.0,2
191769-18 oppppp,42.184,,44.588,,1
191839-1aaa,42.245,,111.827,,1
gas qc,42.272,0.0,153.56,0.0,4
191194-3x,42.286,,106.363,,1
CAMIN GAS DQC,42.4220625,0.543279114114773,151.8465,0.8127221747518294,16
191883-7 oppppppp,42.4475,0.023334523779156954,44.6305,0.1322289680818827,2
G1 & G2 EVAP,42.4619074074074,20.36529386107327,137.15679629629628,37.29408799694343,54
176603-7uuuu,42.64,,152.18,,1
192234-38 oppppp,42.708,,122.045,,1
190425-52 jb hb mtbe,42.808,,45.515,,1
mtbe 1-9,42.839,0.0,44.699,0.0,7
WQC-#11 34919x,42.862,,148.698,,1
191595-19b oopp,42.878,,44.496,,1
188651-9CCC,42.916,,144.912,,1
193888-3opt1,42.935,,105.43,,1
192117-200,42.975,,158.636,,1
189533-6x,43.046,,45.393,,1
192993-15opt<<,43.088,,44.654,,1
1869-1,43.1,,157.161,,1
177259_7,43.169,,149.768,,1
186907-1GGG,43.202,,297.264,,1
184183-144,43.224,,45.032,,1
camin gas qc opti,43.299,2.8232428163372707,149.65066666666667,0.48901567800360146,3
193208-22opt<<<,43.32,,120.393,,1
189812-7a,43.337,,154.272,,1
183096-23,43.446,,127.79,,1
192738-7 ez,43.569,,126.412,,1
175655-5 10%opt,43.584,,147.614,,1
NAFTA BRASKEM,43.5865,12.705433258168636,137.82319999999999,19.33644468527414,10
RFG 2388X,43.894,,171.409,,1
RFG2516-1CCC,44.12733333333333,5.902375228103797,161.03666666666666,8.161286193568598,3
RFG-2554A,44.443,,163.274,,1
182335-8 jgg,44.563,,154.884,,1
190613-2 jbva,44.7,,157.753,,1
RFG2502-1X,45.0632,4.402096284726176,146.0352,19.46531347551331,5
RFG-2344-1 CCC,45.1045,4.953283002211765,151.3075,1.866054795551306,2
GAS QC1,45.58,,138.731,,1
TRANSMIX?,45.674,0.0,301.47,0.0,3
191357-12a,45.794,,130.111,,1
QC44,45.796,0.08626702730475871,112.531,27.46827002197263,2
175664-3,45.851,,99.637,,1
QCAA,45.958,,153.73,,1
175019-2 bagels,46.431,0.0,314.609,0.0,2
176869-4zzz,46.546,,263.409,,1
Naphtha-Crude HB,46.788,,305.053,,1
191102-6 opjb,46.941,,167.277,,1
184365-3,47.349000000000004,19.7905045918491,91.45150000000001,82.30510800977058,2
177593-2GGG,47.351,0.0,303.129,0.0,4
TRANS 53.9,47.46,9.552350271754367,248.32175,91.20667454076874,8
P2 SLATE,47.6298275862069,13.930642568168524,99.6643448275862,26.51271053297679,29
Mixed Naphtha HB,48.17425925925926,3.6561392642300223,126.14435802469134,6.111736539864588,81
RFG 2395X,48.214,,153.839,,1
TRANS HEAVY,48.522999999999996,2.310824960917635,307.879,5.515432893255059,2
41891-3optt,48.636,,113.758,,1
transmix 53.9,48.847,5.63839040270655,284.93014285714287,20.86041811204953,7
RFG 2428X,49.065,,155.753,,1
Condensate,49.197,,149.178,,1
191557-25 deeeeeeee,49.27,,155.941,,1
176612-14a,49.528000000000006,30.443775357205617,119.4185,66.13923277828374,2
175591-2ggggg,49.64,,305.433,,1
RFG-2386-1CCC,49.671,,163.474,,1
TRANS,49.672875,8.61878097839662,273.04200000000003,58.28578885849572,8
RFG 2422X,49.884,,149.983,,1
AUTO G1+G2 Gasoline,49.982809386761126,24.46447075146822,142.033185078592,26.978398478896228,4517
190318.11X,50.281,,144.258,,1
190135-27optx,50.568,,108.37,,1
183708-5,50.615,,55.26,,1
190154-20x,51.068,,132.24,,1
193776-15x,51.167,,111.583,,1
193776-15xx,51.35,,128.085,,1
179012-25a,51.716,0.0,152.034,0.0,3
RFG-1343-1CCC,51.785,,161.997,,1
191743-9 ez,52.245,,113.27,,1
Naphtha-CrudeHB -new,52.4738,0.5561238171486629,161.2676,9.599339706458979,5
191504-11A,52.975,,130.86,,1
19119511DDD,52.999,,156.192,,1
Methanol D1078,53.292,0.03818376618407501,53.391000000000005,0.062225396744419376,2
JET A1,53.959,17.18552320995785,172.73,27.61110559177231,2
192315+7 EZ,54.403,,132.155,,1
184574-6,55.06,,139.785,,1
350 F Cut,55.128,,156.033,,1
crude 75c,55.303,,22.656,,1
crude 145c,55.467,,104.115,,1
190770-6 jba,55.481,,78.422,,1
185427-2a,55.674,0.0,132.212,0.0,7
189883-6opty,55.694,,130.194,,1
189268-3optt,55.979,,51.935,,1
RFG 2406X,56.082,,95.227,,1
192600-13 ooppppp,56.632,,167.564,,1
G4 HIGH #2,56.74475,11.348142678429804,324.11575,29.949362501562554,4
G3 HIGH BOIL,56.749,,291.546,,1
Transmix,57.0175,18.5863017434884,292.656,26.21951944639721,2
176373-8rrrrrr,57.295,,359.305,,1
191182-19ppp,57.616,,87.019,,1
176323-19,57.807,,81.398,,1
177744-82b,58.045,0.0,145.391,0.0,2
450 cut,58.523911917098445,7.588091298178524,195.0957512953368,22.368502473258175,193
181096-31GGG,58.646,0.0,184.596,0.0,2
crude opt,58.75600000000001,0.0,354.219,0.0,7
192634-31AAA,58.878,,59.764,,1
192907-6so,59.4,,84.452,,1
191889-7x,59.977,,86.291,,1
RFG2551-1XXX,59.98766666666666,8.549386079323668,135.31233333333333,20.361968601619377,3
177190-6,60.025,,114.796,,1
176871-777,60.543,,121.281,,1
192493-1opt<<,60.552,,64.455,,1
184905-6,60.79,,169.383,,1
CRUDE INV,61.18778651685393,12.817876571711755,351.43281647940074,59.58585605075067,267
175338-16A,61.301,,139.704,,1
85722-4azz,61.423,,150.709,,1
350 cut,61.49572727272727,13.153090223144591,145.03127272727272,8.225278719787052,11
2043-1opt,61.719,0.0,151.425,0.0,2
crude,61.859,0.0,350.9,0.0,7
176767-21qqqqq,62.165,,163.388,,1
85722-4a,62.201,,166.294,,1
194373-19 opppppp,64.769,,122.588,,1
AUTO G2 High Boil.,64.81554733218589,28.98426062876995,146.57623063683303,30.696967663651524,581
194252-1AAA,64.936,,115.457,,1
D1078,65.237,,145.687,,1
180c [350f] cut,65.243,,112.768,,1
192765-4GGG,65.892,,280.951,,1
D850 BENZENE,66.2815,0.038890872965259914,84.44200000000001,4.289309734677595,2
400F CUT,66.449,2.3122391744800175,175.162,16.177188939985825,2
280 cut,66.48194117647058,9.547098411066482,113.65076470588235,8.82575741392271,136
LPO 15521-31oppttt,66.664,0.0,354.223,0.0,5
182245-5hjhjhj,66.84,,282.572,,1
Camin Reformate,68.4805,12.99326780811253,148.9985,12.277353474317383,4
106558-153a,68.563,0.0,135.578,0.0,3
650°F cut,69.21549999999999,0.044547727214759206,266.127,14.980764266218221,2
60-40 MeOH Blend,69.569,,88.428,,1
175142-444,71.237,0.0,121.268,0.0,2
185590-10GG,71.836,,124.406,,1
191768-6optt,72.616,,141.899,,1
D850,73.179,24.41710801876422,76.43900000000001,28.046378964137244,3
400 cut,74.08317496807152,25.427597578720594,160.71048786717753,26.457482502988693,783
330F cut,76.04724999999999,16.57892140389919,103.68175,56.62807757861818,4
Heavy Naphtha,79.8907294117647,14.827697154784538,137.6957411764706,13.372025421034177,85
CAC 3228-2 VVV,81.148,,305.22,,1
194570-17AAA,84.635,,147.16,,1
Magellan 124 HVN New,86.73061052631579,6.576780437354179,129.2276947368421,6.727248792836233,95
TOLUENE QC,88.61070588235295,21.38193946349555,111.52694117647059,31.937781122971327,17
180129-4a,90.082,0.0,150.989,0.0,2
NP 2400,93.435,,135.956,,1
177626-19ttrtr,93.484,0.0,168.216,0.0,4
TOLUENE   CAL 1,97.96021428571429,0.33623553524997163,98.21292857142858,0.27283820629300964,14
Toluene for QC,98.82516666666668,3.7741291666643653,103.73383333333334,14.830436600675876,6
180095_2A,99.017,0.0,121.212,0.0,2
D850-tol,99.22385714285714,0.6032620847170328,102.31957142857142,4.335173578114367,7
D850 Toluene,99.375,,99.645,,1
192520-1,99.385,,100.123,,1
D 850 IBP<110C,99.707,0.0,118.97,0.0,5
D 850 IBP<110C TOL,102.76487999999999,7.142095195155733,115.27544,11.806967967687546,25
177211-12ccccc,103.024,,126.25,,1
175719-3opt,104.209,,126.285,,1
TOLUENE DD850,109.09133333333334,16.604239107328393,109.54266666666668,17.325129215487348,3
175728-1a,111.798,98.79978789450915,160.1595,166.92316230080235,2
191579-49CCC,114.898,0.0,134.382,0.0,2
Camin Gas RVP -9.5,114.939,,133.917,,1
193031-6 ez,116.756,,132.483,,1
Reformate,117.943,,156.374,,1
193640-14AAA,124.901,,126.486,,1
PARAXYLENE,125.792,,126.79,,1
Mixed Xylenes,127.275,,129.259,,1
D850 MIXED XYLENE,127.79222222222221,0.43774758074082465,128.079,0.8342989572089917,9
D850 M-XYLENE,127.9665,0.10677312395917105,128.563,0.8046875169903048,2
D850-xylene,127.97833333333334,0.6749224646826708,129.03300000000002,0.5352036995387931,3
D-850 TOLUENE,128.71550000000002,41.31695633151116,128.8715,41.387667009629816,2
180349--1qqqstu,139.07,0.0,283.689,0.0,3
G4 MOD-D1655,149.5555,1.3787061357285808,230.78395833333332,2.2873784591929063,24
191304-12A,149.788,,156.224,,1
BUCKEYE KERO,150.23815384615384,1.773931737044106,241.2006153846154,5.450737251945241,13
Magellan Kero New,151.06088095238096,1.4998558662846018,235.26838095238097,11.153227248041606,42
AUTO G3,151.59316750178954,22.090005157832586,227.82281388690052,19.94778296647671,1397
178738-1aaaaa,153.784,0.0,294.254,0.0,3
171450-24a,153.897,0.0,218.874,0.0,2
176991=16tttttttt,154.457,,237.22,,1
JET D1655-DEFSTAN91,154.86843478260872,9.578553049894547,243.1105652173913,8.40991614824746,23
176991-20hhhhhh,156.03,,235.697,,1
177236-17opt,156.552,0.0,237.806,0.0,2
ATK,157.038,,224.821,,1
177236-21ggggg,157.658,0.0,237.75,0.0,2
PSEUDOCUMENE,158.156,,158.091,,1
189706-6xzxxzz,158.488,,228.934,,1
177193-5yuuuuyuu,159.249,,228.02,,1
Diesel & Jet G4,161.081,,238.194,,1
175430-25a,167.385,,271.381,,1
192767-24so,167.509,,231.877,,1
Camin 10% Residue,170.05016666666668,39.37370665181964,312.07483333333334,61.176491858734785,48
G4 HIGH BOIL,173.85336363636364,46.56304387095134,285.0180909090909,60.482315146786114,22
CAMIN 10% RESIDUE,175.6665,46.57234181050257,299.859375,16.510472052934002,8
4663-4eeeee,184.914,,339.638,,1
177511+7EEEEE,185.408,0.0,314.746,0.0,4
177712_5ddddd,185.726,0.0,319.997,0.0,4
DIESEL QC,186.293,1.7889996739332663,306.81330769230766,1.8775811293885216,13
MEG D1078,186.3092,0.3007552160811329,186.24,0.21305867736377895,5
10% BTMS,186.78104210526317,16.022744280391052,304.94236842105266,22.931608422239094,95
QC sample,187.709,4.750120676829639,298.6209,27.338465621619015,10
191953-71AAA,188.801,,341.973,,1
Camin Diesel,189.906,,307.83,,1
179562-6a,190.418,0.0,317.256,0.0,3
178761-6qqqq,190.547,0.0,316.413,0.0,3
178500-18rrrrr,191.704,,342.183,,1
DIESEL PARA RC,193.8144609929078,16.730752950146172,325.1884468085106,35.17176539426103,141
1777024-6eeeeeee,194.335,,339.661,,1
DIESEL_9%,194.9932142857143,14.127187671892909,322.8579642857143,37.216869614812765,56
DMA,196.3628888888889,14.25435786386434,334.44377777777777,11.055373973522773,9
G4 HIGH,197.57348,41.7223082032348,323.12366000000003,35.03268929222115,50
AUTO G4,199.50048684665975,33.147868747626426,312.4415880927657,41.73687008312623,5778
AUTO G4 OPT,199.534,,330.467,,1
DIESEL PESADO,203.8882,76.94555671353322,335.23040000000003,88.27746380362319,10
CM,204.4095,0.9903125769170038,333.21375,16.490614388695988,4
Gasoil opt,205.10720833333335,14.03919193349867,336.20991666666663,16.771420540950114,96
Magellan Gasoil New,205.80193333333332,12.866090068008031,339.468,3.4221649789069475,15
10% Residue,209.833,34.04294887344515,322.898,29.3633161955526,2
GAS OIL OPT,210.08849999999998,24.146123071077795,331.95925,32.9525444296243,12
Gas Oil OPT,210.115,13.873793066261815,334.5421797752809,21.902992857225644,89
10%RESID-CCR,211.49783333333335,12.20735218491982,312.5885,9.14438520076665,6
193728-7x,211.61,,338.08,,1
10% RESIDUE,214.17649999999998,25.429681171811794,325.38,4.903078420747499,2
Buckeye Gasoil,215.34009999999998,5.771538770462113,341.0517,4.576886761935347,20
180313-6 ez,215.986,0.0,338.982,0.0,3
DIESEL,216.63742574257427,19.27564681007956,321.7220099009901,11.266987496660366,101
Gasoil OPT,216.84475,11.525722345560665,339.575875,3.6782916085608046,24
KM Diesel,221.024,,341.298,,1
178960-17aaa24,221.21,0.0,343.22700000000003,0.0,3
Gasoil,221.756,,337.267,,1
"177480-8;,llkkhk",222.481,0.0,341.676,0.0,4
Diesel,222.91457627118646,11.157788373433315,324.1540847457627,6.699631395645732,59
HEXADECAN CAL 2,265.9499090909091,0.4774018128464697,266.92318181818183,0.5152261286429107,11
**4100 GOMK,279.4282857142857,6.710008015749938,357.0885714285714,15.906673493192953,7
