product,avg_ibp,std_ibp,avg_fbp,std_fbp,avg_t50,std_t50,avg_test_duration,std_test_duration
**4100 GOMK,279.4282857142857,6.710008015749938,357.0885714285714,15.906673493192953,336.0774285714286,7.157959389312545,41.707142857142856,2.3300742545562834
10% BTMS,186.96349462365592,16.14125310960523,307.208,16.89605771294389,266.87967741935483,16.285876987213072,33.00215053763441,2.125550831998835
10% RESIDUE,214.17649999999998,25.429681171811794,325.38,4.903078420747499,290.1225,16.750652539528097,36.75833333333334,0.789602572324981
10% Residue,209.833,34.04294887344515,322.898,29.3633161955526,279.776,29.44392636860783,35.233333333333334,3.606244584051396
10%RESID-CCR,211.49783333333335,12.20735218491982,312.5885,9.14438520076665,283.3125,6.362124637257602,34.980555555555554,0.6159380079436817
106558-153a,68.563,0.0,135.578,0.0,118.88266666666668,0.0023094010767613256,35.78333333333333,0.0
107972-5 ez,40.589,0.0,123.459,0.0,106.1905,0.0007071067811899238,36.91666666666666,0.0
15647-1srvhi,30.288,0.0,147.298,0.0,75.16133333333333,0.0011547005383857906,33.68333333333333,0.0
17089-181x,35.335,,131.419,,91.444,,33.983333333333334,
171450-24a,153.897,0.0,218.874,0.0,187.272,0.0,42.9,0.0
171450-43a,29.964,0.0,137.51,0.0,79.21466666666667,0.004041451884328217,34.1,0.0
171450-78a,23.209,,163.374,,103.571,,35.916666666666664,
171450-78opt,24.052111111111113,0.02951459149490683,171.00155555555557,0.04321779468898479,104.65733333333333,0.035531676008873025,35.8,0.0
174586-999,27.413,0.0,75.614,0.0,46.68333333333334,0.0025819888974734596,34.9,0.0
174835-333333333,37.678,0.0,110.212,0.0,98.456,0.0,36.68333333333333,0.0
174869-25opt,36.013,0.0,128.974,0.0,65.136,0.004431293675253915,34.166666666666664,0.0
174930-111111111,33.122,0.0,144.465,0.0,65.06066666666668,0.0005163977794967879,35.666666666666664,0.0
175019-2 bagels,46.431,0.0,314.609,0.0,168.174,0.0,34.833333333333336,0.0
175142-444,71.237,0.0,121.268,0.0,105.112,0.0,36.083333333333336,0.0
175154-2ttttttbb,33.399,,126.167,,67.211,,35.18333333333333,
175256-1010,27.073,,76.052,,46.717,,32.95,
175281-2800,27.461,,81.787,,47.333,,35.21666666666667,
175334-1a,27.165,,47.319,,42.593,,35.68333333333333,
175338-16A,61.301,,139.704,,107.013,,35.78333333333333,
175403-1GGGG,26.492,,45.183,,41.533,,33.766666666666666,
175430-25a,167.385,,271.381,,220.879,,42.56666666666667,
175458-21,27.682,,78.21,,47.075,,35.75,
175536-6 opt,26.68,,49.209,,41.391,,31.066666666666663,
175546-19,27.435,,74.24,,46.874,,35.96666666666667,
175591-2ggggg,49.64,,305.433,,178.639,,36.35,
175655-5 10%opt,43.584,,147.614,,86.917,,35.53333333333333,
175664-3,45.851,,99.637,,94.323,,36.9,
175707-5BAGEL,35.082,,175.898,,97.284,,34.93333333333333,
175707-6BAGEL,34.949,,153.406,,106.997,,35.81666666666667,
175719-3opt,104.209,,126.285,,125.74,,39.3,
175728-1a,181.66,,278.192,,230.521,,30.0,
175728-2A,29.725,,239.241,,161.761,,38.3,
175729-111,29.114,,46.075,,44.001,,35.016666666666666,
175730-1aaa,36.729,,129.104,,75.574,,35.2,
175755-1iou,25.16,0.005656854249494269,42.040499999999994,1.5054303371461555,39.153,0.05091168824543335,70.33333333333334,1.979898987322326
175821-999,27.274,,73.836,,46.69,,34.95,
175822-17a,35.3,,133.656,,65.381,,36.28333333333333,
175897-111,30.041,,171.314,,79.479,,33.766666666666666,
175922-134,26.754,,76.977,,46.063,,36.16666666666666,
176015-1B,38.385,,152.404,,87.655,,35.4,
176062-123,23.76,,33.025,,36.302,,34.65,
176323-19,57.807,,81.398,,74.64,,35.28333333333333,
176339-54444444A,28.057,,81.845,,49.244,,35.28333333333333,
176373-8rrrrrr,57.295,,359.305,,150.624,,33.78333333333333,
176378-3,40.094,,145.596,,77.996,,33.833333333333336,
176533°10A,27.735,,74.673,,47.484,,35.43333333333333,
176542-1099,27.601,,80.549,,47.821,,36.333333333333336,
176603-7uuuu,42.64,,152.18,,103.456,,35.86666666666667,
176611-37a,36.846,,131.185,,84.296,,35.55,
176612-14a,49.528000000000006,30.443775357205617,119.4185,66.13923277828374,92.9495,64.03912563815967,54.75833333333333,22.686342563068397
176704-54wewee,33.571,,136.288,,101.007,,36.083333333333336,
176719-15bb,27.776,,79.554,,47.78,,35.1,
176732-95aaaaaa,35.067,,139.349,,84.773,,36.833333333333336,
176756-112CCC,35.9975,0.27223611075681686,175.704,0.6180113267570492,96.9855,0.24253762594698328,35.96666666666667,0.14142135623731153
176756-3tttttttt,34.639,,172.917,,89.043,,32.61666666666667,
176756-99a,34.14566666666666,1.4413418516553698,146.24033333333333,13.444633923366363,97.12333333333333,1.650686624812036,34.22777777777778,1.185834602170011
176760-26GGG,33.997,,130.107,,77.145,,34.03333333333333,
176765-1a,27.631,,42.978,,42.035,,33.81666666666667,
176767-21qqqqq,62.165,,163.388,,137.269,,34.81666666666667,
176791-2oooop,31.91,,134.412,,92.241,,37.15,
176800-6,35.494,,176.721,,122.702,,37.68333333333333,
176829-9ttrttt,27.489,,79.393,,47.658,,36.766666666666666,
176854-888,27.46,,63.401,,44.163,,33.38333333333333,
176869-4zzz,46.546,,263.409,,149.918,,25.9,
176871-777,60.543,,121.281,,93.724,,35.083333333333336,
176918-10,33.934,,155.748,,93.634,,36.71666666666667,
176942-6,26.888,,69.527,,45.657,,35.75,
176952-9tttttt,33.155,,131.654,,84.171,,35.3,
176952°26JJJ,33.777,,147.496,,81.99,,34.5,
176957-3,35.627,,130.848,,79.532,,37.766666666666666,
176991-20hhhhhh,156.03,,235.697,,200.096,,41.766666666666666,
176991=16tttttttt,154.457,,237.22,,198.85,,41.93333333333333,
177069-18 opt,32.368,,153.522,,83.867,,35.55,
177073-111,25.879,,43.942,,40.239,,31.4,
177190-6,60.025,,114.796,,93.024,,37.45,
177191-13a,33.598,,89.8,,56.311,,34.56666666666667,
177193-5yuuuuyuu,159.249,,228.02,,199.417,,41.73333333333333,
177197-7aaaaaaa,27.243,,76.437,,47.108,,33.766666666666666,
177211-12ccccc,103.024,,126.25,,125.221,,38.35,
177211-6444,27.131,0.0,82.719,0.0,48.032,0.0,35.4,0.0
177236-17opt,156.552,0.0,237.806,0.0,204.368,0.0,41.81666666666667,0.0
177236-21ggggg,157.658,0.0,237.75,0.0,204.851,0.0,41.11666666666667,0.0
177252-6,28.003,0.0,52.963,0.0,43.723,0.0,35.516666666666666,0.0
177259_7,43.169,,149.768,,91.133,,35.55,
177291-20,28.043,0.0,74.388,0.0,47.902,0.0,34.766666666666666,0.0
177322-27hhhhh,33.742,0.0,128.229,0.0,76.6748,0.0026832815729995844,34.6,0.0
177427-7,28.655,0.0,51.507,0.0,44.547,0.0,69.4,0.0
"177480-8;,llkkhk",222.481,0.0,341.676,0.0,288.256,0.003999999999993836,38.583333333333336,0.0
177492-110dddd,35.102,0.0,140.417,0.0,99.68450000000001,0.003000000000002482,36.016666666666666,0.0
177492-111ddddd,35.242,0.0,137.662,0.0,98.1015,0.0010000000000047748,36.266666666666666,0.0
177492-20qqqqq,34.864,0.0,132.674,0.0,99.31524999999999,0.003499999999996185,33.516666666666666,0.0
177511+7EEEEE,185.408,0.0,314.746,0.0,254.6045,0.003000000000002482,42.1,0.0
177558-10qqqqq,27.143,0.0,73.679,0.0,46.7748,0.00438178046003736,35.53333333333333,0.0
177593-2GGG,47.351,0.0,303.129,0.0,168.45524999999998,0.003499999999997764,33.28333333333333,0.0
177626-19ttrtr,93.484,0.0,168.216,0.0,135.79525,0.0035000000000032904,39.06666666666667,0.0
177640-1b,36.319,,145.993,,85.11,,34.71666666666667,
177680-666,26.759,0.0,50.838,0.0,42.14675,0.004499999999998987,32.31666666666667,0.0
1777024-6eeeeeee,194.335,,339.661,,285.169,,38.16666666666666,
177712_5ddddd,185.726,0.0,319.997,0.0,255.7615,0.0010000000000095117,42.41666666666666,0.0
177730-6aaaa,39.924,0.0,145.891,0.0,95.5906,0.0005477225575008086,36.016666666666666,0.0
177731-1212,27.154000000000003,0.0,54.77,0.0,43.0542,0.003834057902539146,32.416666666666664,0.0
177744-82b,58.045,0.0,145.391,0.0,112.157,0.0,36.766666666666666,0.0
177750-10222,27.46,0.0,83.794,0.0,49.206,0.0,34.516666666666666,0.0
177756-20,34.657,0.0,154.59,0.0,67.396,0.003999999999998967,34.31666666666667,0.0
177766-1aaaaa,35.545,0.0,157.26,0.0,65.81,0.0,34.63333333333333,0.0
177811-4fff,35.508,0.0,149.422,0.0,81.15,0.0,33.25,0.0
177832-6a,29.337,0.0,66.5,0.0,47.3345,0.0030000000000001137,33.416666666666664,0.0
177843-6a,39.079,0.0,143.308,0.0,115.43525,0.0034999999999942113,33.516666666666666,0.0
177874-5,32.175,0.0,69.557,0.0,51.89,0.0,34.483333333333334,0.0
177952-6,27.785,0.0,70.418,0.0,48.843,0.0019999999999994835,34.11666666666667,0.0
178083-1a,35.149,0.0,134.081,0.0,85.73240000000001,0.001341640786498336,36.18333333333333,0.0
178493-10GGG,36.551,0.0,147.075,0.0,96.37299999999999,0.0019999999999929705,34.88333333333333,0.0
178500-18rrrrr,191.704,,342.183,,285.555,,39.9,
178607-1111,26.339,0.0,48.593,0.0,41.7515,0.00100000000000063,34.1,0.0
178610-8vcx,28.062,0.0,82.494,0.0,49.172666666666665,0.0023094010767561977,36.0,0.0
178643-9aaaa,40.277,0.0,145.613,0.0,74.26266666666668,0.0023094010767510695,33.516666666666666,0.0
178706-12,27.778000000000002,0.0,77.345,0.0,48.891999999999996,0.0017320508075684303,67.78333333333333,0.0
178738-1aaaaa,153.784,0.0,294.254,0.0,206.804,0.0034641016151337836,43.04999999999999,0.0
178753-8qqqqq,27.147000000000002,0.0,85.41699999999999,0.0,48.86266666666666,0.0023094010767567104,32.81666666666667,0.0
178761-6qqqq,190.547,0.0,316.413,0.0,260.64466666666664,0.004041451884322064,41.06666666666667,0.0
178915-11aaaaaa',28.229,,100.452,,51.829,,35.71666666666667,
178915-18a,27.863,0.0,76.345,0.0,48.5932,0.0017888543819983107,34.46666666666667,0.0
178919-3bkkp,36.153,0.0,141.72,0.0,76.47133333333333,0.0011547005383786115,33.85,0.0
178931-6PPO,34.977,0.0,156.483,0.0,93.71533333333333,0.004618802153522651,31.866666666666664,0.0
178948-111,27.094,,40.599,,41.337,,35.05,
178960-17aaa24,221.21,0.0,343.22700000000003,0.0,289.418,0.0,39.25,0.0
178974-6a,27.59,,100.968,,48.131,,33.75,
178980-14,27.902,0.0,76.97,0.0,48.87199999999999,0.0017320508075699685,32.583333333333336,0.0
179012-25a,51.716,0.0,152.034,0.0,95.516,0.0,36.6,0.0
179015-6a,39.377,,128.022,,86.556,,35.7,
179049=19qqqqq',28.042999999999996,0.0,104.789,0.0,48.85,0.0,34.7,0.0
179053-3ttttt;,31.828999999999997,0.0,158.54,0.0,85.657,0.0,32.56666666666667,0.0
1790640-4uuuu-,34.879,0.0,156.482,0.0,66.48,0.0,33.65,0.0
179081-8aaaa3,27.964,0.0,96.69599999999998,0.0,47.522,0.0,32.4,0.0
179100-4a,36.648,0.0,104.40500000000002,0.0,70.302,0.0,35.96666666666667,0.0
179109-21kjf,35.762,0.0,151.02,0.0,67.46225,0.001500000000001241,36.05,0.0
179169-21 optimze,29.137,0.051314158447185926,88.752,14.549702009712384,47.8545,0.478674956819043,34.69166666666666,0.953231762820984
179271-25qqqq3,39.665,0.0,142.087,0.0,84.27199999999999,0.002309401076759958,36.3,0.0
179306-49,34.171,1.1337856940356947,149.806,6.512421208736436,98.712,6.056351178721389,35.8,1.241504463678376
179317-6dddds,27.448,0.0,87.217,0.0,45.872,0.0023094010767613256,32.21666666666667,0.0
179325-4eeeeer,27.9,0.0,75.651,0.0,48.883,0.0034641016151378858,35.46666666666667,0.0
179328-6tttrf,33.557,0.0,120.862,0.0,64.162,0.002309401076759958,37.15,0.0
179362-1tfgvb,25.215,0.0,39.145,0.0,38.7705,0.0005773502691889639,36.0,0.0
179368-2,31.514,0.0,161.584,0.0,110.893,0.0034641016151378858,36.0,0.0
179374-2111,30.527,0.0,99.853,0.0,53.17525,0.003499999999999935,32.016666666666666,0.0
179398-27werdry,41.772,0.0,44.505,0.0,54.673333333333325,0.0028867513459455035,36.2,0.0
179398-2ertret,39.9,0.0,123.801,0.0,87.02,0.0,36.36666666666667,0.0
179398_16BBB,40.617,0.0,146.682,0.0,90.67533333333334,0.004618802153508293,35.06666666666667,0.0
179412-19,37.197,0.0,163.258,0.0,103.95466666666665,0.004041451884328217,33.86666666666667,0.0
179526-17ggggsfhc,33.787,0.0,127.699,0.0,65.984,0.0034641016151368605,70.06666666666666,0.0
179541-1qQQE,26.301,0.0,38.008,0.0,39.830666666666666,0.0005773502691928953,34.083333333333336,0.0
179552-3a,25.176,0.0,126.057,0.0,67.12,0.0,32.016666666666666,0.0
179562-6a,190.418,0.0,317.256,0.0,260.80266666666665,0.0023094010767203024,42.96666666666667,0.0
179934-9a,27.996,0.0,45.607,0.0,42.9405,0.0007071067811899238,33.95,0.0
179936-6 ez,28.883,0.0,111.634,0.0,50.730999999999995,0.0014142135623723114,33.666666666666664,0.0
179963-11 ez,27.124,0.0,82.621,0.0,48.684,0.005656854249491757,32.6,0.0
179972-17ttstfg,26.891,0.0,79.033,0.0,48.186,0.0,34.18333333333333,0.0
179974°8GUKHJ,29.348,0.0,109.671,0.0,50.0135,0.00494974746830937,27.566666666666663,0.0
179974°8JILK,28.422,0.0,99.839,0.0,47.7815,0.002121320343559723,32.36666666666667,0.0
180006°4AAAA,32.489,0.0,176.689,0.0,108.274,0.005656854249499294,35.516666666666666,0.0
180083-14qqqqq,31.936,0.0,72.384,0.0,51.494,0.0,35.06666666666667,0.0
180095_2A,99.017,0.0,121.212,0.0,120.173,0.0,38.71666666666667,0.0
180096_1BAGELS,34.632,0.0,185.669,0.0,125.533,0.0,31.53333333333333,0.0
180129-4a,90.082,0.0,150.989,0.0,103.429,0.0,78.76666666666667,0.0
180131-1spkopt,29.008,0.0,139.134,0.0,62.031,0.0,34.95,0.0
180167-11,27.217,0.0,79.007,0.0,48.69533333333334,0.004618802153517523,35.766666666666666,0.0
180190-7wwwwweee,34.431,0.0,156.855,0.0,66.183,0.0,34.28333333333333,0.0
180210-14,32.013,0.0,59.044999999999995,0.0,50.303999999999995,0.00346410161513686,36.63333333333333,0.0
180210-22 ez,31.673,0.0,60.64000000000001,0.0,49.78466666666666,0.004041451884326166,34.95,0.0
180309-12,41.272,0.0,44.237,0.0,54.06333333333333,0.0028867513459455035,36.833333333333336,0.0
180313-6 ez,215.986,0.0,338.982,0.0,284.8306666666667,0.0005773502692087918,38.25,0.0
180349--1qqqstu,139.07,0.0,283.689,0.0,207.85533333333333,0.004618802153522651,24.433333333333334,0.0
180378-148GGG,33.891,,137.734,,110.35,,36.083333333333336,
180444-19,33.672,0.0,79.445,0.0,54.751000000000005,0.0014142135623723114,35.083333333333336,0.0
180444-25,32.98,0.0,70.717,0.0,52.524,0.0056568542494892455,36.16666666666666,0.0
180469-10tyutyt,35.364,0.0,121.359,0.0,65.87133333333334,0.0023094010767541464,30.416666666666668,0.0
180525-25tttt,31.346,0.0,172.508,0.0,108.06450000000001,0.006363961030674145,37.13333333333333,0.0
180608-3QQQQQQQQ,34.042,0.0,148.123,0.0,66.08,0.0,34.233333333333334,0.0
180638-14rrrrrrrr,32.207,0.0,136.708,0.0,70.6005,0.0007071067811899238,34.18333333333333,0.0
180640-777,33.075,0.0,144.722,0.0,82.72,0.0,33.71666666666667,0.0
180690-26ttttt,30.115,0.0,87.234,0.0,57.83,0.0,34.78333333333333,0.0
180702-6spksssss,33.498,0.0,151.168,0.0,65.8135,0.004949747468294297,34.666666666666664,0.0
180769-14jjjjj,28.321,0.0,75.339,0.0,47.8005,0.0007071067811899238,35.28333333333333,0.0
180769-26rrrrrrpp,29.209,0.0,80.023,0.0,48.6605,0.0007071067811899238,35.7,0.0
180806-44,35.567,0.0,123.921,0.0,76.924,0.005656854249494269,37.46666666666667,0.0
180872-55,35.791,0.0,165.233,0.0,70.40350000000001,0.004949747468304346,33.06666666666667,0.0
180901-8eeeeer,33.465,0.0,127.944,0.0,81.6405,0.0007071067811899238,35.166666666666664,0.0
181020-10,27.234,0.0,74.313,0.0,48.034,0.0056568542494892455,39.45,0.0
181038-7&&,31.479,0.0,164.009,0.0,93.9135,0.00494974746830937,33.65,0.0
181048-10 ez,27.225,0.0,82.783,0.0,49.2145,0.006363961030679169,34.95,0.0
181096-31GGG,58.646,0.0,184.596,0.0,85.008,0.0,36.03333333333333,0.0
181241-13,26.929,0.0,71.679,0.0,47.226,0.005196152422706829,37.1,0.0
181241-32,27.672,0.0,81.928,0.0,49.294000000000004,0.00346410161513686,34.733333333333334,0.0
181250-44,29.974,2.767094360516099,141.1625,10.486148363436406,71.42399999999999,5.402005997775271,32.541666666666664,0.027386127875259646
181260-31 ez,28.763,0.0,68.6,0.0,46.58533333333333,0.004618802153517523,34.68333333333333,0.0
181287-8 ez,33.016,0.0,127.942,0.0,77.26,0.0,34.45,0.0
181294-27 ez,27.814000000000004,0.0,145.182,0.0,66.176,0.005196152422706829,35.31666666666667,0.0
181307-1,28.19,0.0,73.904,0.0,48.56333333333333,0.0028867513459455035,36.0,0.0
181478-4wweerr,30.383,0.0,101.57800000000002,0.0,56.791333333333334,0.002309401076759787,35.11666666666667,0.0
181599-38b,27.34,0.0,144.261,0.0,77.6305,0.0007071067811899238,35.46666666666667,0.0
181626-25GGG,32.498,0.0,143.768,0.0,82.75450000000001,0.0063639610306841935,33.25,0.0
181647-14444444cc,27.942,0.0,154.299,0.0,65.54,0.0,34.9,0.0
181652-11,28.194,0.0,44.519,0.0,42.8915,0.002121320343559723,35.61666666666667,0.0
181660-88,28.404,0.0,149.807,0.0,65.49449999999999,0.006363961030674145,32.85,0.0
181693-6gtttgyu,34.652,0.0,132.737,0.0,91.91,0.0,35.3,0.0
181720-47A,41.787,0.0,139.009,0.0,106.8635,0.00494974746830937,36.35,0.0
181720-61b,42.139,0.0,140.603,0.0,107.0535,0.00494974746830937,35.5,0.0
181765-14,26.123,0.0,76.433,0.0,47.5505,0.0007071067811899238,33.766666666666666,0.0
181781-5 ez,26.284,0.0,155.556,0.0,88.873,0.004242640687119446,33.88333333333333,0.0
181852-36 ez,33.881,0.0,120.703,0.0,83.312,0.0028284271247395985,35.583333333333336,0.0
181928-32uuiiiui,24.152,,174.299,,98.648,,72.08333333333333,
181954-1yyyyiio,30.902,,126.397,,86.509,,36.4,
182024=21tttyyuu,25.134,,148.631,,65.69,,35.55,
182043-2peener,32.507,,164.478,,100.92,,29.03333333333333,
182077-18rrttr,26.832,,78.976,,47.953,,33.06666666666667,
182235-13xxx,28.728,,80.239,,51.002,,33.2,
182245-5hjhjhj,66.84,,282.572,,215.757,,29.73333333333333,
182281-18,27.228,,74.046,,48.07,,33.583333333333336,
182335-399,38.178,0.0,154.25,0.0,88.41533333333332,0.004618802153522651,36.56666666666667,0.0
182335-8 jgg,44.563,,154.884,,91.86,,36.9,
182351-9 AN,25.988500000000002,0.5536789081528516,140.438,13.042342580993653,82.31725,15.029871176538185,34.166666666666664,1.0007404665953519
182377-10rrryy,40.325,0.0,121.576,0.0,83.473,0.004242640687119446,35.03333333333333,0.0
182386-10,27.102,0.0,74.016,0.0,47.4015,0.002121320343559723,34.63333333333333,0.0
182387-10,26.3,0.0,81.821,0.0,50.24333333333333,0.0028867513459455035,34.5,0.0
182424-8,29.155,0.0,47.092999999999996,0.0,44.72533333333333,0.004618802153517523,34.516666666666666,0.0
182425-9,26.118,0.0,144.164,0.0,66.83449999999999,0.006363961030674145,33.43333333333333,0.0
182429-112qqqq,28.909000000000002,0.0,129.849,0.0,83.73,0.0,35.93333333333333,0.0
182430-7 ks,27.765,0.0,147.714,0.0,66.5835,0.00494974746830937,34.13333333333333,0.0
182464-14,30.067,,164.201,,79.488,,36.3,
182464-15,31.62,,126.922,,87.139,,34.25,
182464-20,30.456,,161.856,,79.161,,37.85,
182534-8,38.738,,167.449,,95.204,,36.7,
182690-1a,27.486,,44.451,,42.116,,35.583333333333336,
182786-3B,17.948,,138.515,,87.348,,34.68333333333333,
182872-7loloo,41.597,,117.519,,79.126,,34.55,
182976-88,41.888,,44.83,,54.689,,36.5,
183005-11,26.553,,72.378,,46.569,,36.05,
183096-23,43.446,,127.79,,85.594,,34.65,
183112-8rrttty,25.368,,149.695,,66.237,,31.966666666666665,
183115-19,24.345,,83.023,,50.321,,36.18333333333333,
183159-7,27.201,,43.042,,41.743,,35.31666666666667,
183215-12opt,23.126,,161.201,,67.618,,31.83333333333333,
183322-38 ez,40.877,,137.072,,84.985,,34.516666666666666,
183323°5LOLLL%,33.588,,138.398,,80.207,,34.983333333333334,
183451°14QSQS,32.433,,161.977,,107.524,,34.28333333333333,
183506-1,27.066,,42.137,,41.517,,36.3,
183535-14,28.224,,146.848,,67.483,,35.25,
183542-6qqqwwee,25.515,,150.922,,100.71,,33.583333333333336,
183696-45b ez,35.726,,123.416,,80.673,,35.583333333333336,
183708-5,50.615,,55.26,,63.13,,35.13333333333333,
183732-9,27.095,,73.932,,46.751,,36.53333333333333,
183767-6,24.552333333333333,1.222383873148422,90.19333333333333,57.595454736752735,51.198,13.938361309709258,33.82222222222222,1.4166013056817566
184016-10 ez,20.006,,157.22,,95.696,,33.65,
184016-11bbbb,22.004,,152.708,,78.558,,34.63333333333333,
184016-8 10%opt,22.82,,160.555,,69.318,,34.36666666666667,
184016-9 opt,24.886,,159.944,,80.043,,32.85,
184138_82,33.283,,127.29,,81.243,,35.13333333333333,
184174-4,38.825,,132.412,,75.454,,71.08333333333333,
184174-85,41.09,,131.24,,85.973,,36.15,
184183-144,43.224,,45.032,,55.124,,35.5,
184247-7GGG,24.395,,149.852,,66.608,,33.7,
184271-24,26.79,,73.432,,47.521,,34.93333333333333,
184324-15 ez,26.205,,160.267,,67.682,,34.28333333333333,
184365-3,61.343,,149.65,,122.103,,36.46666666666667,
184418-2 opppppp,27.486,,76.499,,47.13,,32.766666666666666,
184477-3,34.654,,163.996,,112.397,,34.86666666666667,
184530-6GGG,21.612,,164.206,,92.833,,33.05,
184574-6,55.06,,139.785,,111.821,,35.86666666666667,
184579-53A,36.491,,146.674,,88.251,,33.78333333333333,
184579-83 ez,37.338,,138.624,,90.37,,33.666666666666664,
184579-86AAA,33.729,,142.459,,92.918,,33.3,
184580-6,23.923,,150.971,,90.099,,34.81666666666667,
184613-7,33.947,,151.721,,77.383,,36.8,
184678-2,26.019,,152.701,,64.697,,35.9,
184719-14 ez,24.789,,145.373,,65.863,,35.43333333333333,
184845-18 ez,27.053,,151.885,,80.989,,35.06666666666667,
184853-1 ez,28.448,,48.546,,44.006,,33.083333333333336,
184863-1 ez,29.946,,126.585,,82.99,,38.05,
184905-6,60.79,,169.383,,81.399,,38.03333333333333,
185000-1,26.742,,69.831,,46.191,,35.7,
185120-10a,26.605,,75.009,,46.093,,37.25,
185425-9a,29.457,0.0,152.641,0.0,66.773,0.0,34.35,0.0
185427-2a,55.674,0.0,132.212,0.0,94.53514285714286,0.0022677868380563296,34.63333333333333,0.0
185461-13 ez,35.915,0.0,150.744,0.0,72.888,0.0,35.75,0.0
185465-6a,27.158,0.0,160.094,0.0,89.095,0.0,32.5,0.0
185498-22a,24.265,,155.715,,65.82,,33.38333333333333,
1855-1 OPT,27.356,,149.356,,96.028,,33.21666666666667,
185590-10GG,71.836,,124.406,,103.498,,28.98333333333333,
185599-1a,25.345,,155.084,,66.537,,34.0,
185642-8a,26.86,0.0,155.679,0.0,66.594,0.0,35.45,0.0
185725-7 ez,26.895,,71.796,,46.387,,35.31666666666667,
185745-6bj,28.262,0.0,63.69100000000001,0.0,45.106,0.0,35.61666666666667,0.0
185834-6,25.256,,69.709,,45.298,,34.21666666666667,
185900-2aa,30.756,,163.921,,89.484,,33.35,
185914-5aa,31.265,,153.655,,90.083,,34.6,
185929-1222,30.442,,162.977,,92.157,,33.0,
185947-2aa,23.878,,101.559,,62.439,,34.1,
186064-22,32.861,,126.754,,92.469,,34.53333333333333,
186217-6 ez,41.202,,44.319,,54.051,,36.45,
186256-21a,26.698,,160.43,,98.719,,31.23333333333333,
1864-1a,22.689,0.0,148.644,0.0,91.885,0.0,33.06666666666667,0.0
186422-9 ez,27.4,,69.331,,45.984,,34.11666666666667,
186479-22 ez,28.194,0.0,157.788,0.0,89.53514285714286,0.002267786838055449,34.21666666666667,0.0
186492-1opt,29.449,,47.138,,44.89,,32.733333333333334,
186610-6 10% ez,26.34,0.0,140.252,0.0,68.681,0.0,36.05,0.0
186622-13 ez,36.914,0.0,176.76200000000003,0.0,125.004,0.0,36.81666666666667,0.0
186893-1kls,31.189,0.0,152.004,0.0,65.855,0.0,41.7,0.0
1869-1,43.1,,157.161,,107.892,,37.4,
186907-1GGG,43.202,,297.264,,187.319,,33.45,
186929_1A,25.875,0.0,38.074,0.0,39.360857142857135,0.00037796447300849555,33.483333333333334,0.0
186954-8 ez,34.119,,131.172,,83.91,,34.266666666666666,
187048.3B,37.223,,106.676,,94.599,,35.266666666666666,
1873-1BAGELS,36.21,,161.405,,88.66,,35.483333333333334,
188078-4lol,38.086,,109.353,,73.611,,34.45,
188090-13 ez,28.332,,81.808,,47.647,,32.85,
188573-8x,38.637,,144.845,,85.646,,34.21666666666667,
188651-9CCC,42.916,,144.912,,96.051,,34.78333333333333,
188880-75opttt,31.875,,138.639,,95.696,,34.36666666666667,
1891611-44,25.479,,37.722,,38.955,,34.7,
189261-7optt,27.643,,72.529,,46.115,,35.766666666666666,
189335-4a,33.723,,137.009,,77.665,,34.2,
189335-75x,35.32,,136.144,,77.027,,36.91666666666666,
189390-1x,26.986,,69.392,,45.791,,34.266666666666666,
189411-1GGG,41.746,,303.294,,157.984,,32.916666666666664,
189446-11qwqw,26.957,,71.251,,46.059,,33.93333333333333,
189480-2 ez,35.475,,122.968,,72.579,,37.28333333333333,
189497-722,37.117,,132.886,,104.619,,33.166666666666664,
189519-288,26.832,,64.284,,44.303,,34.233333333333334,
189524-15a,26.118,,49.313,,41.132,,36.083333333333336,
189524-9a,26.029,,49.003,,41.078,,35.583333333333336,
189533-6x,43.046,,45.393,,55.054,,36.61666666666667,
189545-13b,27.192,,74.575,,46.401,,32.9,
189545-33 ez,27.338,,77.694,,47.27,,35.483333333333334,
189557-4opt<,41.641,,109.795,,82.508,,36.65,
189564-6a,35.857,,142.102,,85.633,,36.31666666666667,
189566-1x,25.82,,40.539,,39.867,,35.86666666666667,
189571-1OPTT,27.312,,60.036,,43.236,,32.3,
189706-6xzxxzz,158.488,,228.934,,199.877,,39.35,
189777-22,24.634,,35.463,,37.84,,35.233333333333334,
189778-6a,26.293,,43.319,,40.709,,37.016666666666666,
189812-7a,43.337,,154.272,,110.45,,34.1,
189814-61x,34.188,,134.741,,83.358,,32.86666666666667,
189872-6a,32.56,,141.571,,83.844,,35.666666666666664,
189883-6opty,55.694,,130.194,,102.363,,35.9,
189914-12optee,36.12,,155.205,,93.006,,34.6,
190043-8a,27.146,,73.022,,47.584,,34.53333333333333,
190092-29 compoptt,37.853,,135.378,,80.322,,35.11666666666667,
190135-27optx,50.568,,108.37,,81.28,,35.9,
190154-20x,51.068,,132.24,,98.197,,37.5,
190170-100x,37.696,,131.611,,93.921,,34.18333333333333,
190280-8x,27.964,,69.718,,45.561,,39.25,
190296-8a,36.23,,122.396,,69.787,,36.36666666666667,
190318.11X,50.281,,144.258,,101.888,,34.43333333333333,
190406-11opyy,32.835,,83.886,,54.168,,33.833333333333336,
190425-27x,36.475,,132.352,,87.645,,37.0,
190425-52 jb hb mtbe,42.808,,45.515,,55.039,,34.666666666666664,
190447-10opptt,29.543,,81.652,,52.56,,35.1,
190557-13  ez,31.805,,150.343,,78.53,,67.43333333333334,
190557-26 ez,33.236,,147.642,,82.053,,34.21666666666667,
190557-5X,36.391,,158.931,,100.51,,35.03333333333333,
190606-4x,28.407,,79.373,,49.871,,35.61666666666667,
190613-2 jbva,44.7,,157.753,,101.228,,36.21666666666667,
190645-52zzz,38.376,,126.385,,82.087,,34.666666666666664,
190691-26 ez,27.855,,77.848,,48.806,,32.7,
190694-12a,36.09,,139.297,,85.635,,33.166666666666664,
190708-6a10,36.032,,144.981,,81.587,,35.18333333333333,
190714-13optx,37.554,,173.438,,122.206,,36.2,
190723-3 ez,37.123,,109.34,,73.902,,35.3,
190751-6 ez,35.967,,155.455,,68.848,,33.666666666666664,
190770-6 jba,55.481,,78.422,,73.976,,37.53333333333333,
190779-2xxx,35.179,,127.501,,67.378,,36.23333333333333,
190836-6zzz,30.2,,86.923,,51.885,,33.53333333333333,
190844-199,32.29,,99.306,,61.771,,32.666666666666664,
190878-16x,33.788,,125.816,,65.627,,35.266666666666666,
190878-366,34.337,,126.872,,65.563,,37.38333333333333,
190884-6 ez,38.462,,155.782,,91.387,,35.93333333333333,
190934-66,35.024,,150.928,,94.276,,34.85,
190993-11zzz,28.171,,76.886,,49.489,,32.4,
191097-6 spkqqq,36.768,,144.386,,116.757,,35.06666666666667,
191102-6 opjb,46.941,,167.277,,102.348,,34.166666666666664,
191120-3ppp,34.437,,118.272,,87.238,,35.4,
191182-19ppp,57.616,,87.019,,76.596,,36.28333333333333,
191194-3x,42.286,,106.363,,79.491,,35.61666666666667,
19119511DDD,52.999,,156.192,,111.191,,37.73333333333333,
191216-196optwww,27.793,,77.724,,48.071,,36.0,
191230-6 oppjb,41.842,,44.453,,54.522,,38.36666666666667,
191237-29 ez,35.143,,136.266,,64.632,,36.81666666666667,
191237-29zzz,35.145,,148.031,,66.641,,37.333333333333336,
191258-26a,31.091,,93.687,,52.648,,37.43333333333333,
191283-15x,35.546,,137.485,,83.036,,34.86666666666667,
191286-76a,33.639,,133.248,,81.503,,35.9,
191304-12A,149.788,,156.224,,162.999,,37.35,
191322-17x,27.5,,74.524,,47.576,,34.3,
191331-13 opppp,27.93,,79.211,,48.967,,33.5,
191332-6x,34.574,,131.082,,95.578,,33.46666666666667,
191353-26A,31.67,,119.885,,56.885,,36.36666666666667,
191357-12a,45.794,,130.111,,99.121,,35.85,
191393-6optz,35.25,,103.743,,69.544,,32.9,
191403-6 ez,26.718,,65.315,,43.236,,34.71666666666667,
191408-1x,37.412,,109.049,,83.464,,35.0,
191467-17OPTTTT,27.71,,81.779,,49.041,,36.21666666666667,
191504-11A,52.975,,130.86,,67.274,,36.43333333333333,
191506-77,27.044,,79.99,,48.495,,38.55,
191508-41optt,34.707,,129.093,,80.154,,36.6,
191541-9optttttt,39.185,0.14424978336205363,111.77199999999999,1.0974297244015314,97.243,0.2658721497261402,36.608333333333334,1.1902964149973576
191548-6OPTTTT,35.776,,135.033,,84.523,,35.333333333333336,
191549-32 ez,34.5185,0.3641599923110724,150.999,9.755245153249604,80.9725,2.8927738418341566,35.233333333333334,1.3435028842544368
191557-25 deeeeeeee,49.27,,155.941,,98.214,,36.78333333333333,
191579-49CCC,114.898,0.0,134.382,0.0,133.238,0.0,39.81666666666667,0.0
191595-19b oopp,42.878,,44.496,,54.951,,40.4,
191620-33rrr,35.711,,138.862,,65.067,,35.233333333333334,
191656-7 ez,35.87,,138.661,,67.048,,35.916666666666664,
191711-19,27.759,,77.363,,48.404,,33.333333333333336,
191712-17 opppp,37.012,,102.575,,105.515,,34.38333333333333,
191732-6 oppppp,35.834,,127.251,,88.172,,33.38333333333333,
191738-20 opppp,35.111,,137.159,,65.923,,32.266666666666666,
191743-9 ez,52.245,,113.27,,99.853,,36.833333333333336,
191760-6 ez,31.686,,78.677,,54.35,,35.71666666666667,
191760-7HB,35.481,,150.204,,65.649,,35.516666666666666,
191764-6otyppp,28.178,,84.591,,48.801,,33.35,
191767-2A,34.526,,137.329,,65.577,,34.45,
191768-6optt,72.616,,141.899,,112.196,,38.31666666666667,
191769-18 oppppp,42.184,,44.588,,54.733,,35.25,
191785-12 opppppp,38.399,,145.502,,91.093,,35.733333333333334,
191829-122,28.293,,87.836,,47.431,,30.066666666666663,
191839-1aaa,42.245,,111.827,,78.795,,36.7,
191851-1aa,38.461,,169.134,,90.019,,34.083333333333336,
191878-16AA,34.68,,132.762,,83.54,,36.03333333333333,
191883-7 oppppppp,42.4475,0.023334523779156954,44.6305,0.1322289680818827,54.8595,0.02050609665440982,35.775,0.6717514421272222
191889-7x,59.977,,86.291,,78.078,,35.06666666666667,
191901-37 opppt,34.96,,136.413,,65.87,,37.41666666666666,
191928-6AAA,32.585,,151.924,,69.14,,48.41666666666666,
191937_14ABC,32.588,,139.603,,81.089,,34.8,
191947-18 opppppp,28.586,,76.41,,49.602,,34.88333333333333,
191953-71AAA,188.801,,341.973,,284.556,,38.56666666666667,
191974-6 so,35.495,,142.6,,89.426,,33.71666666666667,
191978-22 ez,36.171,,145.716,,79.381,,34.166666666666664,
191979-16opywww,32.059,,128.532,,74.054,,32.75,
191979-23 ez,38.638,,127.963,,74.866,,34.36666666666667,
192039-12so,35.435,,136.264,,90.069,,34.3,
192057-2 opppppp,35.182,,119.104,,65.519,,35.1,
192103-6so,36.068,,133.842,,95.829,,36.56666666666667,
192117-200,42.975,,158.636,,91.929,,37.53333333333333,
192158-26x,34.573,,124.339,,65.758,,33.75,
192178-2x,27.487,,167.207,,65.506,,37.06666666666667,
192183_111A,35.051,,125.721,,80.298,,33.65,
192193-3 ez,34.246,,137.159,,66.388,,35.583333333333336,
192208-6,27.837,,75.825,,47.193,,32.18333333333333,
192211-6,37.222,,147.571,,88.986,,33.05,
192216-7leo,27.566,,75.62,,47.29,,34.18333333333333,
192217-12x,27.421,,79.78,,46.159,,32.55,
192217-6AAA,27.075,,79.056,,45.108,,31.98333333333333,
192219-9optrrrrr,33.9,,131.446,,83.21,,35.15,
192232-20 oppppp,33.607,,148.251,,91.211,,34.516666666666666,
192234-38 oppppp,42.708,,122.045,,83.58,,36.56666666666667,
192246-6AA,35.977,,149.764,,90.622,,34.333333333333336,
192264-24AA,35.162,,130.831,,66.654,,34.28333333333333,
192309-5opttttt,31.244,,58.879,,48.486,,33.75,
192315+7 EZ,54.403,,132.155,,102.066,,33.96666666666667,
192328-77,33.914,,140.459,,66.617,,36.41666666666666,
192329-9,28.246,,78.723,,49.112,,32.18333333333333,
192379-15BBB,34.589,,148.317,,83.498,,36.41666666666666,
192379-9A,35.923,,142.95,,83.977,,35.18333333333333,
192380-13optttt,42.109,,122.555,,81.965,,33.3,
192383-88AAAAA,36.171,,131.511,,86.793,,37.73333333333333,
192383-88X,36.084,,133.388,,88.506,,35.333333333333336,
192385-15otttt,37.977,,142.415,,112.347,,36.516666666666666,
192392-22abc,40.124,2.6898341956336282,159.68200000000002,26.997336905702358,103.3045,5.972930980682769,54.275,25.89189330444741
192394-22CCC,33.788,,144.164,,93.466,,34.2,
192428-1 oppp ez,37.296,,115.801,,68.77,,34.31666666666667,
192429-7 spk optttt,35.972,,157.354,,69.198,,35.266666666666666,
192433-1optttttt,34.668,,135.166,,65.498,,33.516666666666666,
192434-1 opppppp,35.084,,127.302,,67.299,,33.38333333333333,
192439-6BBB,36.178,,137.983,,90.582,,32.85,
192439-7BBB,35.9255,0.023334523779156954,109.53550000000001,33.87677877986631,67.24350000000001,0.25809397513309124,30.65,9.545941546018392
192448-1SPAVID,40.704,,148.452,,96.21,,35.983333333333334,
192448-2SPAVID,39.436,,148.3,,100.334,,33.483333333333334,
192448-4POOP,40.272,,148.742,,95.57,,34.63333333333333,
192448-6RIZZLER,39.807,,148.481,,99.806,,35.2,
192458-26 oppppp,36.626,,123.47,,77.143,,34.95,
192493-1opt<<,60.552,,64.455,,72.566,,37.23333333333333,
192520-1,99.385,,100.123,,110.6,,24.8,
192556-6AAA,34.918,,142.223,,65.393,,35.13333333333333,
192558-6opt<<<,29.217,,90.391,,51.467,,35.416666666666664,
192574-19opttt<<,27.472,,76.909,,48.213,,35.68333333333333,
192595-5 deeeeecubed,35.572,,169.172,,74.463,,31.65,
192595-5 deeeeeeee,37.33,3.6104872247385154,290.426,0.8796408357960851,85.1645,6.672966694057442,35.108333333333334,0.22391714737573737
192600-13 ooppppp,56.632,,167.564,,73.243,,35.8,
192605-19AAA,31.133,,90.607,,55.556,,33.233333333333334,
192606-1 oppppppp,34.79,,128.641,,82.431,,35.2,
192606_13GGG,33.531,,148.909,,82.745,,35.55,
192648-9OPT>>,38.306,,128.317,,79.664,,35.233333333333334,
192710-7AAA,35.982,,144.065,,65.606,,36.66666666666666,
192729-1a,34.782,,135.841,,64.806,,34.1,
192729-2,36.112,,139.512,,66.073,,33.5,
192734-1a,34.23,,125.376,,65.531,,35.6,
192738-7 ez,43.569,,126.412,,80.213,,69.73333333333333,
192765-4GGG,65.892,,280.951,,208.787,,30.416666666666668,
192767-24so,167.509,,231.877,,203.93,,38.98333333333333,
192779-6AAA,35.585,,128.479,,69.858,,35.53333333333333,
192788-19opt;;,35.333,,82.264,,59.456,,38.7,
192830-19opt==,27.524,,76.733,,48.337,,36.03333333333333,
192834-5 opppppp,35.309,,145.666,,66.66,,34.71666666666667,
192851-15 ez,33.003,,139.389,,83.827,,35.18333333333333,
192865-7xxx,35.514,,156.331,,67.289,,33.766666666666666,
192868_1B,36.802,,129.721,,66.311,,33.78333333333333,
192907-6so,59.4,,84.452,,77.178,,36.38333333333333,
192922-7opt<<<,34.432,,127.656,,67.157,,68.3,
192935-244,34.756,,155.742,,91.926,,35.75,
192937-15opt<<,31.928,,80.007,,55.906,,32.86666666666667,
192957-5 ez,36.955,,158.541,,71.746,,32.55,
192972-1 oppppppp,35.311,,140.826,,65.618,,35.416666666666664,
192985-88opt<<,32.107,,132.563,,78.769,,35.15,
192993-15opt<<,43.088,,44.654,,54.931,,71.06666666666666,
193011-3AAA,37.043,0.059396969619672245,138.228,2.6573072836990623,66.8825,0.106773123959161,37.78333333333333,4.784755886028969
193031-6 ez,116.756,,132.483,,135.845,,39.833333333333336,
193038-1 ez,35.62,,140.446,,65.253,,35.53333333333333,
193067-7AAA,34.747,,155.372,,66.809,,32.266666666666666,
193086-14opt<<,35.038,,136.876,,65.817,,34.6,
193087-6GGG,29.012,,88.124,,51.711,,36.3,
193112-6bb,38.054,,129.861,,103.728,,34.4,
193138-1AA,32.519,,114.729,,61.422,,36.66666666666666,
193165-11 ez,27.638,,77.199,,48.747,,31.83333333333333,
193208-22opt<<<,43.32,,120.393,,78.782,,36.1,
1932255-1AAA,34.912,,132.855,,65.425,,33.96666666666667,
193234-11opt<<,40.706,,117.319,,89.383,,36.21666666666667,
193234-1opt==,38.835,,116.166,,98.799,,33.78333333333333,
193234-9opt<<<,40.932,,117.567,,94.255,,36.48333333333333,
193249-6AAAA,34.589,,137.206,,91.147,,34.43333333333333,
"193250-9opt,,",34.584,,134.793,,65.097,,37.18333333333333,
193260-2opt==,34.147,,123.257,,86.358,,34.06666666666667,
193433-10opt[],28.337,,75.964,,48.88,,38.11666666666667,
193462-7sss,30.04,,73.44,,49.19,,31.066666666666663,
193477-13opt==,27.937,,73.961,,48.099,,35.666666666666664,
193505-9 oppppp,27.631,,75.034,,48.289,,35.93333333333333,
193566-6 so,28.782,,69.271,,46.918,,32.13333333333333,
193640-14AAA,124.901,,126.486,,136.87,,38.55,
193728-7x,211.61,,338.08,,284.59,,38.3,
193776-15x,51.167,,111.583,,78.47,,34.21666666666667,
193776-15xx,51.35,,128.085,,78.93,,32.63333333333333,
193888-3opt1,42.935,,105.43,,84.38,,36.06666666666667,
193894-1414,33.01,,146.438,,92.92,,34.3,
193961-20opt<<,36.829,,158.843,,101.7,,36.03333333333333,
193961-7AAA,37.979,,165.01,,95.13,,33.483333333333334,
194095-11spk,33.825,,145.148,,66.257,,34.916666666666664,
194100-6 ez,28.459,,134.839,,90.734,,35.083333333333336,
194126-116opt==,28.776,,86.238,,50.298,,34.06666666666667,
194130-19opt==,27.832,,72.498,,47.426,,37.0,
194133-18AAA,27.117,,75.492,,48.469,,32.516666666666666,
194155-53AAA,36.247,,147.588,,83.603,,33.516666666666666,
194188-1AAA,31.203,,150.604,,89.599,,33.11666666666667,
194211-146AAA,23.421,,125.844,,61.61,,34.05,
194234-888,31.854,,98.163,,53.351,,35.833333333333336,
194252-1AAA,64.936,,115.457,,105.228,,71.88333333333334,
194313-125AAA,40.993,,124.352,,85.14,,34.3,
194318-2AAA,31.999,,134.072,,93.693,,33.483333333333334,
194364-111,30.448,,137.327,,65.845,,32.93333333333333,
194373-19 opppppp,64.769,,122.588,,97.51,,35.9,
194396-6opty<<,27.859,,76.097,,48.86,,34.8,
194397-7optt==,28.792,,135.459,,66.53,,35.15,
194463-19opt;;;,39.394,,172.072,,120.58,,37.0,
194504-16opt;;,27.737,,78.775,,49.22,,36.66666666666666,
194546-6AAA,29.533,,136.611,,93.29,,34.68333333333333,
194570-17AAA,84.635,,147.16,,128.0,,34.8,
194620-144,36.101,,149.143,,104.13,,35.583333333333336,
194668-16optttt,36.456,,147.525,,100.82,,35.15,
194701-6 opppppp,34.104,,139.758,,90.95,,35.8,
194746-7opt==,27.74,,73.44,,48.44,,33.233333333333334,
194762-13opt1111,30.506,,76.836,,50.66,,34.06666666666667,
194773-6b,38.469,,172.108,,118.33,,35.56666666666667,
194796-1 oppppp,24.512,,32.933,,37.46,,36.38333333333333,
194806-4opttt,31.843,,106.079,,60.26,,36.55,
194819-6.10%aaa,25.253,,69.549,,45.49,,31.1,
2002-1 optimize,35.542,0.0,158.386,0.0,90.77074999999999,0.000500000000000019,70.71666666666667,0.0
2043-1opt,61.719,0.0,151.425,0.0,107.49,0.0,29.816666666666663,0.0
2198-1wwrtv,27.717,0.0,159.04,0.0,112.0305,0.0007071067811899238,32.9,0.0
2275-1a,26.352,,154.323,,92.641,,33.03333333333333,
2290-1a,25.116,,165.515,,91.742,,33.8,
2297-1,27.639,0.0,142.034,0.0,93.269,0.0,35.05,0.0
240 CUT,27.218,,74.788,,47.005,,29.73333333333333,
2469-1zzzxxy,37.918,,139.604,,88.254,,36.016666666666666,
280 cut,53.434875000000005,10.646900721906958,121.290875,6.91094629529333,121.369375,9.808833685400993,18.414583333333333,3.065611069617071
330F cut,63.025,,153.384,,164.484,,16.95,
350 F Cut,55.128,,156.033,,108.323,,29.166666666666668,
350 cut,55.60185714285715,8.435581019873922,147.49257142857144,5.850878733351169,147.441,22.771596050050306,19.264285714285712,3.036711009729729
400 cut,61.07276888888889,21.571772652587473,165.3154577777778,23.480389261748922,153.19684888888887,40.83537895202682,20.341703703703704,5.0591695208978384
400F CUT,68.084,,186.601,,173.97,,23.15,
41891-3optt,48.636,,113.758,,85.053,,37.0,
450 cut,55.71625362318841,5.789741963239745,200.91911594202898,13.88975951301983,194.0749347826087,26.16890159277531,20.297101449275363,1.5443969222255916
4607-14tgggggg,32.972,,148.434,,66.285,,35.35,
4663-4eeeee,184.914,,339.638,,277.595,,41.61666666666667,
4678-13,31.892,0.0,145.968,0.0,64.44149999999999,0.000999999999998459,36.88333333333333,0.0
60-40 MeOH Blend,69.569,,88.428,,89.046,,26.0,
650°F cut,69.21549999999999,0.044547727214759206,266.127,14.980764266218221,277.227,14.980764266218161,2187.241666666667,126.81960120580739
85722-4a,62.201,,166.294,,129.428,,32.516666666666666,
85722-4azz,61.423,,150.709,,128.197,,32.1,
ATK,157.038,,224.821,,195.81,,39.21666666666667,
AUTO G1+G2 EVAP,37.628524910233395,16.709326981923272,134.46203388689406,28.89591741106578,85.40456014362657,22.220526094704656,33.38425344105326,2.304093777795415
AUTO G1+G2 GAS EVAP,38.87498450491308,16.646921752010574,134.34420294784582,27.664078584088806,86.63439058956916,20.962314116680318,33.973072562358276,4.220781160730716
AUTO G1+G2 Gasoline,49.96374731182796,24.43012052067964,143.04784296594983,25.226507477718638,107.66567764336918,20.625350146304395,35.25514112903226,4.48400198726418
AUTO G2 High Boil.,64.91745296167248,28.95904461233208,147.63526480836236,29.205019074244117,116.64736933797909,20.541397380449478,33.63765969802555,3.913917649643217
AUTO G3,151.7862092686459,21.80472275871526,228.78638812454741,17.643101286091365,194.9430115858074,14.59405417229646,40.43580738595221,3.006564897306146
AUTO G4,199.544880839895,32.94820070039853,313.7239681539807,39.810770500536414,266.8229431321085,36.6001774347892,38.02864683581219,5.693761076391692
AUTO G4 OPT,199.534,,330.467,,273.468,,37.65,
BUCKEYE KERO,150.23815384615384,1.773931737044106,241.2006153846154,5.450737251945241,198.22223076923078,0.9054953666222476,39.59487179487179,0.9603332903164566
Buckeye Gasoil,215.34009999999998,5.771538770462113,341.0517,4.576886761935347,296.8481,3.0777089206096186,35.019999999999996,2.4068165866703195
CAC 3228-2 VVV,81.148,,305.22,,246.386,,36.266666666666666,
CAMIN 10% RESIDUE,175.6665,46.57234181050257,299.859375,16.510472052934002,256.657875,31.314107594033622,33.71458333333333,4.338114921417893
CAMIN GAS DQC,42.4220625,0.543279114114773,151.8465,0.8127221747518294,102.9741875,0.49058906343972586,36.60729166666667,4.320926549942731
CBOBRR,29.372,1.4184061477588126,148.066,11.11892643198973,73.97333333333334,11.679950056970842,33.455555555555556,0.5302864355267882
CM,204.4095,0.9903125769170038,333.21375,16.490614388695988,249.59550000000002,3.3543617872853235,52.74166666666667,2.5134637455113595
CRUDE INV,59.78345059288537,5.025328566464311,362.6129446640316,32.80337473584723,212.088976284585,23.734854880154103,31.39018445322793,3.4585567992141586
Camin 10% Residue,170.05016666666668,39.37370665181964,312.07483333333334,61.176491858734785,253.90814583333335,42.12268097536943,48.34201388888889,61.146730957040255
Camin Diesel,189.906,,307.83,,256.981,,36.46666666666667,
Camin Gas RVP +9.5..,40.496,,146.099,,97.138,,32.88333333333333,
Camin Gas RVP -9.5,114.939,,133.917,,133.11,,35.46666666666667,
Camin High Aro light,25.474,,39.697,,39.695,,25.03333333333333,
Camin Reformate,68.4805,12.99326780811253,148.9985,12.277353474317383,129.166,0.9907330619294026,33.43333333333334,0.5581052602166365
Condensate,49.197,,149.178,,114.94,,30.566666666666663,
D 850 IBP<110C,99.707,0.0,118.97,0.0,111.46400000000001,0.002236067977503317,31.15,0.0
D 850 IBP<110C TOL,102.76487999999999,7.142095195155733,115.27544,11.806967967687546,115.39435999999999,8.734586266103284,29.106666666666666,1.628010032729119
D-850 TOLUENE,128.71550000000002,41.31695633151116,128.8715,41.387667009629816,139.80849999999998,41.30705683657456,29.94166666666667,7.436406315478525
D1078,65.237,,145.687,,130.328,,27.53333333333333,
D850,76.589,33.50554771974337,81.2895,37.842233608760466,87.94200000000001,33.710608686287465,27.03333333333333,1.9798989873223323
D850 BENZENE,66.2815,0.038890872965259914,84.44200000000001,4.289309734677595,80.4345,0.17606958851544696,25.066666666666666,1.2727922061357835
D850 M-XYLENE,127.9665,0.10677312395917105,128.563,0.8046875169903048,139.247,0.2078893936688428,24.424999999999997,0.7424621202458742
D850 MIXED XYLENE,127.79222222222221,0.43774758074082465,128.079,0.8342989572089917,138.969,0.5541391973141869,31.829629629629625,0.39013688639175825
D850 Toluene,99.375,,99.645,,110.6,,26.53333333333333,
D850-tol,99.22385714285714,0.6032620847170328,102.31957142857142,4.335173578114367,110.87628571428571,0.3834569572914806,28.152380952380952,0.911979357883911
D850-xylene,127.97833333333334,0.6749224646826708,129.03300000000002,0.5352036995387931,139.27666666666667,0.5998744313048685,27.272222222222222,0.13471506281091347
DIESEL,216.63742574257427,19.27564681007956,321.7220099009901,11.266987496660366,277.94060396039606,15.348227531594144,39.479702970297026,4.531425213599651
DIESEL PARA RC,193.80180597014925,16.909522421359522,332.0004328358209,18.57741675772472,276.10060447761197,11.34041019004499,34.31281094527363,4.865202132342601
DIESEL PESADO,215.85111111111112,71.06823875586836,362.94022222222225,11.352936060528306,327.947,9.271765177138601,39.77407407407408,1.4902719529760884
DIESEL QC,186.293,1.7889996739332663,306.81330769230766,1.8775811293885216,255.978,0.6047378219801817,38.885897435897434,2.299102543846732
DIESEL_9%,195.14916666666667,14.28686628004103,328.84509259259255,20.289921884659993,271.9215555555555,21.73570921853493,31.776851851851852,1.409299812270807
DMA,196.3628888888889,14.25435786386434,334.44377777777777,11.055373973522773,278.50666666666666,9.3462040556581,35.90740740740741,0.6968237019540425
DQC 24585A,36.436,,144.283,,83.069,,33.25,
DQC1,40.816500000000005,1.2612189209913802,151.2996,0.9683103496985487,98.52770000000001,2.1732001518498016,36.395,0.8960837290023265
Diesel,222.91457627118646,11.157788373433315,324.1540847457627,6.699631395645732,285.9443559322034,5.139232744166614,38.87768361581921,1.59957073435048
Diesel & Jet G4,161.081,,238.194,,207.045,,33.6,
G1,27.725,,63.779,,45.326,,35.5,
G1 & G2 EVAP,42.84713461538461,20.642031394210278,141.0823653846154,31.93279709691126,89.86167307692307,29.875106802481113,38.045833333333334,8.720781827071542
G1&G2 EVAP,41.060253333333335,18.26996050435627,132.78785523809523,30.750470933556326,85.60439238095238,23.77970296062089,34.60733333333333,4.249410311831942
G1+G2 EVAP,36.98123666978485,16.454651054900634,134.58139039600871,29.418958012955994,84.93944621141253,21.910702481771075,33.53362436337179,2.655511162739054
G3 HIGH BOIL,56.749,,291.546,,187.28,,29.716666666666665,
G4 HIGH,197.57348,41.7223082032348,323.12366000000003,35.03268929222115,271.83948,36.951295200983196,36.50966666666667,3.5904352814392952
G4 HIGH #2,56.74475,11.348142678429804,324.11575,29.949362501562554,209.28300000000002,57.944221092357445,27.066666666666666,0.9768619448311303
G4 HIGH BOIL,171.9223,46.74454311985743,293.07135,53.84978458958529,235.54465,57.35638007486269,34.44583333333333,3.5992440523723896
G4 MOD-D1655,149.5555,1.3787061357285808,230.78395833333332,2.2873784591929063,192.43470833333333,1.4722780183802886,34.37986111111111,1.0769990868200736
GAS EVAP HIGH EP,39.181,,269.792,,163.35,,27.48333333333333,
GAS OIL OPT,210.08849999999998,24.146123071077795,331.95925,32.9525444296243,287.67525,30.461216671591384,37.44166666666667,1.5996132739704996
GAS QC1,45.58,,138.731,,105.023,,37.61666666666667,
GAS QCB,39.757,,151.143,,95.668,,35.1,
GASOLINE,40.024,0.5345727265770301,154.027,3.426639461630002,89.83699999999999,0.35072496346852916,33.858333333333334,1.590990257669732
GASOLINE G1+G2 TEST,30.921,,147.205,,71.73,,32.45,
Gas Handblend,34.69906666666667,4.102103440686889,137.82906666666668,14.400686077240836,83.31426666666667,15.209891849275806,36.65222222222222,1.2577989509687948
Gas Oil OPT,210.0187411764706,14.134911056496607,338.71382352941174,9.376535005986357,295.8879176470588,7.223677116017207,34.815098039215684,3.018821715032571
Gasoil,221.756,,337.267,,295.89,,41.1,
Gasoil OPT,216.84475,11.525722345560665,339.575875,3.6782916085608046,296.10812500000003,5.04159862769995,38.66319444444444,1.2849460896477836
Gasoil opt,205.09374736842105,14.11304811307187,336.82972631578946,15.71625945931109,291.72852631578945,16.39318902344333,37.39736842105263,1.6830828333195191
HEXADECAN CAL 2,265.9499090909091,0.4774018128464697,266.92318181818183,0.5152261286429107,277.92345454545455,0.558303208594825,38.2560606060606,2.7152375865686524
Heavy Naphtha,79.3669512195122,14.786818000847367,139.19935365853658,10.923769253354905,120.98828048780489,6.144190955740405,35.080081300813006,3.1551821625550076
JET A1,41.807,,192.254,,122.706,,28.5,
JET D1655-DEFSTAN91,154.86843478260872,9.578553049894547,243.1105652173913,8.40991614824746,197.8219565217391,5.930350146632159,35.073913043478264,7.398277894907484
JUNE ACCX,40.892,,148.282,,101.682,,36.68333333333333,
KM Diesel,221.024,,341.298,,306.388,,38.45,
LPO 15521-31oppttt,66.664,0.0,354.223,0.0,264.42,0.0,30.5,0.0
MEG D1078,186.3092,0.3007552160811329,186.24,0.21305867736377895,197.3092,0.2408551431877564,37.99666666666667,0.6680610417885154
Magellan 124 HVN New,86.73061052631579,6.576780437354179,129.2276947368421,6.727248792836233,117.08152631578949,5.836277810170758,34.97526315789474,6.870228566969145
Magellan 125 LVN New,30.73896103896104,2.0067985989837447,84.4676103896104,8.814862954058786,64.27676623376622,7.002710151859071,35.66450216450216,2.3201119002955255
Magellan Gasoil New,205.80193333333332,12.866090068008031,339.468,3.4221649789069475,296.4012,3.1263560532077483,36.60222222222222,1.207711115112441
Magellan Kero New,151.06088095238096,1.4998558662846018,235.26838095238097,11.153227248041606,197.83883333333333,5.89801911730796,36.354365079365074,2.0021501298851314
Methanol D1078,53.292,0.03818376618407501,53.391000000000005,0.062225396744419376,64.392,0.03535533905932034,32.88333333333333,0.6835365551469973
Mixed Naphtha HB,48.17425925925926,3.6561392642300223,126.14435802469134,6.111736539864588,103.29906172839506,3.493010833599282,36.23539094650206,1.1649403379931866
Mixed Xylenes,127.275,,129.259,,139.288,,32.016666666666666,
Monthly ACCX,41.007,,153.998,,103.136,,35.8,
Mtbe 13020,41.905,,44.449,,54.779,,37.333333333333336,
NAFTA BRASKEM,43.5865,12.705433258168636,137.82319999999999,19.33644468527414,101.6177,16.709666470838567,33.82833333333333,1.2537610085924147
NAPH,26.044,0.0,88.563,0.0,48.445,0.0,34.21666666666667,0.0
NAPHTHA,31.079700000000003,3.8873512847581853,95.2993,41.60523700222258,63.1879,21.384768345977264,35.75333333333333,1.7261210349105014
NP 2400,93.435,,135.956,,124.766,,35.43333333333333,
Naphtha,32.452255102040816,7.06794762894817,88.0890612244898,17.917002788730944,64.13077891156463,14.973435427236302,35.2734126984127,2.241152248077889
Naphtha-Crude HB,46.788,,305.053,,122.102,,31.03333333333333,
Naphtha-CrudeHB -new,52.4738,0.5561238171486629,161.2676,9.599339706458979,112.04180000000001,0.8671350529185232,31.706666666666667,2.827484158517367
P2 SLATE,47.6298275862069,13.930642568168524,99.6643448275862,26.51271053297679,76.08155172413792,18.409334671352784,35.73505747126437,6.997705611551844
PARAXYLENE,125.792,,126.79,,137.215,,42.23333333333333,
PSEUDOCUMENE,158.156,,158.091,,169.131,,28.58333333333333,
QC sample,187.709,4.750120676829639,298.6209,27.338465621619015,259.5029,6.357795118330486,32.24166666666666,8.680474221841187
QC44,45.796,0.08626702730475871,112.531,27.46827002197263,104.58,0.5260874452027912,23.8,4.431202495435697
QC444,39.939,,152.008,,94.367,,35.61666666666667,
QCAA,45.958,,153.73,,106.636,,36.23333333333333,
RFG 2388X,43.894,,171.409,,106.262,,36.93333333333333,
RFG 2395X,48.214,,153.839,,103.977,,36.75,
RFG 2406X,56.082,,95.227,,82.898,,35.7,
RFG 2407X,41.745,,111.553,,98.171,,36.36666666666667,
RFG 2416X,38.724,,144.606,,92.741,,36.21666666666667,
RFG 2422X,49.884,,149.983,,106.953,,35.13333333333333,
RFG 2428X,49.065,,155.753,,108.078,,34.71666666666667,
RFG-1343-1CCC,51.785,,161.997,,104.032,,35.31666666666667,
RFG-2344-1 CCC,45.1045,4.953283002211765,151.3075,1.866054795551306,105.951,6.178699054008052,35.666666666666664,0.8013876853447485
RFG-2380-1CCC,37.275285714285715,3.0819184887710076,148.82385714285715,13.864204333805946,92.06185714285714,12.3339245231539,40.01428571428572,13.261778233131553
RFG-2384x,40.4245,0.2269812767608803,134.5655,1.9608071042302835,98.2465,0.9793428919433619,35.30833333333334,0.9310239285622874
RFG-2386-1CCC,49.671,,163.474,,106.491,,43.31666666666667,
RFG-2393-1CCC,37.678,,153.047,,94.214,,37.81666666666667,
RFG-2411-1CCC,40.394999999999996,18.188200625680373,107.111,41.65848890682427,73.928,36.45701142441602,35.04166666666667,3.50017856687341
RFG-2554A,44.443,,163.274,,104.879,,36.46666666666667,
RFG2470-1CCC,33.933,,146.442,,119.366,,36.66666666666666,
RFG2477-1CCC,40.075900000000004,6.380218307828938,140.153,18.562340674961586,91.1764,17.4528705642749,36.83833333333333,1.4361094992468932
RFG2478-1ccc,42.137,,133.905,,91.469,,35.85,
RFG2489-1CCC,41.904,7.635748110041346,152.8885,7.411470319713885,94.71916666666668,13.537865495219942,41.166666666666664,14.860267681154186
RFG2502-1X,45.0632,4.402096284726176,146.0352,19.46531347551331,97.1576,7.828598520808176,37.459999999999994,1.2889810790784382
RFG2516-1CCC,44.12733333333333,5.902375228103797,161.03666666666666,8.161286193568598,106.36399999999999,6.194284704467504,46.73888888888889,20.423552126931334
RFG2551-1XXX,59.98766666666666,8.549386079323668,135.31233333333333,20.361968601619377,101.401,8.630813576946267,37.48888888888889,2.4099523585271103
RFG2562-1AXXX,40.75671428571429,5.5878224653940025,140.66400000000002,9.309251957058637,94.88142857142857,8.253985801965475,35.345238095238095,1.1451069125936826
Reformate,117.943,,156.374,,159.839,,36.13333333333333,
TOLUENE   CAL 1,97.93653846153846,0.3376002605115063,98.19407692307692,0.2743247654206193,109.25269230769231,0.2725005763343711,33.91538461538461,4.292189620449186
TOLUENE DD850,109.09133333333334,16.604239107328393,109.54266666666668,17.325129215487348,120.27766666666666,16.762210365382412,29.45,2.690931272089851
TOLUENE QC,88.61070588235295,21.38193946349555,111.52694117647059,31.937781122971327,108.10199999999999,3.7232232171869555,35.36078431372549,4.348027734472097
TRANS,49.672875,8.61878097839662,273.04200000000003,58.28578885849572,172.5275,30.7119296086344,34.16458333333333,1.4445144595363277
TRANS 53.9,48.115142857142864,10.121724892997431,276.40214285714285,48.43230402127822,164.48385714285715,37.20299815619064,38.476190476190474,2.1127885983637036
TRANS HEAVY,48.522999999999996,2.310824960917635,307.879,5.515432893255059,181.46749999999997,17.05470845543835,29.03333333333333,0.0
TRANSMIX?,45.674,0.0,301.47,0.0,163.933,0.005196152422698624,34.11666666666667,0.0
Toluene for QC,98.82516666666668,3.7741291666643653,103.73383333333334,14.830436600675876,111.82366666666667,7.590634431104338,38.73888888888889,1.3962515957084969
Transmix,57.0175,18.5863017434884,292.656,26.21951944639721,200.1925,5.062177446514488,34.391666666666666,2.604509977370445
WEEK QCB,40.97966666666667,0.7615250050611179,152.80966666666666,0.8943155669747341,100.666,0.4884383277344173,36.92777777777778,0.9430054396763885
WEEK QCBBBBB,41.969,,152.743,,102.235,,35.86666666666667,
WQC,40.985,0.0,150.766,0.0,100.9445,0.0063639610306841935,36.53333333333333,0.0
WQC-#11 34919x,42.862,,148.698,,99.643,,36.48333333333333,
camin gas qc opti,43.299,2.8232428163372707,149.65066666666667,0.48901567800360146,105.46433333333333,2.553620240625716,37.63333333333333,0.4330127018922193
crude,61.859,0.0,350.9,0.0,239.84100000000004,0.0,33.733333333333334,0.0
crude opt,58.75600000000001,0.0,354.219,0.0,244.037,0.0,34.65,0.0
dqc,39.8725,0.08273149339882166,152.311,1.7833233021524666,98.706,0.21071782079359247,35.891666666666666,0.20034692133618712
dqc run,41.25333333333334,1.1572962743682635,151.0426666666667,1.8400033333303147,100.27883333333334,2.294778108372716,36.93611111111111,1.2656318872697814
gas qc,42.272,0.0,153.56,0.0,102.704,0.0,33.983333333333334,0.0
gas qc1,41.20941666666666,1.3593122230366959,149.4785,1.739951749592246,97.73183333333333,1.5167711419227663,35.66111111111111,0.9969735347321049
mtbe 1-9,42.839,0.0,44.699,0.0,54.949,0.0,36.7,0.0
naptha,27.617,,79.594,,47.211,,29.08333333333333,
natural gas 210,25.932000000000002,3.1395541084682708,57.6115,34.684294723981345,42.63,8.498009296299928,35.11666666666667,0.9899494936611706
transmix 53.9,48.847,5.63839040270655,284.93014285714287,20.86041811204953,184.3235714285714,28.648797559741446,37.07619047619047,1.3436013360608672
