product,avg_ibp,std_ibp,avg_fbp,std_fbp,avg_test_duration,std_test_duration,category
**4100 GOMK,279.4282857142857,6.710008015749938,357.0885714285714,15.906673493192953,41.707142857142856,2.330074254556284,Diesel
10% BTMS,186.7810421052632,16.022744280391052,304.94236842105266,22.93160842223909,32.61140350877193,3.412557001799574,Diesel
10% RESIDUE,214.1765,25.429681171811797,325.38,4.903078420747499,36.75833333333334,0.789602572324981,Diesel
10% Residue,209.833,34.04294887344515,322.898,29.3633161955526,35.233333333333334,3.606244584051396,Diesel
10%RESID-CCR,211.49783333333332,12.20735218491982,312.5885,9.14438520076665,34.980555555555554,0.6159380079436817,Diesel
106558-153a,68.563,0.0,135.578,0.0,35.78333333333333,0.0,Light Naphtha
107972-5 ez,40.589,0.0,123.459,0.0,36.91666666666666,0.0,Light Naphtha
15647-1srvhi,30.288,0.0,147.298,0.0,33.68333333333333,0.0,Light Naphtha
17089-181x,35.335,,131.419,,33.983333333333334,,Light Naphtha
171450-24a,153.897,0.0,218.874,0.0,42.9,0.0,Heavy Naphtha
171450-43a,29.964,0.0,137.51,0.0,34.1,0.0,Unknown/Needs Review
171450-78a,23.209,,163.374,,35.916666666666664,,Unknown/Needs Review
171450-78opt,24.052111111111117,0.0295145914949068,171.00155555555557,0.0432177946889847,35.8,0.0,Unknown/Needs Review
174586-999,27.413,0.0,75.614,0.0,34.9,0.0,Unknown/Needs Review
174835-333333333,37.678,0.0,110.212,0.0,36.68333333333333,0.0,Light Naphtha
174869-25opt,36.013,0.0,128.974,0.0,34.166666666666664,0.0,Light Naphtha
174930-111111111,33.122,0.0,144.465,0.0,35.666666666666664,0.0,Light Naphtha
175019-2 bagels,46.431,0.0,314.609,0.0,34.833333333333336,0.0,Unknown/Needs Review
175142-444,71.237,0.0,121.268,0.0,36.083333333333336,0.0,Light Naphtha
175154-2ttttttbb,33.399,,126.167,,35.18333333333333,,Light Naphtha
175256-1010,27.073,,76.052,,32.95,,Unknown/Needs Review
175281-2800,27.461,,81.787,,35.21666666666667,,Unknown/Needs Review
175334-1a,27.165,,47.319,,35.68333333333333,,Unknown/Needs Review
175338-16A,61.301,,139.704,,35.78333333333333,,Light Naphtha
175403-1GGGG,26.492,,45.183,,33.766666666666666,,Unknown/Needs Review
175430-25a,167.385,,271.381,,42.56666666666667,,Unknown/Needs Review
175458-21,27.682,,78.21,,35.75,,Unknown/Needs Review
175536-6 opt,26.68,,49.209,,31.066666666666663,,Unknown/Needs Review
175546-19,27.435,,74.24,,35.96666666666667,,Unknown/Needs Review
175591-2ggggg,49.64,,305.433,,36.35,,Unknown/Needs Review
175655-5 10%opt,43.584,,147.614,,35.53333333333333,,Light Naphtha
175664-3,45.851,,99.637,,36.9,,Light Naphtha
175707-5BAGEL,35.082,,175.898,,34.93333333333333,,Reformulated Gasoline
175707-6BAGEL,34.949,,153.406,,35.81666666666667,,Light Naphtha
175719-3opt,104.209,,126.285,,39.3,,Unknown/Needs Review
175728-1a,111.798,98.79978789450917,160.1595,166.92316230080235,16.116666666666667,19.63399829094647,Heavy Naphtha
175728-2A,29.725,,239.241,,38.3,,Unknown/Needs Review
175729-111,29.114,,46.075,,35.016666666666666,,Unknown/Needs Review
175730-1aaa,36.729,,129.104,,35.2,,Light Naphtha
175755-1iou,25.16,0.0056568542494942,42.0405,1.5054303371461557,70.33333333333334,1.979898987322326,Unknown/Needs Review
175821-999,27.274,,73.836,,34.95,,Unknown/Needs Review
175822-17a,35.3,,133.656,,36.28333333333333,,Light Naphtha
175897-111,30.041,,171.314,,33.766666666666666,,Reformulated Gasoline
175922-134,26.754,,76.977,,36.16666666666666,,Unknown/Needs Review
176015-1B,38.385,,152.404,,35.4,,Light Naphtha
176062-123,23.76,,33.025,,34.65,,Unknown/Needs Review
176323-19,57.807,,81.398,,35.28333333333333,,Light Naphtha
176339-54444444A,28.057,,81.845,,35.28333333333333,,Unknown/Needs Review
176373-8rrrrrr,57.295,,359.305,,33.78333333333333,,Crude Atmospheric Cuts
176378-3,40.094,,145.596,,33.833333333333336,,Light Naphtha
176533°10A,27.735,,74.673,,35.43333333333333,,Unknown/Needs Review
176542-1099,27.601,,80.549,,36.333333333333336,,Unknown/Needs Review
176603-7uuuu,42.64,,152.18,,35.86666666666667,,Light Naphtha
176611-37a,36.846,,131.185,,35.55,,Light Naphtha
176612-14a,49.528000000000006,30.443775357205617,119.4185,66.13923277828374,54.75833333333333,22.6863425630684,Light Naphtha
176704-54wewee,33.571,,136.288,,36.083333333333336,,Light Naphtha
176719-15bb,27.776,,79.554,,35.1,,Unknown/Needs Review
176732-95aaaaaa,35.067,,139.349,,36.833333333333336,,Light Naphtha
176756-112CCC,35.9975,0.2722361107568168,175.704,0.6180113267570492,35.96666666666667,0.1414213562373115,Reformulated Gasoline
176756-3tttttttt,34.639,,172.917,,32.61666666666667,,Reformulated Gasoline
176756-99a,34.14566666666666,1.4413418516553698,146.24033333333333,13.444633923366364,34.22777777777778,1.185834602170011,Light Naphtha
176760-26GGG,33.997,,130.107,,34.03333333333333,,Light Naphtha
176765-1a,27.631,,42.978,,33.81666666666667,,Unknown/Needs Review
176767-21qqqqq,62.165,,163.388,,34.81666666666667,,Reformulated Gasoline
176791-2oooop,31.91,,134.412,,37.15,,Light Naphtha
176800-6,35.494,,176.721,,37.68333333333333,,Reformulated Gasoline
176829-9ttrttt,27.489,,79.393,,36.766666666666666,,Unknown/Needs Review
176854-888,27.46,,63.401,,33.38333333333333,,Unknown/Needs Review
176869-4zzz,46.546,,263.409,,25.9,,Unknown/Needs Review
176871-777,60.543,,121.281,,35.083333333333336,,Light Naphtha
176918-10,33.934,,155.748,,36.71666666666667,,Light Naphtha
176942-6,26.888,,69.527,,35.75,,Unknown/Needs Review
176952-9tttttt,33.155,,131.654,,35.3,,Light Naphtha
176952°26JJJ,33.777,,147.496,,34.5,,Light Naphtha
176957-3,35.627,,130.848,,37.766666666666666,,Light Naphtha
176991-20hhhhhh,156.03,,235.697,,41.766666666666666,,Jet Fuel / Kerosene
176991=16tttttttt,154.457,,237.22,,41.93333333333333,,Jet Fuel / Kerosene
177069-18 opt,32.368,,153.522,,35.55,,Light Naphtha
177073-111,25.879,,43.942,,31.4,,Unknown/Needs Review
177190-6,60.025,,114.796,,37.45,,Light Naphtha
177191-13a,33.598,,89.8,,34.56666666666667,,Light Naphtha
177193-5yuuuuyuu,159.249,,228.02,,41.73333333333333,,Jet Fuel / Kerosene
177197-7aaaaaaa,27.243,,76.437,,33.766666666666666,,Unknown/Needs Review
177211-12ccccc,103.024,,126.25,,38.35,,Unknown/Needs Review
177211-6444,27.131,0.0,82.719,0.0,35.4,0.0,Unknown/Needs Review
177236-17opt,156.552,0.0,237.806,0.0,41.81666666666667,0.0,Jet Fuel / Kerosene
177236-21ggggg,157.658,0.0,237.75,0.0,41.11666666666667,0.0,Jet Fuel / Kerosene
177252-6,28.003,0.0,52.963,0.0,35.516666666666666,0.0,Unknown/Needs Review
177259_7,43.169,,149.768,,35.55,,Light Naphtha
177291-20,28.043,0.0,74.388,0.0,34.766666666666666,0.0,Unknown/Needs Review
177322-27hhhhh,33.742,0.0,128.229,0.0,34.6,0.0,Light Naphtha
177427-7,28.655,0.0,51.507,0.0,69.4,0.0,Unknown/Needs Review
"177480-8;,llkkhk",222.481,0.0,341.676,0.0,38.583333333333336,0.0,Diesel
177492-110dddd,35.102,0.0,140.417,0.0,36.016666666666666,0.0,Light Naphtha
177492-111ddddd,35.242,0.0,137.662,0.0,36.266666666666666,0.0,Light Naphtha
177492-20qqqqq,34.864,0.0,132.674,0.0,33.516666666666666,0.0,Light Naphtha
177511+7EEEEE,185.408,0.0,314.746,0.0,42.1,0.0,Diesel
177558-10qqqqq,27.143,0.0,73.679,0.0,35.53333333333333,0.0,Unknown/Needs Review
177593-2GGG,47.351,0.0,303.129,0.0,33.28333333333333,0.0,Unknown/Needs Review
177626-19ttrtr,93.484,0.0,168.216,0.0,39.06666666666667,0.0,Heavy Naphtha
177640-1b,36.319,,145.993,,34.71666666666667,,Light Naphtha
177680-666,26.759,0.0,50.838,0.0,32.31666666666667,0.0,Unknown/Needs Review
1777024-6eeeeeee,194.335,,339.661,,38.16666666666666,,Diesel
177712_5ddddd,185.726,0.0,319.997,0.0,42.41666666666666,0.0,Diesel
177730-6aaaa,39.924,0.0,145.891,0.0,36.016666666666666,0.0,Light Naphtha
177731-1212,27.154000000000003,0.0,54.77,0.0,32.416666666666664,0.0,Unknown/Needs Review
177744-82b,58.045,0.0,145.391,0.0,36.766666666666666,0.0,Light Naphtha
177750-10222,27.46,0.0,83.794,0.0,34.516666666666666,0.0,Unknown/Needs Review
177756-20,34.657,0.0,154.59,0.0,34.31666666666667,0.0,Light Naphtha
177766-1aaaaa,35.545,0.0,157.26,0.0,34.63333333333333,0.0,Light Naphtha
177811-4fff,35.508,0.0,149.422,0.0,33.25,0.0,Light Naphtha
177832-6a,29.337,0.0,66.5,0.0,33.416666666666664,0.0,Unknown/Needs Review
177843-6a,39.079,0.0,143.308,0.0,33.516666666666666,0.0,Light Naphtha
177874-5,32.175,0.0,69.557,0.0,34.483333333333334,0.0,Light Naphtha
177952-6,27.785,0.0,70.418,0.0,34.11666666666667,0.0,Unknown/Needs Review
178083-1a,35.149,0.0,134.081,0.0,36.18333333333333,0.0,Light Naphtha
178493-10GGG,36.551,0.0,147.075,0.0,34.88333333333333,0.0,Light Naphtha
178500-18rrrrr,191.704,,342.183,,39.9,,Diesel
178607-1111,26.339,0.0,48.593,0.0,34.1,0.0,Unknown/Needs Review
178610-8vcx,28.062,0.0,82.494,0.0,36.0,0.0,Unknown/Needs Review
178643-9aaaa,40.277,0.0,145.613,0.0,33.516666666666666,0.0,Light Naphtha
178706-12,27.778,0.0,77.345,0.0,67.78333333333333,0.0,Unknown/Needs Review
178738-1aaaaa,153.784,0.0,294.254,0.0,43.04999999999999,0.0,Unknown/Needs Review
178753-8qqqqq,27.147,0.0,85.41699999999999,0.0,32.81666666666667,0.0,Unknown/Needs Review
178761-6qqqq,190.547,0.0,316.413,0.0,41.06666666666667,0.0,Diesel
178915-11aaaaaa',28.229,,100.452,,35.71666666666667,,Unknown/Needs Review
178915-18a,27.863,0.0,76.345,0.0,34.46666666666667,0.0,Unknown/Needs Review
178919-3bkkp,36.153,0.0,141.72,0.0,33.85,0.0,Light Naphtha
178931-6PPO,34.977,0.0,156.483,0.0,31.866666666666664,0.0,Light Naphtha
178948-111,27.094,,40.599,,35.05,,Unknown/Needs Review
178960-17aaa24,221.21,0.0,343.22700000000003,0.0,39.25,0.0,Diesel
178974-6a,27.59,,100.968,,33.75,,Unknown/Needs Review
178980-14,27.902,0.0,76.97,0.0,32.583333333333336,0.0,Unknown/Needs Review
179012-25a,51.716,0.0,152.034,0.0,36.6,0.0,Light Naphtha
179015-6a,39.377,,128.022,,35.7,,Light Naphtha
179049=19qqqqq',28.043,0.0,104.789,0.0,34.7,0.0,Unknown/Needs Review
179053-3ttttt;,31.829,0.0,158.54,0.0,32.56666666666667,0.0,Light Naphtha
1790640-4uuuu-,34.879,0.0,156.482,0.0,33.65,0.0,Light Naphtha
179081-8aaaa3,27.964,0.0,96.69599999999998,0.0,32.4,0.0,Unknown/Needs Review
179100-4a,36.648,0.0,104.40500000000002,0.0,35.96666666666667,0.0,Light Naphtha
179109-21kjf,35.762,0.0,151.02,0.0,36.05,0.0,Light Naphtha
179169-21 optimze,29.137,0.0513141584471859,88.752,14.549702009712384,34.69166666666666,0.953231762820984,Unknown/Needs Review
179271-25qqqq3,39.665,0.0,142.087,0.0,36.3,0.0,Light Naphtha
179306-49,34.171,1.1337856940356947,149.806,6.512421208736436,35.8,1.241504463678376,Light Naphtha
179317-6dddds,27.448,0.0,87.217,0.0,32.21666666666667,0.0,Unknown/Needs Review
179325-4eeeeer,27.9,0.0,75.651,0.0,35.46666666666667,0.0,Unknown/Needs Review
179328-6tttrf,33.557,0.0,120.862,0.0,37.15,0.0,Light Naphtha
179362-1tfgvb,25.215,0.0,39.145,0.0,36.0,0.0,Unknown/Needs Review
179368-2,31.514,0.0,161.584,0.0,36.0,0.0,Reformulated Gasoline
179374-2111,30.527,0.0,99.853,0.0,32.016666666666666,0.0,Light Naphtha
179398-27werdry,41.772,0.0,44.505,0.0,36.2,0.0,Light Naphtha
179398-2ertret,39.9,0.0,123.801,0.0,36.36666666666667,0.0,Light Naphtha
179398_16BBB,40.617,0.0,146.682,0.0,35.06666666666667,0.0,Light Naphtha
179412-19,37.197,0.0,163.258,0.0,33.86666666666667,0.0,Reformulated Gasoline
179526-17ggggsfhc,33.787,0.0,127.699,0.0,70.06666666666666,0.0,Light Naphtha
179541-1qQQE,26.301,0.0,38.008,0.0,34.083333333333336,0.0,Unknown/Needs Review
179552-3a,25.176,0.0,126.057,0.0,32.016666666666666,0.0,Unknown/Needs Review
179562-6a,190.418,0.0,317.256,0.0,42.96666666666667,0.0,Diesel
179934-9a,27.996,0.0,45.607,0.0,33.95,0.0,Unknown/Needs Review
179936-6 ez,28.883,0.0,111.634,0.0,33.666666666666664,0.0,Unknown/Needs Review
179963-11 ez,27.124,0.0,82.621,0.0,32.6,0.0,Unknown/Needs Review
179972-17ttstfg,26.891,0.0,79.033,0.0,34.18333333333333,0.0,Unknown/Needs Review
179974°8GUKHJ,29.348,0.0,109.671,0.0,27.566666666666663,0.0,Unknown/Needs Review
179974°8JILK,28.422,0.0,99.839,0.0,32.36666666666667,0.0,Unknown/Needs Review
180006°4AAAA,32.489,0.0,176.689,0.0,35.516666666666666,0.0,Reformulated Gasoline
180083-14qqqqq,31.936,0.0,72.384,0.0,35.06666666666667,0.0,Light Naphtha
180095_2A,99.017,0.0,121.212,0.0,38.71666666666667,0.0,Unknown/Needs Review
180096_1BAGELS,34.632,0.0,185.669,0.0,31.53333333333333,0.0,Reformulated Gasoline
180129-4a,90.082,0.0,150.989,0.0,78.76666666666667,0.0,Unknown/Needs Review
180131-1spkopt,29.008,0.0,139.134,0.0,34.95,0.0,Unknown/Needs Review
180167-11,27.217,0.0,79.007,0.0,35.766666666666666,0.0,Unknown/Needs Review
180190-7wwwwweee,34.431,0.0,156.855,0.0,34.28333333333333,0.0,Light Naphtha
180210-14,32.013,0.0,59.045,0.0,36.63333333333333,0.0,Light Naphtha
180210-22 ez,31.673,0.0,60.64000000000001,0.0,34.95,0.0,Light Naphtha
180309-12,41.272,0.0,44.237,0.0,36.833333333333336,0.0,Light Naphtha
180313-6 ez,215.986,0.0,338.982,0.0,38.25,0.0,Diesel
180349--1qqqstu,139.07,0.0,283.689,0.0,24.433333333333334,0.0,Unknown/Needs Review
180378-148GGG,33.891,,137.734,,36.083333333333336,,Light Naphtha
180444-19,33.672,0.0,79.445,0.0,35.083333333333336,0.0,Light Naphtha
180444-25,32.98,0.0,70.717,0.0,36.16666666666666,0.0,Light Naphtha
180469-10tyutyt,35.364,0.0,121.359,0.0,30.416666666666668,0.0,Light Naphtha
180525-25tttt,31.346,0.0,172.508,0.0,37.13333333333333,0.0,Reformulated Gasoline
180608-3QQQQQQQQ,34.042,0.0,148.123,0.0,34.233333333333334,0.0,Light Naphtha
180638-14rrrrrrrr,32.207,0.0,136.708,0.0,34.18333333333333,0.0,Light Naphtha
180640-777,33.075,0.0,144.722,0.0,33.71666666666667,0.0,Light Naphtha
180690-26ttttt,30.115,0.0,87.234,0.0,34.78333333333333,0.0,Light Naphtha
180702-6spksssss,33.498,0.0,151.168,0.0,34.666666666666664,0.0,Light Naphtha
180769-14jjjjj,28.321,0.0,75.339,0.0,35.28333333333333,0.0,Unknown/Needs Review
180769-26rrrrrrpp,29.209,0.0,80.023,0.0,35.7,0.0,Unknown/Needs Review
180806-44,35.567,0.0,123.921,0.0,37.46666666666667,0.0,Light Naphtha
180872-55,35.791,0.0,165.233,0.0,33.06666666666667,0.0,Reformulated Gasoline
180901-8eeeeer,33.465,0.0,127.944,0.0,35.166666666666664,0.0,Light Naphtha
180c [350f] cut,65.243,,112.768,,9.25,,Light Naphtha
181020-10,27.234,0.0,74.313,0.0,39.45,0.0,Unknown/Needs Review
181038-7&&,31.479,0.0,164.009,0.0,33.65,0.0,Reformulated Gasoline
181048-10 ez,27.225,0.0,82.783,0.0,34.95,0.0,Unknown/Needs Review
181096-31GGG,58.646,0.0,184.596,0.0,36.03333333333333,0.0,Reformulated Gasoline
181241-13,26.929,0.0,71.679,0.0,37.1,0.0,Unknown/Needs Review
181241-32,27.672,0.0,81.928,0.0,34.733333333333334,0.0,Unknown/Needs Review
181250-44,29.974,2.767094360516099,141.1625,10.486148363436406,32.541666666666664,0.0273861278752596,Unknown/Needs Review
181260-31 ez,28.763,0.0,68.6,0.0,34.68333333333333,0.0,Unknown/Needs Review
181287-8 ez,33.016,0.0,127.942,0.0,34.45,0.0,Light Naphtha
181294-27 ez,27.814000000000004,0.0,145.182,0.0,35.31666666666667,0.0,Unknown/Needs Review
181307-1,28.19,0.0,73.904,0.0,36.0,0.0,Unknown/Needs Review
181478-4wweerr,30.383,0.0,101.57800000000002,0.0,35.11666666666667,0.0,Light Naphtha
181599-38b,27.34,0.0,144.261,0.0,35.46666666666667,0.0,Unknown/Needs Review
181626-25GGG,32.498,0.0,143.768,0.0,33.25,0.0,Light Naphtha
181647-14444444cc,27.942,0.0,154.299,0.0,34.9,0.0,Unknown/Needs Review
181652-11,28.194,0.0,44.519,0.0,35.61666666666667,0.0,Unknown/Needs Review
181660-88,28.404,0.0,149.807,0.0,32.85,0.0,Unknown/Needs Review
181693-6gtttgyu,34.652,0.0,132.737,0.0,35.3,0.0,Light Naphtha
181720-47A,41.787,0.0,139.009,0.0,36.35,0.0,Light Naphtha
181720-61b,42.139,0.0,140.603,0.0,35.5,0.0,Light Naphtha
181765-14,26.123,0.0,76.433,0.0,33.766666666666666,0.0,Unknown/Needs Review
181781-5 ez,26.284,0.0,155.556,0.0,33.88333333333333,0.0,Unknown/Needs Review
181852-36 ez,33.881,0.0,120.703,0.0,35.583333333333336,0.0,Light Naphtha
181928-32uuiiiui,24.152,,174.299,,72.08333333333333,,Unknown/Needs Review
181954-1yyyyiio,30.902,,126.397,,36.4,,Light Naphtha
182024=21tttyyuu,25.134,,148.631,,35.55,,Unknown/Needs Review
182043-2peener,32.507,,164.478,,29.03333333333333,,Reformulated Gasoline
182077-18rrttr,26.832,,78.976,,33.06666666666667,,Unknown/Needs Review
182235-13xxx,28.728,,80.239,,33.2,,Unknown/Needs Review
182245-5hjhjhj,66.84,,282.572,,29.73333333333333,,Unknown/Needs Review
182281-18,27.228,,74.046,,33.583333333333336,,Unknown/Needs Review
182335-399,38.178,0.0,154.25,0.0,36.56666666666667,0.0,Light Naphtha
182335-8 jgg,44.563,,154.884,,36.9,,Light Naphtha
182351-9 AN,25.9885,0.5536789081528516,140.438,13.042342580993653,34.166666666666664,1.000740466595352,Unknown/Needs Review
182377-10rrryy,40.325,0.0,121.576,0.0,35.03333333333333,0.0,Light Naphtha
182386-10,27.102,0.0,74.016,0.0,34.63333333333333,0.0,Unknown/Needs Review
182387-10,26.3,0.0,81.821,0.0,34.5,0.0,Unknown/Needs Review
182424-8,29.155,0.0,47.093,0.0,34.516666666666666,0.0,Unknown/Needs Review
182425-9,26.118,0.0,144.164,0.0,33.43333333333333,0.0,Unknown/Needs Review
182429-112qqqq,28.909,0.0,129.849,0.0,35.93333333333333,0.0,Unknown/Needs Review
182430-7 ks,27.765,0.0,147.714,0.0,34.13333333333333,0.0,Unknown/Needs Review
182464-14,30.067,,164.201,,36.3,,Reformulated Gasoline
182464-15,31.62,,126.922,,34.25,,Light Naphtha
182464-20,30.456,,161.856,,37.85,,Reformulated Gasoline
182534-8,38.738,,167.449,,36.7,,Reformulated Gasoline
182690-1a,27.486,,44.451,,35.583333333333336,,Unknown/Needs Review
182786-3B,17.948,,138.515,,34.68333333333333,,Unknown/Needs Review
182872-7loloo,41.597,,117.519,,34.55,,Light Naphtha
182976-88,41.888,,44.83,,36.5,,Light Naphtha
183005-11,26.553,,72.378,,36.05,,Unknown/Needs Review
183096-23,43.446,,127.79,,34.65,,Light Naphtha
183112-8rrttty,25.368,,149.695,,31.966666666666665,,Unknown/Needs Review
183115-19,24.345,,83.023,,36.18333333333333,,Unknown/Needs Review
183159-7,27.201,,43.042,,35.31666666666667,,Unknown/Needs Review
183215-12opt,23.126,,161.201,,31.83333333333333,,Unknown/Needs Review
183322-38 ez,40.877,,137.072,,34.516666666666666,,Light Naphtha
183323°5LOLLL%,33.588,,138.398,,34.983333333333334,,Light Naphtha
183451°14QSQS,32.433,,161.977,,34.28333333333333,,Reformulated Gasoline
183506-1,27.066,,42.137,,36.3,,Unknown/Needs Review
183535-14,28.224,,146.848,,35.25,,Unknown/Needs Review
183542-6qqqwwee,25.515,,150.922,,33.583333333333336,,Unknown/Needs Review
183696-45b ez,35.726,,123.416,,35.583333333333336,,Light Naphtha
183708-5,50.615,,55.26,,35.13333333333333,,Light Naphtha
183732-9,27.095,,73.932,,36.53333333333333,,Unknown/Needs Review
183767-6,24.552333333333333,1.222383873148422,90.19333333333331,57.595454736752735,33.82222222222222,1.4166013056817566,Unknown/Needs Review
184016-10 ez,20.006,,157.22,,33.65,,Unknown/Needs Review
184016-11bbbb,22.004,,152.708,,34.63333333333333,,Unknown/Needs Review
184016-8 10%opt,22.82,,160.555,,34.36666666666667,,Unknown/Needs Review
184016-9 opt,24.886,,159.944,,32.85,,Unknown/Needs Review
184138_82,33.283,,127.29,,35.13333333333333,,Light Naphtha
184174-4,38.825,,132.412,,71.08333333333333,,Light Naphtha
184174-85,41.09,,131.24,,36.15,,Light Naphtha
184183-144,43.224,,45.032,,35.5,,Light Naphtha
184247-7GGG,24.395,,149.852,,33.7,,Unknown/Needs Review
184271-24,26.79,,73.432,,34.93333333333333,,Unknown/Needs Review
184324-15 ez,26.205,,160.267,,34.28333333333333,,Unknown/Needs Review
184365-3,47.349,19.7905045918491,91.4515,82.30510800977058,21.6,21.02464162728001,Light Naphtha
184418-2 opppppp,27.486,,76.499,,32.766666666666666,,Unknown/Needs Review
184477-3,34.654,,163.996,,34.86666666666667,,Reformulated Gasoline
184530-6GGG,21.612,,164.206,,33.05,,Unknown/Needs Review
184574-6,55.06,,139.785,,35.86666666666667,,Light Naphtha
184579-53A,36.491,,146.674,,33.78333333333333,,Light Naphtha
184579-83 ez,37.338,,138.624,,33.666666666666664,,Light Naphtha
184579-86AAA,33.729,,142.459,,33.3,,Light Naphtha
184580-6,23.923,,150.971,,34.81666666666667,,Unknown/Needs Review
184613-7,33.947,,151.721,,36.8,,Light Naphtha
184678-2,26.019,,152.701,,35.9,,Unknown/Needs Review
184680-007,29.811,,30.856,,14.733333333333333,,Unknown/Needs Review
184719-14 ez,24.789,,145.373,,35.43333333333333,,Unknown/Needs Review
184845-18 ez,27.053,,151.885,,35.06666666666667,,Unknown/Needs Review
184853-1 ez,28.448,,48.546,,33.083333333333336,,Unknown/Needs Review
184863-1 ez,29.946,,126.585,,38.05,,Unknown/Needs Review
184905-6,60.79,,169.383,,38.03333333333333,,Reformulated Gasoline
185000-1,26.742,,69.831,,35.7,,Unknown/Needs Review
185120-10a,26.605,,75.009,,37.25,,Unknown/Needs Review
185425-9a,29.457,0.0,152.641,0.0,34.35,0.0,Unknown/Needs Review
185427-2a,55.674,0.0,132.212,0.0,34.63333333333333,0.0,Light Naphtha
185461-13 ez,35.915,0.0,150.744,0.0,35.75,0.0,Light Naphtha
185465-6a,27.158,0.0,160.094,0.0,32.5,0.0,Unknown/Needs Review
185498-22a,24.265,,155.715,,33.38333333333333,,Unknown/Needs Review
1855-1 OPT,27.356,,149.356,,33.21666666666667,,Unknown/Needs Review
185590-10GG,71.836,,124.406,,28.98333333333333,,Light Naphtha
185599-1a,25.345,,155.084,,34.0,,Unknown/Needs Review
185642-8a,26.86,0.0,155.679,0.0,35.45,0.0,Unknown/Needs Review
185725-7 ez,26.895,,71.796,,35.31666666666667,,Unknown/Needs Review
185745-6bj,28.262,0.0,63.69100000000001,0.0,35.61666666666667,0.0,Unknown/Needs Review
185834-6,25.256,,69.709,,34.21666666666667,,Unknown/Needs Review
185900-2aa,30.756,,163.921,,33.35,,Reformulated Gasoline
185914-5aa,31.265,,153.655,,34.6,,Light Naphtha
185929-1222,30.442,,162.977,,33.0,,Reformulated Gasoline
185947-2aa,23.878,,101.559,,34.1,,Unknown/Needs Review
186064-22,32.861,,126.754,,34.53333333333333,,Light Naphtha
186217-6 ez,41.202,,44.319,,36.45,,Light Naphtha
186256-21a,26.698,,160.43,,31.23333333333333,,Unknown/Needs Review
1864-1a,22.689,0.0,148.644,0.0,33.06666666666667,0.0,Unknown/Needs Review
186422-9 ez,27.4,,69.331,,34.11666666666667,,Unknown/Needs Review
186479-22 ez,28.194,0.0,157.788,0.0,34.21666666666667,0.0,Unknown/Needs Review
186492-1opt,29.449,,47.138,,32.733333333333334,,Unknown/Needs Review
186610-6 10% ez,26.34,0.0,140.252,0.0,36.05,0.0,Unknown/Needs Review
186622-13 ez,36.914,0.0,176.76200000000003,0.0,36.81666666666667,0.0,Reformulated Gasoline
186893-1kls,31.189,0.0,152.004,0.0,41.7,0.0,Light Naphtha
1869-1,43.1,,157.161,,37.4,,Light Naphtha
186907-1GGG,43.202,,297.264,,33.45,,Unknown/Needs Review
186929_1A,25.875,0.0,38.074,0.0,33.483333333333334,0.0,Unknown/Needs Review
186954-8 ez,34.119,,131.172,,34.266666666666666,,Light Naphtha
187048.3B,37.223,,106.676,,35.266666666666666,,Light Naphtha
1873-1BAGELS,36.21,,161.405,,35.483333333333334,,Reformulated Gasoline
188078-4lol,38.086,,109.353,,34.45,,Light Naphtha
188090-13 ez,28.332,,81.808,,32.85,,Unknown/Needs Review
188573-8x,38.637,,144.845,,34.21666666666667,,Light Naphtha
188651-9CCC,42.916,,144.912,,34.78333333333333,,Light Naphtha
188880-75opttt,31.875,,138.639,,34.36666666666667,,Light Naphtha
1891611-44,25.479,,37.722,,34.7,,Unknown/Needs Review
189261-7optt,27.643,,72.529,,35.766666666666666,,Unknown/Needs Review
189268-3optt,55.979,,51.935,,9.933333333333334,,Light Naphtha
189335-4a,33.723,,137.009,,34.2,,Light Naphtha
189335-75x,35.32,,136.144,,36.91666666666666,,Light Naphtha
189390-1x,26.986,,69.392,,34.266666666666666,,Unknown/Needs Review
189411-1GGG,41.746,,303.294,,32.916666666666664,,Unknown/Needs Review
189446-11qwqw,26.957,,71.251,,33.93333333333333,,Unknown/Needs Review
189480-2 ez,35.475,,122.968,,37.28333333333333,,Light Naphtha
189497-722,37.117,,132.886,,33.166666666666664,,Light Naphtha
189519-288,26.832,,64.284,,34.233333333333334,,Unknown/Needs Review
189524-15a,26.118,,49.313,,36.083333333333336,,Unknown/Needs Review
189524-9a,26.029,,49.003,,35.583333333333336,,Unknown/Needs Review
189533-6x,43.046,,45.393,,36.61666666666667,,Light Naphtha
189545-13b,27.192,,74.575,,32.9,,Unknown/Needs Review
189545-33 ez,27.338,,77.694,,35.483333333333334,,Unknown/Needs Review
189557-4opt<,41.641,,109.795,,36.65,,Light Naphtha
189564-6a,35.857,,142.102,,36.31666666666667,,Light Naphtha
189566-1x,25.82,,40.539,,35.86666666666667,,Unknown/Needs Review
189571-1OPTT,27.312,,60.036,,32.3,,Unknown/Needs Review
189706-6xzxxzz,158.488,,228.934,,39.35,,Jet Fuel / Kerosene
189777-22,24.634,,35.463,,35.233333333333334,,Unknown/Needs Review
189778-6a,26.293,,43.319,,37.016666666666666,,Unknown/Needs Review
189812-7a,43.337,,154.272,,34.1,,Light Naphtha
189814-61x,34.188,,134.741,,32.86666666666667,,Light Naphtha
189872-6a,32.56,,141.571,,35.666666666666664,,Light Naphtha
189883-6opty,55.694,,130.194,,35.9,,Light Naphtha
189914-12optee,36.12,,155.205,,34.6,,Light Naphtha
190043-8a,27.146,,73.022,,34.53333333333333,,Unknown/Needs Review
190092-29 compoptt,37.853,,135.378,,35.11666666666667,,Light Naphtha
190135-27optx,50.568,,108.37,,35.9,,Light Naphtha
190154-20x,51.068,,132.24,,37.5,,Light Naphtha
190170-100x,37.696,,131.611,,34.18333333333333,,Light Naphtha
190280-8x,27.964,,69.718,,39.25,,Unknown/Needs Review
190296-8a,36.23,,122.396,,36.36666666666667,,Light Naphtha
190318.11X,50.281,,144.258,,34.43333333333333,,Light Naphtha
190406-11opyy,32.835,,83.886,,33.833333333333336,,Light Naphtha
190425-27x,36.475,,132.352,,37.0,,Light Naphtha
190425-52 jb hb mtbe,42.808,,45.515,,34.666666666666664,,Light Naphtha
190447-10opptt,29.543,,81.652,,35.1,,Unknown/Needs Review
190557-13  ez,31.805,,150.343,,67.43333333333334,,Light Naphtha
190557-26 ez,33.236,,147.642,,34.21666666666667,,Light Naphtha
190557-5X,36.391,,158.931,,35.03333333333333,,Light Naphtha
190606-4x,28.407,,79.373,,35.61666666666667,,Unknown/Needs Review
190613-2 jbva,44.7,,157.753,,36.21666666666667,,Light Naphtha
190645-52zzz,38.376,,126.385,,34.666666666666664,,Light Naphtha
190691-26 ez,27.855,,77.848,,32.7,,Unknown/Needs Review
190694-12a,36.09,,139.297,,33.166666666666664,,Light Naphtha
190708-6a10,36.032,,144.981,,35.18333333333333,,Light Naphtha
190714-13optx,37.554,,173.438,,36.2,,Reformulated Gasoline
190723-3 ez,37.123,,109.34,,35.3,,Light Naphtha
190751-6 ez,35.967,,155.455,,33.666666666666664,,Light Naphtha
190770-6 jba,55.481,,78.422,,37.53333333333333,,Light Naphtha
190779-2xxx,35.179,,127.501,,36.23333333333333,,Light Naphtha
190836-6zzz,30.2,,86.923,,33.53333333333333,,Light Naphtha
190844-199,32.29,,99.306,,32.666666666666664,,Light Naphtha
190878-16x,33.788,,125.816,,35.266666666666666,,Light Naphtha
190878-366,34.337,,126.872,,37.38333333333333,,Light Naphtha
190884-6 ez,38.462,,155.782,,35.93333333333333,,Light Naphtha
190934-66,35.024,,150.928,,34.85,,Light Naphtha
190993-11zzz,28.171,,76.886,,32.4,,Unknown/Needs Review
191097-6 spkqqq,36.768,,144.386,,35.06666666666667,,Light Naphtha
191102-6 opjb,46.941,,167.277,,34.166666666666664,,Reformulated Gasoline
191120-3ppp,34.437,,118.272,,35.4,,Light Naphtha
191182-19ppp,57.616,,87.019,,36.28333333333333,,Light Naphtha
191194-3x,42.286,,106.363,,35.61666666666667,,Light Naphtha
19119511DDD,52.999,,156.192,,37.73333333333333,,Light Naphtha
191216-196optwww,27.793,,77.724,,36.0,,Unknown/Needs Review
191230-6 oppjb,41.842,,44.453,,38.36666666666667,,Light Naphtha
191237-29 ez,35.143,,136.266,,36.81666666666667,,Light Naphtha
191237-29zzz,35.145,,148.031,,37.333333333333336,,Light Naphtha
191258-26a,31.091,,93.687,,37.43333333333333,,Light Naphtha
191283-15x,35.546,,137.485,,34.86666666666667,,Light Naphtha
191286-76a,33.639,,133.248,,35.9,,Light Naphtha
191304-12A,149.788,,156.224,,37.35,,Unknown/Needs Review
191322-17x,27.5,,74.524,,34.3,,Unknown/Needs Review
191331-13 opppp,27.93,,79.211,,33.5,,Unknown/Needs Review
191332-6x,34.574,,131.082,,33.46666666666667,,Light Naphtha
191353-26A,31.67,,119.885,,36.36666666666667,,Light Naphtha
191357-12a,45.794,,130.111,,35.85,,Light Naphtha
191393-6optz,35.25,,103.743,,32.9,,Light Naphtha
191403-6 ez,26.718,,65.315,,34.71666666666667,,Unknown/Needs Review
191408-1x,37.412,,109.049,,35.0,,Light Naphtha
191467-17OPTTTT,27.71,,81.779,,36.21666666666667,,Unknown/Needs Review
191504-11A,52.975,,130.86,,36.43333333333333,,Light Naphtha
191506-77,27.044,,79.99,,38.55,,Unknown/Needs Review
191508-41optt,34.707,,129.093,,36.6,,Light Naphtha
191541-9optttttt,39.185,0.1442497833620536,111.772,1.0974297244015314,36.60833333333333,1.1902964149973576,Light Naphtha
191548-6OPTTTT,35.776,,135.033,,35.333333333333336,,Light Naphtha
191549-32 ez,34.5185,0.3641599923110724,150.999,9.755245153249604,35.233333333333334,1.3435028842544368,Light Naphtha
191557-25 deeeeeeee,49.27,,155.941,,36.78333333333333,,Light Naphtha
191579-49CCC,114.898,0.0,134.382,0.0,39.81666666666667,0.0,Unknown/Needs Review
191595-19b oopp,42.878,,44.496,,40.4,,Light Naphtha
191620-33rrr,35.711,,138.862,,35.233333333333334,,Light Naphtha
191656-7 ez,35.87,,138.661,,35.916666666666664,,Light Naphtha
191711-19,27.759,,77.363,,33.333333333333336,,Unknown/Needs Review
191712-17 opppp,37.012,,102.575,,34.38333333333333,,Light Naphtha
191732-6 oppppp,35.834,,127.251,,33.38333333333333,,Light Naphtha
191738-20 opppp,35.111,,137.159,,32.266666666666666,,Light Naphtha
191743-9 ez,52.245,,113.27,,36.833333333333336,,Light Naphtha
191760-6 ez,31.686,,78.677,,35.71666666666667,,Light Naphtha
191760-7HB,35.481,,150.204,,35.516666666666666,,Light Naphtha
191764-6otyppp,28.178,,84.591,,33.35,,Unknown/Needs Review
191767-2A,34.526,,137.329,,34.45,,Light Naphtha
191768-6optt,72.616,,141.899,,38.31666666666667,,Light Naphtha
191769-18 oppppp,42.184,,44.588,,35.25,,Light Naphtha
191785-12 opppppp,38.399,,145.502,,35.733333333333334,,Light Naphtha
191829-122,28.293,,87.836,,30.066666666666663,,Unknown/Needs Review
191839-1aaa,42.245,,111.827,,36.7,,Light Naphtha
191851-1aa,38.461,,169.134,,34.083333333333336,,Reformulated Gasoline
191878-16AA,34.68,,132.762,,36.03333333333333,,Light Naphtha
191883-7 oppppppp,42.4475,0.0233345237791569,44.6305,0.1322289680818827,35.775,0.6717514421272222,Light Naphtha
191889-7x,59.977,,86.291,,35.06666666666667,,Light Naphtha
191901-37 opppt,34.96,,136.413,,37.41666666666666,,Light Naphtha
191928-6AAA,32.585,,151.924,,48.41666666666666,,Light Naphtha
191937_14ABC,32.588,,139.603,,34.8,,Light Naphtha
191947-18 opppppp,28.586,,76.41,,34.88333333333333,,Unknown/Needs Review
191953-71AAA,188.801,,341.973,,38.56666666666667,,Diesel
191974-6 so,35.495,,142.6,,33.71666666666667,,Light Naphtha
191978-22 ez,36.171,,145.716,,34.166666666666664,,Light Naphtha
191979-16opywww,32.059,,128.532,,32.75,,Light Naphtha
191979-23 ez,38.638,,127.963,,34.36666666666667,,Light Naphtha
192039-12so,35.435,,136.264,,34.3,,Light Naphtha
192057-2 opppppp,35.182,,119.104,,35.1,,Light Naphtha
192103-6so,36.068,,133.842,,36.56666666666667,,Light Naphtha
192117-200,42.975,,158.636,,37.53333333333333,,Light Naphtha
192158-26x,34.573,,124.339,,33.75,,Light Naphtha
192178-2x,27.487,,167.207,,37.06666666666667,,Unknown/Needs Review
192183_111A,35.051,,125.721,,33.65,,Light Naphtha
192193-3 ez,34.246,,137.159,,35.583333333333336,,Light Naphtha
192208-6,27.837,,75.825,,32.18333333333333,,Unknown/Needs Review
192211-6,37.222,,147.571,,33.05,,Light Naphtha
192216-7leo,27.566,,75.62,,34.18333333333333,,Unknown/Needs Review
192217-12x,27.421,,79.78,,32.55,,Unknown/Needs Review
192217-6AAA,27.075,,79.056,,31.98333333333333,,Unknown/Needs Review
192219-9optrrrrr,33.9,,131.446,,35.15,,Light Naphtha
192232-20 oppppp,33.607,,148.251,,34.516666666666666,,Light Naphtha
192234-38 oppppp,42.708,,122.045,,36.56666666666667,,Light Naphtha
192246-6AA,35.977,,149.764,,34.333333333333336,,Light Naphtha
192264-24AA,35.162,,130.831,,34.28333333333333,,Light Naphtha
192309-5opttttt,31.244,,58.879,,33.75,,Light Naphtha
192315+7 EZ,54.403,,132.155,,33.96666666666667,,Light Naphtha
192328-77,33.914,,140.459,,36.41666666666666,,Light Naphtha
192329-9,28.246,,78.723,,32.18333333333333,,Unknown/Needs Review
192379-15BBB,34.589,,148.317,,36.41666666666666,,Light Naphtha
192379-9A,35.923,,142.95,,35.18333333333333,,Light Naphtha
192380-13optttt,37.719,6.208397538817888,78.6885,62.036599233839375,21.65,16.475588001646557,Light Naphtha
192383-88AAAAA,36.171,,131.511,,37.73333333333333,,Light Naphtha
192383-88X,36.084,,133.388,,35.333333333333336,,Light Naphtha
192385-15otttt,37.977,,142.415,,36.516666666666666,,Light Naphtha
192392-22abc,40.124,2.689834195633628,159.68200000000002,26.99733690570236,54.275,25.89189330444741,Light Naphtha
192394-22CCC,33.788,,144.164,,34.2,,Light Naphtha
192428-1 oppp ez,37.296,,115.801,,34.31666666666667,,Light Naphtha
192429-7 spk optttt,35.972,,157.354,,35.266666666666666,,Light Naphtha
192433-1optttttt,34.668,,135.166,,33.516666666666666,,Light Naphtha
192434-1 opppppp,35.084,,127.302,,33.38333333333333,,Light Naphtha
192439-6BBB,36.178,,137.983,,32.85,,Light Naphtha
192439-7BBB,35.9255,0.0233345237791569,109.5355,33.87677877986631,30.65,9.545941546018392,Light Naphtha
192448-1SPAVID,40.704,,148.452,,35.983333333333334,,Light Naphtha
192448-2SPAVID,39.436,,148.3,,33.483333333333334,,Light Naphtha
192448-4POOP,40.272,,148.742,,34.63333333333333,,Light Naphtha
192448-6RIZZLER,39.807,,148.481,,35.2,,Light Naphtha
192458-26 oppppp,36.626,,123.47,,34.95,,Light Naphtha
192493-1opt<<,60.552,,64.455,,37.23333333333333,,Light Naphtha
192520-1,99.385,,100.123,,24.8,,Unknown/Needs Review
192556-6AAA,34.918,,142.223,,35.13333333333333,,Light Naphtha
192558-6opt<<<,29.217,,90.391,,35.416666666666664,,Unknown/Needs Review
192574-19opttt<<,27.472,,76.909,,35.68333333333333,,Unknown/Needs Review
192595-5 deeeeecubed,35.572,,169.172,,31.65,,Reformulated Gasoline
192595-5 deeeeeeee,37.33,3.6104872247385154,290.426,0.8796408357960851,35.108333333333334,0.2239171473757373,Unknown/Needs Review
192600-13 ooppppp,56.632,,167.564,,35.8,,Reformulated Gasoline
192605-19AAA,31.133,,90.607,,33.233333333333334,,Light Naphtha
192606-1 oppppppp,34.79,,128.641,,35.2,,Light Naphtha
192606_13GGG,33.531,,148.909,,35.55,,Light Naphtha
192634-31AAA,58.878,,59.764,,10.816666666666666,,Light Naphtha
192648-9OPT>>,38.306,,128.317,,35.233333333333334,,Light Naphtha
192710-7AAA,35.982,,144.065,,36.66666666666666,,Light Naphtha
192729-1a,34.782,,135.841,,34.1,,Light Naphtha
192729-2,36.112,,139.512,,33.5,,Light Naphtha
192734-1a,34.23,,125.376,,35.6,,Light Naphtha
192738-7 ez,43.569,,126.412,,69.73333333333333,,Light Naphtha
192765-4GGG,65.892,,280.951,,30.416666666666668,,Unknown/Needs Review
192767-24so,167.509,,231.877,,38.98333333333333,,Jet Fuel / Kerosene
192779-6AAA,35.585,,128.479,,35.53333333333333,,Light Naphtha
192788-19opt;;,35.333,,82.264,,38.7,,Light Naphtha
192830-19opt==,27.524,,76.733,,36.03333333333333,,Unknown/Needs Review
192834-5 opppppp,35.309,,145.666,,34.71666666666667,,Light Naphtha
192851-15 ez,33.003,,139.389,,35.18333333333333,,Light Naphtha
192865-7xxx,35.514,,156.331,,33.766666666666666,,Light Naphtha
192868_1B,36.802,,129.721,,33.78333333333333,,Light Naphtha
192907-6so,59.4,,84.452,,36.38333333333333,,Light Naphtha
192922-7opt<<<,34.432,,127.656,,68.3,,Light Naphtha
192935-244,34.756,,155.742,,35.75,,Light Naphtha
192937-15opt<<,31.928,,80.007,,32.86666666666667,,Light Naphtha
192957-5 ez,36.955,,158.541,,32.55,,Light Naphtha
192972-1 oppppppp,35.311,,140.826,,35.416666666666664,,Light Naphtha
192985-88opt<<,32.107,,132.563,,35.15,,Light Naphtha
192993-15opt<<,43.088,,44.654,,71.06666666666666,,Light Naphtha
193011-3AAA,37.043,0.0593969696196722,138.228,2.6573072836990623,37.78333333333333,4.784755886028969,Light Naphtha
193031-6 ez,116.756,,132.483,,39.833333333333336,,Unknown/Needs Review
193038-1 ez,35.62,,140.446,,35.53333333333333,,Light Naphtha
193067-7AAA,34.747,,155.372,,32.266666666666666,,Light Naphtha
193086-14opt<<,35.038,,136.876,,34.6,,Light Naphtha
193087-6GGG,29.012,,88.124,,36.3,,Unknown/Needs Review
193112-66,37.828,,42.456,,11.7,,Light Naphtha
193112-6bb,38.054,,129.861,,34.4,,Light Naphtha
193138-1AA,32.519,,114.729,,36.66666666666666,,Light Naphtha
193165-11 ez,27.638,,77.199,,31.83333333333333,,Unknown/Needs Review
193208-22opt<<<,43.32,,120.393,,36.1,,Light Naphtha
1932255-1AAA,34.912,,132.855,,33.96666666666667,,Light Naphtha
193234-11opt<<,40.706,,117.319,,36.21666666666667,,Light Naphtha
193234-1opt==,38.835,,116.166,,33.78333333333333,,Light Naphtha
193234-9opt<<<,40.932,,117.567,,36.48333333333333,,Light Naphtha
193249-6AAAA,34.589,,137.206,,34.43333333333333,,Light Naphtha
"193250-9opt,,",34.584,,134.793,,37.18333333333333,,Light Naphtha
193260-2opt==,34.147,,123.257,,34.06666666666667,,Light Naphtha
193433-10opt[],28.337,,75.964,,38.11666666666667,,Unknown/Needs Review
193462-7sss,30.04,,73.44,,31.066666666666663,,Light Naphtha
193477-13opt==,27.937,,73.961,,35.666666666666664,,Unknown/Needs Review
193505-9 oppppp,27.631,,75.034,,35.93333333333333,,Unknown/Needs Review
193566-6 so,28.782,,69.271,,32.13333333333333,,Unknown/Needs Review
193640-14AAA,124.901,,126.486,,38.55,,Unknown/Needs Review
193728-7x,211.61,,338.08,,38.3,,Diesel
193776-15x,51.167,,111.583,,34.21666666666667,,Light Naphtha
193776-15xx,51.35,,128.085,,32.63333333333333,,Light Naphtha
193888-3opt1,42.935,,105.43,,36.06666666666667,,Light Naphtha
193894-1414,33.01,,146.438,,34.3,,Light Naphtha
193961-20opt<<,36.829,,158.843,,36.03333333333333,,Light Naphtha
193961-7AAA,37.979,,165.01,,33.483333333333334,,Reformulated Gasoline
194095-11spk,33.825,,145.148,,34.916666666666664,,Light Naphtha
194100-6 ez,28.459,,134.839,,35.083333333333336,,Unknown/Needs Review
194126-116opt==,28.776,,86.238,,34.06666666666667,,Unknown/Needs Review
194130-19opt==,27.832,,72.498,,37.0,,Unknown/Needs Review
194133-18AAA,27.117,,75.492,,32.516666666666666,,Unknown/Needs Review
194155-53AAA,36.247,,147.588,,33.516666666666666,,Light Naphtha
194188-1AAA,31.203,,150.604,,33.11666666666667,,Light Naphtha
194211-146AAA,23.421,,125.844,,34.05,,Unknown/Needs Review
194234-888,31.854,,98.163,,35.833333333333336,,Light Naphtha
194252-1AAA,64.936,,115.457,,71.88333333333334,,Light Naphtha
194313-125AAA,40.993,,124.352,,34.3,,Light Naphtha
194318-2AAA,31.999,,134.072,,33.483333333333334,,Light Naphtha
194364-111,30.448,,137.327,,32.93333333333333,,Light Naphtha
194373-19 opppppp,64.769,,122.588,,35.9,,Light Naphtha
194396-6opty<<,27.859,,76.097,,34.8,,Unknown/Needs Review
194397-7optt==,28.792,,135.459,,35.15,,Unknown/Needs Review
194463-19opt;;;,39.394,,172.072,,37.0,,Reformulated Gasoline
194504-16opt;;,27.737,,78.775,,36.66666666666666,,Unknown/Needs Review
194546-6AAA,29.533,,136.611,,34.68333333333333,,Unknown/Needs Review
194570-17AAA,84.635,,147.16,,34.8,,Light Naphtha
194620-144,36.101,,149.143,,35.583333333333336,,Light Naphtha
194668-16optttt,36.456,,147.525,,35.15,,Light Naphtha
194701-6 opppppp,34.104,,139.758,,35.8,,Light Naphtha
194746-7opt==,27.74,,73.44,,33.233333333333334,,Unknown/Needs Review
194762-13opt1111,30.506,,76.836,,34.06666666666667,,Light Naphtha
194773-6b,38.469,,172.108,,35.56666666666667,,Reformulated Gasoline
194796-1 oppppp,24.512,,32.933,,36.38333333333333,,Unknown/Needs Review
194806-4opttt,31.843,,106.079,,36.55,,Light Naphtha
194819-6.10%aaa,25.253,,69.549,,31.1,,Unknown/Needs Review
2002-1 optimize,35.542,0.0,158.386,0.0,70.71666666666667,0.0,Light Naphtha
2043-1opt,61.719,0.0,151.425,0.0,29.816666666666663,0.0,Light Naphtha
2198-1wwrtv,27.717,0.0,159.04,0.0,32.9,0.0,Unknown/Needs Review
2275-1a,26.352,,154.323,,33.03333333333333,,Unknown/Needs Review
2290-1a,25.116,,165.515,,33.8,,Unknown/Needs Review
2297-1,27.639,0.0,142.034,0.0,35.05,0.0,Unknown/Needs Review
240 CUT,27.218,,74.788,,29.73333333333333,,Unknown/Needs Review
2469-1zzzxxy,37.918,,139.604,,36.016666666666666,,Light Naphtha
280 cut,66.48194117647058,9.547098411066482,113.65076470588237,8.82575741392271,14.647916666666664,3.1141192054778384,Light Naphtha
330F cut,76.04724999999999,16.57892140389919,103.68175,56.62807757861818,10.070833333333333,4.757691141719898,Light Naphtha
350 F Cut,55.128,,156.033,,29.166666666666668,,Light Naphtha
350 cut,61.49572727272727,13.153090223144591,145.03127272727272,8.225278719787052,17.977272727272727,3.3095004047881504,Light Naphtha
400 cut,74.08317496807152,25.427597578720597,160.71048786717753,26.457482502988693,17.116815666240953,4.4807882555050655,Reformulated Gasoline
400F CUT,66.449,2.312239174480017,175.162,16.177188939985825,19.425,5.2679455198397775,Reformulated Gasoline
41891-3optt,48.636,,113.758,,37.0,,Light Naphtha
450 cut,58.523911917098445,7.588091298178524,195.0957512953368,22.36850247325817,19.48341968911917,2.413346316609518,Reformulated Gasoline
4607-14tgggggg,32.972,,148.434,,35.35,,Light Naphtha
4663-4eeeee,184.914,,339.638,,41.61666666666667,,Diesel
4678-13,31.892,0.0,145.968,0.0,36.88333333333333,0.0,Light Naphtha
60-40 MeOH Blend,69.569,,88.428,,26.0,,Light Naphtha
650°F cut,69.21549999999999,0.0445477272147592,266.127,14.98076426621822,2187.241666666667,126.8196012058074,Unknown/Needs Review
85722-4a,62.201,,166.294,,32.516666666666666,,Reformulated Gasoline
85722-4azz,61.423,,150.709,,32.1,,Light Naphtha
ATK,157.038,,224.821,,39.21666666666667,,Jet Fuel / Kerosene
AUTO G1+G2 EVAP,37.6565839269813,16.7191610048652,133.72831945681213,29.97764614478971,33.20604778866133,3.0462818981498465,Light Naphtha
AUTO G1+G2 GAS EVAP,38.877911813036334,16.675224026027067,131.08016961840426,32.50286101281733,33.14178990931776,6.179316355423981,Light Naphtha
AUTO G1+G2 Gasoline,49.982809386761126,24.46447075146822,142.033185078592,26.978398478896228,34.981333480923915,5.1562125357769055,Light Naphtha
AUTO G2 High Boil.,64.81554733218589,28.98426062876995,146.57623063683303,30.696967663651524,33.3381239242685,4.755668678295382,Light Naphtha
AUTO G3,151.59316750178954,22.090005157832582,227.8228138869005,19.94778296647671,40.17024576473395,3.8874429367905217,Jet Fuel / Kerosene
AUTO G4,199.50048684665973,33.147868747626426,312.4415880927657,41.73687008312623,37.77949405792085,6.171882443978333,Diesel
AUTO G4 OPT,199.534,,330.467,,37.65,,Diesel
BUCKEYE KERO,150.23815384615384,1.773931737044106,241.2006153846154,5.450737251945241,39.59487179487179,0.9603332903164566,Jet Fuel / Kerosene
Buckeye Gasoil,215.3401,5.771538770462113,341.0517,4.576886761935347,35.02,2.4068165866703195,Diesel
CAC 3228-2 VVV,81.148,,305.22,,36.266666666666666,,Crude Atmospheric Cuts
CAMIN 10% RESIDUE,175.6665,46.57234181050257,299.859375,16.510472052934002,33.71458333333333,4.338114921417893,Unknown/Needs Review
CAMIN GAS DQC,42.4220625,0.543279114114773,151.8465,0.8127221747518294,36.60729166666667,4.320926549942731,Light Naphtha
CBOBRR,29.372,1.4184061477588126,148.066,11.11892643198973,33.45555555555556,0.5302864355267882,Unknown/Needs Review
CM,204.4095,0.9903125769170038,333.21375,16.490614388695988,52.74166666666667,2.5134637455113595,Diesel
CRUDE INV,61.18778651685393,12.817876571711755,351.43281647940074,59.58585605075067,30.539450686641697,5.006041048772906,Crude Atmospheric Cuts
Camin 10% Residue,170.05016666666668,39.37370665181964,312.07483333333334,61.17649185873479,48.34201388888889,61.146730957040255,Crude Atmospheric Cuts
Camin Diesel,189.906,,307.83,,36.46666666666667,,Diesel
Camin Gas RVP +9.5,23.714,,23.864,,7.166666666666667,,Unknown/Needs Review
Camin Gas RVP +9.5..,40.496,,146.099,,32.88333333333333,,Light Naphtha
Camin Gas RVP -9.5,114.939,,133.917,,35.46666666666667,,Unknown/Needs Review
Camin High Aro light,25.474,,39.697,,25.03333333333333,,Unknown/Needs Review
Camin Reformate,68.4805,12.99326780811253,148.9985,12.277353474317383,33.43333333333334,0.5581052602166365,Light Naphtha
Condensate,49.197,,149.178,,30.566666666666663,,Light Naphtha
D 850 IBP<110C,99.707,0.0,118.97,0.0,31.15,0.0,Unknown/Needs Review
D 850 IBP<110C TOL,102.76488,7.142095195155733,115.27544,11.806967967687546,29.106666666666666,1.628010032729119,Unknown/Needs Review
D-850 TOLUENE,128.71550000000002,41.31695633151116,128.8715,41.387667009629816,29.94166666666667,7.436406315478525,Unknown/Needs Review
D1078,65.237,,145.687,,27.53333333333333,,Light Naphtha
D850,73.179,24.41710801876422,76.43900000000001,28.046378964137244,20.916666666666668,10.686478996064762,Light Naphtha
D850 BENZENE,66.2815,0.0388908729652599,84.44200000000001,4.289309734677595,25.066666666666663,1.2727922061357837,Light Naphtha
D850 M-XYLENE,127.9665,0.106773123959171,128.563,0.8046875169903048,24.425,0.7424621202458742,Unknown/Needs Review
D850 MIXED XYLENE,127.7922222222222,0.4377475807408246,128.079,0.8342989572089917,31.829629629629625,0.3901368863917582,Unknown/Needs Review
D850 Toluene,99.375,,99.645,,26.53333333333333,,Unknown/Needs Review
D850-tol,99.22385714285714,0.6032620847170328,102.31957142857142,4.335173578114367,28.152380952380952,0.911979357883911,Unknown/Needs Review
D850-xylene,127.97833333333334,0.6749224646826708,129.03300000000002,0.5352036995387931,27.272222222222226,0.1347150628109134,Unknown/Needs Review
DIESEL,216.6374257425743,19.27564681007956,321.7220099009901,11.266987496660366,39.47970297029703,4.531425213599651,Diesel
DIESEL PARA RC,193.8144609929078,16.730752950146172,325.1884468085106,35.17176539426103,33.26654846335697,6.606303956832077,Diesel
DIESEL PESADO,203.8882,76.94555671353322,335.23040000000003,88.27746380362319,37.443333333333335,7.503177104844766,Diesel
DIESEL QC,186.293,1.7889996739332663,306.81330769230766,1.8775811293885216,38.88589743589744,2.299102543846732,Diesel
DIESEL_9%,194.9932142857143,14.127187671892909,322.8579642857143,37.216869614812765,30.98779761904762,4.363442588478016,Diesel
DMA,196.3628888888889,14.25435786386434,334.44377777777777,11.055373973522771,35.90740740740741,0.6968237019540425,Diesel
DQC 24585A,36.436,,144.283,,33.25,,Light Naphtha
DQC1,40.816500000000005,1.2612189209913802,151.2996,0.9683103496985488,36.395,0.8960837290023265,Light Naphtha
Diesel,222.9145762711865,11.157788373433316,324.1540847457627,6.699631395645732,38.87768361581921,1.59957073435048,Diesel
Diesel & Jet G4,161.081,,238.194,,33.6,,Jet Fuel / Kerosene
G1,27.725,,63.779,,35.5,,Unknown/Needs Review
G1 & G2 EVAP,42.4619074074074,20.36529386107327,137.15679629629628,37.29408799694343,37.0891975308642,9.879108442598588,Light Naphtha
G1&G2 EVAP,40.99011654135338,18.17497670521149,131.5215187969925,32.46716044453372,34.29028822055138,5.038160060041308,Light Naphtha
G1+G2 EVAP,36.98226709996905,16.468788205889094,133.86334880841844,30.535414782205454,33.37082430620035,3.263296566925483,Light Naphtha
G3 HIGH BOIL,56.749,,291.546,,29.716666666666665,,Unknown/Needs Review
G4 HIGH,197.57348,41.7223082032348,323.12366000000003,35.03268929222115,36.50966666666667,3.5904352814392952,Diesel
G4 HIGH #2,56.74475,11.348142678429804,324.11575,29.949362501562558,27.066666666666663,0.9768619448311304,Crude Atmospheric Cuts
G4 HIGH BOIL,173.85336363636364,46.56304387095134,285.0180909090909,60.482315146786114,32.53181818181818,7.129126316698425,Unknown/Needs Review
G4 MOD-D1655,149.5555,1.3787061357285808,230.7839583333333,2.2873784591929063,34.37986111111111,1.0769990868200736,Jet Fuel / Kerosene
GAS EVAP HIGH EP,39.181,,269.792,,27.48333333333333,,Unknown/Needs Review
GAS OIL OPT,210.0885,24.146123071077795,331.95925,32.9525444296243,37.44166666666667,1.5996132739704996,Diesel
GAS QC1,45.58,,138.731,,37.61666666666667,,Light Naphtha
GAS QCB,39.757,,151.143,,35.1,,Light Naphtha
GASOLINE,40.024,0.5345727265770301,154.027,3.426639461630002,33.858333333333334,1.590990257669732,Light Naphtha
GASOLINE G1+G2 TEST,30.921,,147.205,,32.45,,Light Naphtha
Gas Handblend,34.69906666666667,4.102103440686889,137.82906666666668,14.400686077240836,36.65222222222222,1.2577989509687948,Light Naphtha
Gas Oil OPT,210.115,13.873793066261817,334.5421797752809,21.902992857225644,33.93426966292135,5.0504977499663495,Diesel
Gasoil,221.756,,337.267,,41.1,,Diesel
Gasoil OPT,216.84475,11.525722345560665,339.575875,3.6782916085608046,38.66319444444444,1.2849460896477836,Diesel
Gasoil opt,205.10720833333332,14.03919193349867,336.20991666666663,16.771420540950114,37.25503472222222,2.178945127837484,Diesel
HEXADECAN CAL 2,265.9499090909091,0.4774018128464697,266.92318181818183,0.5152261286429107,38.2560606060606,2.7152375865686524,Unknown/Needs Review
Heavy Naphtha,79.8907294117647,14.827697154784538,137.6957411764706,13.372025421034175,34.38235294117647,4.803145569387011,Light Naphtha
JET A1,53.959,17.18552320995785,172.73,27.61110559177231,19.525,12.692566722298526,Reformulated Gasoline
JET D1655-DEFSTAN91,154.86843478260872,9.578553049894548,243.1105652173913,8.40991614824746,35.073913043478264,7.398277894907484,Jet Fuel / Kerosene
JUNE ACCX,40.892,,148.282,,36.68333333333333,,Light Naphtha
KM Diesel,221.024,,341.298,,38.45,,Diesel
LPO 15521-31oppttt,66.664,0.0,354.223,0.0,30.5,0.0,Crude Atmospheric Cuts
MEG D1078,186.3092,0.3007552160811329,186.24,0.2130586773637789,37.99666666666667,0.6680610417885154,Unknown/Needs Review
Magellan 124 HVN New,86.73061052631579,6.576780437354179,129.2276947368421,6.727248792836233,34.97526315789474,6.870228566969145,Light Naphtha
Magellan 125 LVN New,30.73133333333333,1.9948626464884696,83.6014358974359,11.628105523569438,35.3465811965812,3.632734927263899,Light Naphtha
Magellan Gasoil New,205.80193333333327,12.866090068008033,339.468,3.4221649789069475,36.60222222222222,1.207711115112441,Diesel
Magellan Kero New,151.06088095238096,1.4998558662846018,235.26838095238097,11.153227248041606,36.354365079365074,2.0021501298851314,Jet Fuel / Kerosene
Methanol D1078,53.292,0.038183766184075,53.391000000000005,0.0622253967444193,32.88333333333333,0.6835365551469973,Light Naphtha
Mixed Naphtha HB,48.17425925925926,3.6561392642300223,126.14435802469134,6.111736539864588,36.23539094650206,1.1649403379931866,Light Naphtha
Mixed Xylenes,127.275,,129.259,,32.016666666666666,,Unknown/Needs Review
Monthly ACCX,41.007,,153.998,,35.8,,Light Naphtha
Mtbe 13020,41.905,,44.449,,37.333333333333336,,Light Naphtha
NAFTA BRASKEM,43.5865,12.705433258168636,137.8232,19.33644468527414,33.82833333333333,1.253761008592415,Light Naphtha
NAPH,26.044,0.0,88.563,0.0,34.21666666666667,0.0,Unknown/Needs Review
NAPHTHA,31.079700000000003,3.887351284758185,95.2993,41.60523700222258,35.75333333333333,1.7261210349105014,Light Naphtha
NP 2400,93.435,,135.956,,35.43333333333333,,Unknown/Needs Review
Naphtha,32.46300673400674,7.034682861324593,87.61390909090909,18.45392240904003,35.05274971941638,3.1367190047405558,Light Naphtha
Naphtha-Crude HB,46.788,,305.053,,31.03333333333333,,Unknown/Needs Review
Naphtha-CrudeHB -new,52.4738,0.5561238171486629,161.2676,9.59933970645898,31.706666666666667,2.827484158517367,Reformulated Gasoline
P2 SLATE,47.6298275862069,13.930642568168524,99.6643448275862,26.51271053297679,35.73505747126437,6.997705611551844,Light Naphtha
PARAXYLENE,125.792,,126.79,,42.23333333333333,,Unknown/Needs Review
PSEUDOCUMENE,158.156,,158.091,,28.58333333333333,,Unknown/Needs Review
QC sample,187.709,4.750120676829639,298.6209,27.33846562161901,32.24166666666666,8.680474221841187,Diesel
QC44,45.796,0.0862670273047587,112.531,27.46827002197263,23.8,4.431202495435697,Light Naphtha
QC444,39.939,,152.008,,35.61666666666667,,Light Naphtha
QCAA,45.958,,153.73,,36.23333333333333,,Light Naphtha
RFG 2388X,43.894,,171.409,,36.93333333333333,,Reformulated Gasoline
RFG 2395X,48.214,,153.839,,36.75,,Light Naphtha
RFG 2406X,56.082,,95.227,,35.7,,Light Naphtha
RFG 2407X,41.745,,111.553,,36.36666666666667,,Light Naphtha
RFG 2416X,38.724,,144.606,,36.21666666666667,,Light Naphtha
RFG 2422X,49.884,,149.983,,35.13333333333333,,Light Naphtha
RFG 2428X,49.065,,155.753,,34.71666666666667,,Light Naphtha
RFG-1343-1CCC,51.785,,161.997,,35.31666666666667,,Reformulated Gasoline
RFG-2344-1 CCC,45.1045,4.953283002211765,151.3075,1.866054795551306,35.666666666666664,0.8013876853447485,Light Naphtha
RFG-2380-1CCC,37.27528571428572,3.081918488771008,148.82385714285715,13.864204333805946,40.01428571428572,13.261778233131553,Light Naphtha
RFG-2384x,40.4245,0.2269812767608803,134.5655,1.9608071042302837,35.30833333333334,0.9310239285622874,Light Naphtha
RFG-2386-1CCC,49.671,,163.474,,43.31666666666667,,Reformulated Gasoline
RFG-2393-1CCC,37.678,,153.047,,37.81666666666667,,Light Naphtha
RFG-2411-1CCC,40.395,18.188200625680373,107.111,41.65848890682427,35.04166666666667,3.50017856687341,Light Naphtha
RFG-2554A,44.443,,163.274,,36.46666666666667,,Reformulated Gasoline
RFG2470-1CCC,33.933,,146.442,,36.66666666666666,,Light Naphtha
RFG2477-1CCC,40.0759,6.380218307828938,140.153,18.562340674961582,36.83833333333333,1.4361094992468932,Light Naphtha
RFG2478-1ccc,42.137,,133.905,,35.85,,Light Naphtha
RFG2489-1CCC,41.904,7.635748110041346,152.8885,7.411470319713885,41.16666666666666,14.860267681154186,Light Naphtha
RFG2502-1X,45.0632,4.402096284726176,146.0352,19.46531347551331,37.46,1.2889810790784382,Light Naphtha
RFG2516-1CCC,44.12733333333333,5.902375228103797,161.03666666666666,8.161286193568598,46.73888888888889,20.42355212693133,Reformulated Gasoline
RFG2551-1XXX,59.98766666666666,8.549386079323668,135.31233333333333,20.361968601619377,37.48888888888889,2.4099523585271103,Light Naphtha
RFG2562-1AXXX,40.75671428571429,5.5878224653940025,140.66400000000002,9.309251957058637,35.345238095238095,1.1451069125936826,Light Naphtha
Reformate,117.943,,156.374,,36.13333333333333,,Unknown/Needs Review
TOLUENE   CAL 1,97.96021428571429,0.3362355352499716,98.21292857142858,0.2728382062930096,32.351190476190474,7.159580468913139,Unknown/Needs Review
TOLUENE DD850,109.09133333333334,16.604239107328393,109.54266666666668,17.325129215487348,29.45,2.690931272089851,Unknown/Needs Review
TOLUENE QC,88.61070588235295,21.38193946349555,111.5269411764706,31.937781122971327,35.36078431372549,4.348027734472097,Light Naphtha
TRANS,49.672875,8.61878097839662,273.04200000000003,58.28578885849572,34.16458333333333,1.4445144595363275,Unknown/Needs Review
TRANS 53.9,47.46,9.552350271754367,248.32175,91.20667454076874,35.483333333333334,8.688137323887679,Unknown/Needs Review
TRANS HEAVY,48.523,2.310824960917635,307.879,5.515432893255059,29.03333333333333,0.0,Unknown/Needs Review
TRANSMIX?,45.674,0.0,301.47,0.0,34.11666666666667,0.0,Unknown/Needs Review
Toluene for QC,98.82516666666668,3.774129166664365,103.73383333333334,14.830436600675876,38.73888888888889,1.3962515957084969,Unknown/Needs Review
Transmix,57.0175,18.5863017434884,292.656,26.21951944639721,34.391666666666666,2.604509977370445,Unknown/Needs Review
WEEK QCB,40.97966666666667,0.7615250050611179,152.80966666666666,0.8943155669747341,36.92777777777778,0.9430054396763884,Light Naphtha
WEEK QCBBBBB,41.969,,152.743,,35.86666666666667,,Light Naphtha
WQC,40.985,0.0,150.766,0.0,36.53333333333333,0.0,Light Naphtha
WQC-#11 34919x,42.862,,148.698,,36.48333333333333,,Light Naphtha
camin gas qc opti,43.299,2.8232428163372707,149.65066666666667,0.4890156780036014,37.63333333333333,0.4330127018922193,Light Naphtha
crude,61.859,0.0,350.9,0.0,33.733333333333334,0.0,Crude Atmospheric Cuts
crude 145c,55.467,,104.115,,18.45,,Light Naphtha
crude 75c,55.303,,22.656,,12.166666666666666,,Light Naphtha
crude opt,58.75600000000001,0.0,354.219,0.0,34.65,0.0,Crude Atmospheric Cuts
dqc,39.8725,0.0827314933988216,152.311,1.7833233021524666,35.891666666666666,0.2003469213361871,Light Naphtha
dqc run,41.25333333333334,1.1572962743682635,151.0426666666667,1.8400033333303147,36.93611111111111,1.2656318872697814,Light Naphtha
gas qc,42.272,0.0,153.56,0.0,33.983333333333334,0.0,Light Naphtha
gas qc1,41.20941666666666,1.359312223036696,149.4785,1.739951749592246,35.66111111111111,0.9969735347321048,Light Naphtha
mtbe 1-9,42.839,0.0,44.699,0.0,36.7,0.0,Light Naphtha
naptha,27.617,,79.594,,29.08333333333333,,Unknown/Needs Review
natural gas 210,25.932,3.1395541084682708,57.6115,34.684294723981345,35.11666666666667,0.9899494936611706,Unknown/Needs Review
transmix 53.9,48.847,5.63839040270655,284.93014285714287,20.86041811204953,37.07619047619047,1.3436013360608672,Unknown/Needs Review
