instrument_id,week,downtime_hours
055dc39a-2794-458a-8e8c-464646a22267,2024-07-29 00:00:00+00:00,
0889e4ec-1473-4d57-a5cb-df61853edf03,2024-05-06 00:00:00+00:00,129.2575
0889e4ec-1473-4d57-a5cb-df61853edf03,2024-05-13 00:00:00+00:00,54.218333333333334
0889e4ec-1473-4d57-a5cb-df61853edf03,2024-05-20 00:00:00+00:00,35.494166666666665
0889e4ec-1473-4d57-a5cb-df61853edf03,2024-05-27 00:00:00+00:00,162.33277777777778
0889e4ec-1473-4d57-a5cb-df61853edf03,2024-06-03 00:00:00+00:00,83.84305555555555
0889e4ec-1473-4d57-a5cb-df61853edf03,2024-06-10 00:00:00+00:00,154.30166666666668
0889e4ec-1473-4d57-a5cb-df61853edf03,2024-06-17 00:00:00+00:00,164.36388888888888
0889e4ec-1473-4d57-a5cb-df61853edf03,2024-06-24 00:00:00+00:00,164.7313888888889
0889e4ec-1473-4d57-a5cb-df61853edf03,2024-07-01 00:00:00+00:00,162.11805555555554
0889e4ec-1473-4d57-a5cb-df61853edf03,2024-07-08 00:00:00+00:00,164.15055555555554
0889e4ec-1473-4d57-a5cb-df61853edf03,2024-07-15 00:00:00+00:00,58.03722222222222
0889e4ec-1473-4d57-a5cb-df61853edf03,2024-08-05 00:00:00+00:00,136.86666666666667
0889e4ec-1473-4d57-a5cb-df61853edf03,2024-08-12 00:00:00+00:00,166.29416666666665
0889e4ec-1473-4d57-a5cb-df61853edf03,2024-08-19 00:00:00+00:00,158.30666666666667
0889e4ec-1473-4d57-a5cb-df61853edf03,2024-08-26 00:00:00+00:00,165.6288888888889
0889e4ec-1473-4d57-a5cb-df61853edf03,2024-09-02 00:00:00+00:00,162.64944444444444
0889e4ec-1473-4d57-a5cb-df61853edf03,2024-09-09 00:00:00+00:00,158.0263888888889
0889e4ec-1473-4d57-a5cb-df61853edf03,2024-09-16 00:00:00+00:00,71.79944444444445
0889e4ec-1473-4d57-a5cb-df61853edf03,2024-09-23 00:00:00+00:00,142.7927777777778
0889e4ec-1473-4d57-a5cb-df61853edf03,2024-09-30 00:00:00+00:00,163.36222222222221
0889e4ec-1473-4d57-a5cb-df61853edf03,2024-10-07 00:00:00+00:00,165.64166666666668
0889e4ec-1473-4d57-a5cb-df61853edf03,2024-10-14 00:00:00+00:00,5.1175
0aa8fd0d-019e-422b-bcfb-6f0803909220,2024-05-06 00:00:00+00:00,66.91416666666667
0aa8fd0d-019e-422b-bcfb-6f0803909220,2024-07-15 00:00:00+00:00,149.6588888888889
0aa8fd0d-019e-422b-bcfb-6f0803909220,2024-07-22 00:00:00+00:00,163.145
0aa8fd0d-019e-422b-bcfb-6f0803909220,2024-08-05 00:00:00+00:00,158.20333333333335
0aa8fd0d-019e-422b-bcfb-6f0803909220,2024-08-12 00:00:00+00:00,161.7188888888889
0aa8fd0d-019e-422b-bcfb-6f0803909220,2024-08-19 00:00:00+00:00,162.4013888888889
0aa8fd0d-019e-422b-bcfb-6f0803909220,2024-08-26 00:00:00+00:00,164.34972222222223
0aa8fd0d-019e-422b-bcfb-6f0803909220,2024-09-02 00:00:00+00:00,162.88555555555556
0aa8fd0d-019e-422b-bcfb-6f0803909220,2024-09-09 00:00:00+00:00,163.0363888888889
0aa8fd0d-019e-422b-bcfb-6f0803909220,2024-09-16 00:00:00+00:00,160.0102777777778
0aa8fd0d-019e-422b-bcfb-6f0803909220,2024-09-23 00:00:00+00:00,166.4663888888889
0aa8fd0d-019e-422b-bcfb-6f0803909220,2024-09-30 00:00:00+00:00,2.6783333333333332
0aa8fd0d-019e-422b-bcfb-6f0803909220,2024-10-14 00:00:00+00:00,130.69722222222222
0aa8fd0d-019e-422b-bcfb-6f0803909220,2025-02-17 00:00:00+00:00,4.668888888888889
104fd04f-01f7-4ae2-8e7a-ce353fba1579,2024-06-03 00:00:00+00:00,
104fd04f-01f7-4ae2-8e7a-ce353fba1579,2024-06-17 00:00:00+00:00,
104fd04f-01f7-4ae2-8e7a-ce353fba1579,2024-06-24 00:00:00+00:00,64.34222222222222
1114da92-0859-4dfb-a363-26447dc0f84d,2024-05-27 00:00:00+00:00,76.00166666666667
1114da92-0859-4dfb-a363-26447dc0f84d,2024-06-03 00:00:00+00:00,162.99138888888888
1114da92-0859-4dfb-a363-26447dc0f84d,2024-06-10 00:00:00+00:00,163.17833333333334
1114da92-0859-4dfb-a363-26447dc0f84d,2024-06-17 00:00:00+00:00,163.7863888888889
1114da92-0859-4dfb-a363-26447dc0f84d,2024-06-24 00:00:00+00:00,164.29888888888888
1114da92-0859-4dfb-a363-26447dc0f84d,2024-07-01 00:00:00+00:00,162.02194444444444
1114da92-0859-4dfb-a363-26447dc0f84d,2024-07-08 00:00:00+00:00,163.52277777777778
1114da92-0859-4dfb-a363-26447dc0f84d,2024-07-15 00:00:00+00:00,162.59722222222223
1114da92-0859-4dfb-a363-26447dc0f84d,2024-07-22 00:00:00+00:00,155.40166666666667
1114da92-0859-4dfb-a363-26447dc0f84d,2024-07-29 00:00:00+00:00,154.5311111111111
1114da92-0859-4dfb-a363-26447dc0f84d,2024-08-05 00:00:00+00:00,164.3361111111111
1114da92-0859-4dfb-a363-26447dc0f84d,2024-08-12 00:00:00+00:00,162.98055555555555
1114da92-0859-4dfb-a363-26447dc0f84d,2024-08-19 00:00:00+00:00,164.71972222222223
1114da92-0859-4dfb-a363-26447dc0f84d,2024-08-26 00:00:00+00:00,164.4986111111111
1114da92-0859-4dfb-a363-26447dc0f84d,2024-09-02 00:00:00+00:00,162.93277777777777
1114da92-0859-4dfb-a363-26447dc0f84d,2024-09-09 00:00:00+00:00,163.70333333333335
1114da92-0859-4dfb-a363-26447dc0f84d,2024-09-16 00:00:00+00:00,163.525
1114da92-0859-4dfb-a363-26447dc0f84d,2024-09-23 00:00:00+00:00,164.7061111111111
1114da92-0859-4dfb-a363-26447dc0f84d,2024-09-30 00:00:00+00:00,164.40333333333334
1114da92-0859-4dfb-a363-26447dc0f84d,2024-10-07 00:00:00+00:00,163.65555555555557
1114da92-0859-4dfb-a363-26447dc0f84d,2024-10-14 00:00:00+00:00,163.8188888888889
1114da92-0859-4dfb-a363-26447dc0f84d,2024-10-21 00:00:00+00:00,164.3113888888889
1114da92-0859-4dfb-a363-26447dc0f84d,2024-10-28 00:00:00+00:00,164.02527777777777
1114da92-0859-4dfb-a363-26447dc0f84d,2024-11-04 00:00:00+00:00,163.70833333333334
1114da92-0859-4dfb-a363-26447dc0f84d,2024-11-11 00:00:00+00:00,164.47277777777776
1114da92-0859-4dfb-a363-26447dc0f84d,2024-11-18 00:00:00+00:00,163.78555555555556
1114da92-0859-4dfb-a363-26447dc0f84d,2024-11-25 00:00:00+00:00,164.1038888888889
1114da92-0859-4dfb-a363-26447dc0f84d,2024-12-02 00:00:00+00:00,163.33083333333335
1114da92-0859-4dfb-a363-26447dc0f84d,2024-12-09 00:00:00+00:00,163.53972222222222
1114da92-0859-4dfb-a363-26447dc0f84d,2024-12-16 00:00:00+00:00,163.91333333333333
1114da92-0859-4dfb-a363-26447dc0f84d,2024-12-23 00:00:00+00:00,162.8125
1114da92-0859-4dfb-a363-26447dc0f84d,2024-12-30 00:00:00+00:00,163.77194444444444
1114da92-0859-4dfb-a363-26447dc0f84d,2025-01-06 00:00:00+00:00,164.325
1114da92-0859-4dfb-a363-26447dc0f84d,2025-01-13 00:00:00+00:00,162.86944444444444
1114da92-0859-4dfb-a363-26447dc0f84d,2025-01-20 00:00:00+00:00,163.6761111111111
1114da92-0859-4dfb-a363-26447dc0f84d,2025-01-27 00:00:00+00:00,19.186944444444446
1d9b44f3-2f01-4dcb-82f2-7bd331a8dc55,2024-05-13 00:00:00+00:00,147.08055555555555
1d9b44f3-2f01-4dcb-82f2-7bd331a8dc55,2024-05-20 00:00:00+00:00,73.24277777777777
1d9b44f3-2f01-4dcb-82f2-7bd331a8dc55,2024-05-27 00:00:00+00:00,24.8625
1d9b44f3-2f01-4dcb-82f2-7bd331a8dc55,2024-06-03 00:00:00+00:00,141.9297222222222
1d9b44f3-2f01-4dcb-82f2-7bd331a8dc55,2024-06-10 00:00:00+00:00,36.18555555555555
1d9b44f3-2f01-4dcb-82f2-7bd331a8dc55,2024-06-17 00:00:00+00:00,19.378888888888888
2618baab-9161-4b0e-a67a-5a0be28e71ff,2024-05-27 00:00:00+00:00,75.81972222222223
2618baab-9161-4b0e-a67a-5a0be28e71ff,2024-06-03 00:00:00+00:00,164.2463888888889
2618baab-9161-4b0e-a67a-5a0be28e71ff,2024-06-10 00:00:00+00:00,163.69833333333332
2618baab-9161-4b0e-a67a-5a0be28e71ff,2024-06-17 00:00:00+00:00,160.77083333333334
2618baab-9161-4b0e-a67a-5a0be28e71ff,2024-06-24 00:00:00+00:00,164.0077777777778
2618baab-9161-4b0e-a67a-5a0be28e71ff,2024-07-01 00:00:00+00:00,162.8213888888889
2618baab-9161-4b0e-a67a-5a0be28e71ff,2024-07-08 00:00:00+00:00,34.193333333333335
2c08e260-ad0e-4abd-8946-704e91559557,2024-05-13 00:00:00+00:00,151.095
2c08e260-ad0e-4abd-8946-704e91559557,2024-05-20 00:00:00+00:00,49.41
2c08e260-ad0e-4abd-8946-704e91559557,2024-05-27 00:00:00+00:00,88.09666666666666
2c08e260-ad0e-4abd-8946-704e91559557,2024-06-03 00:00:00+00:00,129.835
2c08e260-ad0e-4abd-8946-704e91559557,2024-06-10 00:00:00+00:00,26.287777777777777
2c08e260-ad0e-4abd-8946-704e91559557,2024-06-17 00:00:00+00:00,59.2725
2ed1d374-7800-48a8-9a5e-dca96443823a,2024-05-06 00:00:00+00:00,143.03722222222223
2ed1d374-7800-48a8-9a5e-dca96443823a,2024-05-13 00:00:00+00:00,167.2125
2ed1d374-7800-48a8-9a5e-dca96443823a,2024-05-20 00:00:00+00:00,165.7525
2ed1d374-7800-48a8-9a5e-dca96443823a,2024-05-27 00:00:00+00:00,157.44194444444443
2ed1d374-7800-48a8-9a5e-dca96443823a,2024-06-03 00:00:00+00:00,164.38222222222223
2ed1d374-7800-48a8-9a5e-dca96443823a,2024-06-10 00:00:00+00:00,161.22944444444445
2ed1d374-7800-48a8-9a5e-dca96443823a,2024-06-17 00:00:00+00:00,143.5925
2ed1d374-7800-48a8-9a5e-dca96443823a,2024-06-24 00:00:00+00:00,156.0186111111111
2ed1d374-7800-48a8-9a5e-dca96443823a,2024-07-01 00:00:00+00:00,166.5286111111111
2ed1d374-7800-48a8-9a5e-dca96443823a,2024-07-08 00:00:00+00:00,157.0713888888889
2ed1d374-7800-48a8-9a5e-dca96443823a,2024-07-15 00:00:00+00:00,165.86277777777778
2ed1d374-7800-48a8-9a5e-dca96443823a,2024-07-22 00:00:00+00:00,157.90666666666667
2ed1d374-7800-48a8-9a5e-dca96443823a,2024-07-29 00:00:00+00:00,167.04166666666666
2ed1d374-7800-48a8-9a5e-dca96443823a,2024-08-05 00:00:00+00:00,167.1575
2ed1d374-7800-48a8-9a5e-dca96443823a,2024-08-12 00:00:00+00:00,161.00166666666667
2ed1d374-7800-48a8-9a5e-dca96443823a,2024-08-19 00:00:00+00:00,166.41805555555555
2ed1d374-7800-48a8-9a5e-dca96443823a,2024-08-26 00:00:00+00:00,165.7722222222222
2ed1d374-7800-48a8-9a5e-dca96443823a,2024-09-02 00:00:00+00:00,162.56055555555557
2ed1d374-7800-48a8-9a5e-dca96443823a,2024-09-09 00:00:00+00:00,165.29833333333335
2ed1d374-7800-48a8-9a5e-dca96443823a,2024-09-16 00:00:00+00:00,167.61222222222221
2ed1d374-7800-48a8-9a5e-dca96443823a,2024-09-23 00:00:00+00:00,167.0847222222222
2ed1d374-7800-48a8-9a5e-dca96443823a,2024-09-30 00:00:00+00:00,156.69305555555556
2ed1d374-7800-48a8-9a5e-dca96443823a,2024-10-07 00:00:00+00:00,159.845
2ed1d374-7800-48a8-9a5e-dca96443823a,2024-10-14 00:00:00+00:00,160.67138888888888
2ed1d374-7800-48a8-9a5e-dca96443823a,2024-10-21 00:00:00+00:00,163.13472222222222
2ed1d374-7800-48a8-9a5e-dca96443823a,2024-10-28 00:00:00+00:00,165.47722222222222
2ed1d374-7800-48a8-9a5e-dca96443823a,2024-11-04 00:00:00+00:00,166.6125
2ed1d374-7800-48a8-9a5e-dca96443823a,2024-11-11 00:00:00+00:00,156.48416666666665
2ed1d374-7800-48a8-9a5e-dca96443823a,2024-11-18 00:00:00+00:00,167.2863888888889
2ed1d374-7800-48a8-9a5e-dca96443823a,2024-11-25 00:00:00+00:00,166.55805555555557
2ed1d374-7800-48a8-9a5e-dca96443823a,2024-12-02 00:00:00+00:00,165.9463888888889
2ed1d374-7800-48a8-9a5e-dca96443823a,2024-12-09 00:00:00+00:00,165.3061111111111
2ed1d374-7800-48a8-9a5e-dca96443823a,2024-12-16 00:00:00+00:00,166.11222222222221
2ed1d374-7800-48a8-9a5e-dca96443823a,2024-12-23 00:00:00+00:00,167.2675
2ed1d374-7800-48a8-9a5e-dca96443823a,2024-12-30 00:00:00+00:00,166.6161111111111
2ed1d374-7800-48a8-9a5e-dca96443823a,2025-01-06 00:00:00+00:00,167.65166666666667
2ed1d374-7800-48a8-9a5e-dca96443823a,2025-01-13 00:00:00+00:00,163.0913888888889
2ed1d374-7800-48a8-9a5e-dca96443823a,2025-01-20 00:00:00+00:00,167.38361111111112
2ed1d374-7800-48a8-9a5e-dca96443823a,2025-01-27 00:00:00+00:00,167.23361111111112
2ed1d374-7800-48a8-9a5e-dca96443823a,2025-02-03 00:00:00+00:00,167.75972222222222
2ed1d374-7800-48a8-9a5e-dca96443823a,2025-02-10 00:00:00+00:00,167.35111111111112
2ed1d374-7800-48a8-9a5e-dca96443823a,2025-02-17 00:00:00+00:00,165.39444444444445
2ed1d374-7800-48a8-9a5e-dca96443823a,2025-02-24 00:00:00+00:00,136.13361111111112
339f4e04-c233-4cd0-adcb-e57d59f7e0c1,2024-05-06 00:00:00+00:00,129.51305555555555
339f4e04-c233-4cd0-adcb-e57d59f7e0c1,2024-05-13 00:00:00+00:00,43.85611111111111
339f4e04-c233-4cd0-adcb-e57d59f7e0c1,2024-05-27 00:00:00+00:00,158.675
339f4e04-c233-4cd0-adcb-e57d59f7e0c1,2024-06-03 00:00:00+00:00,12.96861111111111
339f4e04-c233-4cd0-adcb-e57d59f7e0c1,2024-06-10 00:00:00+00:00,144.46333333333334
339f4e04-c233-4cd0-adcb-e57d59f7e0c1,2024-06-17 00:00:00+00:00,153.53833333333333
339f4e04-c233-4cd0-adcb-e57d59f7e0c1,2024-06-24 00:00:00+00:00,164.9388888888889
339f4e04-c233-4cd0-adcb-e57d59f7e0c1,2024-07-01 00:00:00+00:00,159.04694444444445
339f4e04-c233-4cd0-adcb-e57d59f7e0c1,2024-07-08 00:00:00+00:00,126.04138888888889
339f4e04-c233-4cd0-adcb-e57d59f7e0c1,2024-07-15 00:00:00+00:00,163.0775
339f4e04-c233-4cd0-adcb-e57d59f7e0c1,2024-07-22 00:00:00+00:00,162.82194444444445
339f4e04-c233-4cd0-adcb-e57d59f7e0c1,2024-07-29 00:00:00+00:00,155.72305555555556
339f4e04-c233-4cd0-adcb-e57d59f7e0c1,2024-08-05 00:00:00+00:00,165.085
339f4e04-c233-4cd0-adcb-e57d59f7e0c1,2024-08-12 00:00:00+00:00,150.2888888888889
339f4e04-c233-4cd0-adcb-e57d59f7e0c1,2024-08-19 00:00:00+00:00,162.3697222222222
339f4e04-c233-4cd0-adcb-e57d59f7e0c1,2024-08-26 00:00:00+00:00,165.4736111111111
339f4e04-c233-4cd0-adcb-e57d59f7e0c1,2024-09-02 00:00:00+00:00,161.7836111111111
339f4e04-c233-4cd0-adcb-e57d59f7e0c1,2024-09-09 00:00:00+00:00,147.37972222222223
339f4e04-c233-4cd0-adcb-e57d59f7e0c1,2024-09-16 00:00:00+00:00,166.66
339f4e04-c233-4cd0-adcb-e57d59f7e0c1,2024-09-23 00:00:00+00:00,158.90444444444444
339f4e04-c233-4cd0-adcb-e57d59f7e0c1,2024-09-30 00:00:00+00:00,157.6836111111111
339f4e04-c233-4cd0-adcb-e57d59f7e0c1,2024-10-07 00:00:00+00:00,1.988888888888889
3496d2f1-d22c-4621-9f6b-2dbca40d015c,2024-07-29 00:00:00+00:00,50.43472222222222
3496d2f1-d22c-4621-9f6b-2dbca40d015c,2024-08-12 00:00:00+00:00,46.205555555555556
3496d2f1-d22c-4621-9f6b-2dbca40d015c,2024-08-19 00:00:00+00:00,52.0525
3496d2f1-d22c-4621-9f6b-2dbca40d015c,2024-08-26 00:00:00+00:00,49.408611111111114
3496d2f1-d22c-4621-9f6b-2dbca40d015c,2024-09-02 00:00:00+00:00,0.7036111111111111
3496d2f1-d22c-4621-9f6b-2dbca40d015c,2024-09-09 00:00:00+00:00,43.045
3496d2f1-d22c-4621-9f6b-2dbca40d015c,2024-10-21 00:00:00+00:00,77.54833333333333
3496d2f1-d22c-4621-9f6b-2dbca40d015c,2024-10-28 00:00:00+00:00,43.53194444444444
40099742-8937-46e4-9d96-9ea230115e6b,2024-05-06 00:00:00+00:00,135.6613888888889
40099742-8937-46e4-9d96-9ea230115e6b,2024-05-13 00:00:00+00:00,159.79305555555555
40099742-8937-46e4-9d96-9ea230115e6b,2024-05-20 00:00:00+00:00,137.8738888888889
40099742-8937-46e4-9d96-9ea230115e6b,2024-05-27 00:00:00+00:00,27.197777777777777
40099742-8937-46e4-9d96-9ea230115e6b,2024-06-03 00:00:00+00:00,161.1327777777778
40099742-8937-46e4-9d96-9ea230115e6b,2024-06-10 00:00:00+00:00,163.39833333333334
40099742-8937-46e4-9d96-9ea230115e6b,2024-06-17 00:00:00+00:00,164.65333333333334
40099742-8937-46e4-9d96-9ea230115e6b,2024-06-24 00:00:00+00:00,28.874444444444446
40099742-8937-46e4-9d96-9ea230115e6b,2024-09-23 00:00:00+00:00,12.989166666666666
40099742-8937-46e4-9d96-9ea230115e6b,2024-09-30 00:00:00+00:00,158.0211111111111
40099742-8937-46e4-9d96-9ea230115e6b,2024-10-07 00:00:00+00:00,160.0186111111111
40099742-8937-46e4-9d96-9ea230115e6b,2024-10-14 00:00:00+00:00,161.0211111111111
40099742-8937-46e4-9d96-9ea230115e6b,2024-10-21 00:00:00+00:00,158.50694444444446
40099742-8937-46e4-9d96-9ea230115e6b,2024-10-28 00:00:00+00:00,41.83305555555555
440b6470-efce-479e-be17-8d0f6792e339,2024-05-06 00:00:00+00:00,71.51861111111111
440b6470-efce-479e-be17-8d0f6792e339,2024-05-13 00:00:00+00:00,159.90027777777777
440b6470-efce-479e-be17-8d0f6792e339,2024-05-20 00:00:00+00:00,139.88861111111112
440b6470-efce-479e-be17-8d0f6792e339,2024-05-27 00:00:00+00:00,36.81527777777778
440b6470-efce-479e-be17-8d0f6792e339,2024-06-03 00:00:00+00:00,162.66944444444445
440b6470-efce-479e-be17-8d0f6792e339,2024-06-10 00:00:00+00:00,158.39638888888888
440b6470-efce-479e-be17-8d0f6792e339,2024-06-17 00:00:00+00:00,166.0661111111111
440b6470-efce-479e-be17-8d0f6792e339,2024-06-24 00:00:00+00:00,29.07138888888889
440b6470-efce-479e-be17-8d0f6792e339,2024-09-09 00:00:00+00:00,57.098333333333336
440b6470-efce-479e-be17-8d0f6792e339,2024-09-16 00:00:00+00:00,165.69611111111112
440b6470-efce-479e-be17-8d0f6792e339,2024-09-23 00:00:00+00:00,160.28055555555557
440b6470-efce-479e-be17-8d0f6792e339,2024-09-30 00:00:00+00:00,164.41555555555556
440b6470-efce-479e-be17-8d0f6792e339,2024-10-07 00:00:00+00:00,160.50083333333333
440b6470-efce-479e-be17-8d0f6792e339,2024-10-14 00:00:00+00:00,163.8827777777778
440b6470-efce-479e-be17-8d0f6792e339,2024-10-21 00:00:00+00:00,90.83027777777778
4a85fc29-5ce7-4e90-b870-7d3001d2ce75,2024-05-13 00:00:00+00:00,2.6244444444444444
4a85fc29-5ce7-4e90-b870-7d3001d2ce75,2024-05-27 00:00:00+00:00,4.451944444444444
4a85fc29-5ce7-4e90-b870-7d3001d2ce75,2024-06-24 00:00:00+00:00,
4a85fc29-5ce7-4e90-b870-7d3001d2ce75,2024-07-01 00:00:00+00:00,
5064f4b6-85f1-41d9-8562-ae9948202868,2024-05-06 00:00:00+00:00,117.11694444444444
5064f4b6-85f1-41d9-8562-ae9948202868,2024-05-13 00:00:00+00:00,150.54222222222222
5064f4b6-85f1-41d9-8562-ae9948202868,2024-05-20 00:00:00+00:00,131.0102777777778
5064f4b6-85f1-41d9-8562-ae9948202868,2024-05-27 00:00:00+00:00,72.64861111111111
5064f4b6-85f1-41d9-8562-ae9948202868,2024-06-03 00:00:00+00:00,119.45666666666666
5064f4b6-85f1-41d9-8562-ae9948202868,2024-06-10 00:00:00+00:00,150.49583333333334
5064f4b6-85f1-41d9-8562-ae9948202868,2024-06-17 00:00:00+00:00,89.70666666666666
5064f4b6-85f1-41d9-8562-ae9948202868,2024-06-24 00:00:00+00:00,25.80527777777778
5064f4b6-85f1-41d9-8562-ae9948202868,2024-07-01 00:00:00+00:00,115.04333333333334
5064f4b6-85f1-41d9-8562-ae9948202868,2024-07-08 00:00:00+00:00,125.15611111111112
5064f4b6-85f1-41d9-8562-ae9948202868,2024-07-15 00:00:00+00:00,85.2063888888889
51ffd6e3-27f9-462e-af2f-6baddaa288ec,2024-05-06 00:00:00+00:00,137.97583333333333
51ffd6e3-27f9-462e-af2f-6baddaa288ec,2024-05-13 00:00:00+00:00,158.09333333333333
51ffd6e3-27f9-462e-af2f-6baddaa288ec,2024-05-20 00:00:00+00:00,160.90222222222224
51ffd6e3-27f9-462e-af2f-6baddaa288ec,2024-05-27 00:00:00+00:00,124.95861111111111
51ffd6e3-27f9-462e-af2f-6baddaa288ec,2024-06-03 00:00:00+00:00,141.87722222222223
51ffd6e3-27f9-462e-af2f-6baddaa288ec,2024-06-10 00:00:00+00:00,141.35805555555555
51ffd6e3-27f9-462e-af2f-6baddaa288ec,2024-06-17 00:00:00+00:00,149.35416666666666
51ffd6e3-27f9-462e-af2f-6baddaa288ec,2024-06-24 00:00:00+00:00,103.0886111111111
51ffd6e3-27f9-462e-af2f-6baddaa288ec,2024-07-01 00:00:00+00:00,145.80194444444444
51ffd6e3-27f9-462e-af2f-6baddaa288ec,2024-07-08 00:00:00+00:00,152.30138888888888
51ffd6e3-27f9-462e-af2f-6baddaa288ec,2024-07-15 00:00:00+00:00,150.665
51ffd6e3-27f9-462e-af2f-6baddaa288ec,2024-07-22 00:00:00+00:00,167.01277777777779
51ffd6e3-27f9-462e-af2f-6baddaa288ec,2024-07-29 00:00:00+00:00,164.63777777777779
51ffd6e3-27f9-462e-af2f-6baddaa288ec,2024-08-05 00:00:00+00:00,109.88194444444444
51ffd6e3-27f9-462e-af2f-6baddaa288ec,2024-08-12 00:00:00+00:00,78.1836111111111
51ffd6e3-27f9-462e-af2f-6baddaa288ec,2024-08-19 00:00:00+00:00,150.79694444444445
51ffd6e3-27f9-462e-af2f-6baddaa288ec,2024-08-26 00:00:00+00:00,144.21333333333334
51ffd6e3-27f9-462e-af2f-6baddaa288ec,2024-09-02 00:00:00+00:00,134.6675
51ffd6e3-27f9-462e-af2f-6baddaa288ec,2024-09-09 00:00:00+00:00,143.97
51ffd6e3-27f9-462e-af2f-6baddaa288ec,2024-09-16 00:00:00+00:00,132.05666666666667
51ffd6e3-27f9-462e-af2f-6baddaa288ec,2024-09-23 00:00:00+00:00,146.7902777777778
51ffd6e3-27f9-462e-af2f-6baddaa288ec,2024-09-30 00:00:00+00:00,150.03972222222222
51ffd6e3-27f9-462e-af2f-6baddaa288ec,2024-10-07 00:00:00+00:00,156.02305555555554
51ffd6e3-27f9-462e-af2f-6baddaa288ec,2024-10-14 00:00:00+00:00,145.2686111111111
51ffd6e3-27f9-462e-af2f-6baddaa288ec,2024-10-21 00:00:00+00:00,144.69027777777777
51ffd6e3-27f9-462e-af2f-6baddaa288ec,2024-10-28 00:00:00+00:00,159.50722222222223
51ffd6e3-27f9-462e-af2f-6baddaa288ec,2024-11-04 00:00:00+00:00,146.34722222222223
51ffd6e3-27f9-462e-af2f-6baddaa288ec,2024-11-11 00:00:00+00:00,152.30138888888888
51ffd6e3-27f9-462e-af2f-6baddaa288ec,2024-11-18 00:00:00+00:00,150.665
51ffd6e3-27f9-462e-af2f-6baddaa288ec,2024-11-25 00:00:00+00:00,122.73583333333333
51ffd6e3-27f9-462e-af2f-6baddaa288ec,2024-12-02 00:00:00+00:00,144.0
51ffd6e3-27f9-462e-af2f-6baddaa288ec,2024-12-09 00:00:00+00:00,141.98194444444445
51ffd6e3-27f9-462e-af2f-6baddaa288ec,2024-12-16 00:00:00+00:00,115.87694444444445
51ffd6e3-27f9-462e-af2f-6baddaa288ec,2024-12-23 00:00:00+00:00,152.2888888888889
51ffd6e3-27f9-462e-af2f-6baddaa288ec,2024-12-30 00:00:00+00:00,151.45111111111112
51ffd6e3-27f9-462e-af2f-6baddaa288ec,2025-01-06 00:00:00+00:00,164.13805555555555
51ffd6e3-27f9-462e-af2f-6baddaa288ec,2025-01-13 00:00:00+00:00,152.9936111111111
51ffd6e3-27f9-462e-af2f-6baddaa288ec,2025-01-20 00:00:00+00:00,145.69833333333332
51ffd6e3-27f9-462e-af2f-6baddaa288ec,2025-01-27 00:00:00+00:00,143.18916666666667
51ffd6e3-27f9-462e-af2f-6baddaa288ec,2025-02-03 00:00:00+00:00,145.15305555555557
51ffd6e3-27f9-462e-af2f-6baddaa288ec,2025-02-10 00:00:00+00:00,143.64805555555554
51ffd6e3-27f9-462e-af2f-6baddaa288ec,2025-02-17 00:00:00+00:00,137.80555555555554
51ffd6e3-27f9-462e-af2f-6baddaa288ec,2025-02-24 00:00:00+00:00,84.05666666666667
5847907c-3596-45ae-a76f-97db77d8cb94,2024-11-04 00:00:00+00:00,0.5072222222222222
5847907c-3596-45ae-a76f-97db77d8cb94,2024-11-11 00:00:00+00:00,
5847907c-3596-45ae-a76f-97db77d8cb94,2024-11-18 00:00:00+00:00,53.626666666666665
5847907c-3596-45ae-a76f-97db77d8cb94,2025-02-17 00:00:00+00:00,1.4394444444444445
5847907c-3596-45ae-a76f-97db77d8cb94,2025-02-24 00:00:00+00:00,95.25972222222222
62548191-5d9a-41c7-aae5-5788aec74ee4,2024-05-06 00:00:00+00:00,90.10583333333334
62548191-5d9a-41c7-aae5-5788aec74ee4,2024-05-13 00:00:00+00:00,147.84305555555557
62548191-5d9a-41c7-aae5-5788aec74ee4,2024-05-20 00:00:00+00:00,129.6
62548191-5d9a-41c7-aae5-5788aec74ee4,2024-05-27 00:00:00+00:00,90.43722222222222
62548191-5d9a-41c7-aae5-5788aec74ee4,2024-06-03 00:00:00+00:00,82.93138888888889
62548191-5d9a-41c7-aae5-5788aec74ee4,2024-06-10 00:00:00+00:00,24.224166666666665
62548191-5d9a-41c7-aae5-5788aec74ee4,2024-06-17 00:00:00+00:00,143.83638888888888
62548191-5d9a-41c7-aae5-5788aec74ee4,2024-06-24 00:00:00+00:00,96.93777777777778
62548191-5d9a-41c7-aae5-5788aec74ee4,2024-07-01 00:00:00+00:00,108.88583333333334
62548191-5d9a-41c7-aae5-5788aec74ee4,2024-07-08 00:00:00+00:00,139.71166666666667
62548191-5d9a-41c7-aae5-5788aec74ee4,2024-07-15 00:00:00+00:00,23.28388888888889
6befda03-748b-44fd-8195-0315b54159a9,2024-07-29 00:00:00+00:00,79.46472222222222
6befda03-748b-44fd-8195-0315b54159a9,2024-08-05 00:00:00+00:00,117.28138888888888
6befda03-748b-44fd-8195-0315b54159a9,2024-08-12 00:00:00+00:00,79.38861111111112
6befda03-748b-44fd-8195-0315b54159a9,2024-08-19 00:00:00+00:00,155.03666666666666
6befda03-748b-44fd-8195-0315b54159a9,2024-08-26 00:00:00+00:00,99.44666666666667
6befda03-748b-44fd-8195-0315b54159a9,2024-09-02 00:00:00+00:00,153.06416666666667
6befda03-748b-44fd-8195-0315b54159a9,2024-09-09 00:00:00+00:00,113.21055555555556
6befda03-748b-44fd-8195-0315b54159a9,2024-09-16 00:00:00+00:00,36.98888888888889
6eef081e-3730-4f4a-a382-a6c5a991b25f,2025-02-17 00:00:00+00:00,74.15027777777777
6eef081e-3730-4f4a-a382-a6c5a991b25f,2025-02-24 00:00:00+00:00,3.8361111111111112
731f339c-0327-4a22-9df3-3324da5ac628,2024-05-06 00:00:00+00:00,142.17083333333332
731f339c-0327-4a22-9df3-3324da5ac628,2024-05-13 00:00:00+00:00,155.77138888888888
731f339c-0327-4a22-9df3-3324da5ac628,2024-05-20 00:00:00+00:00,166.83666666666667
731f339c-0327-4a22-9df3-3324da5ac628,2024-05-27 00:00:00+00:00,166.12444444444444
731f339c-0327-4a22-9df3-3324da5ac628,2024-06-03 00:00:00+00:00,164.73
731f339c-0327-4a22-9df3-3324da5ac628,2024-06-10 00:00:00+00:00,162.78444444444443
731f339c-0327-4a22-9df3-3324da5ac628,2024-06-17 00:00:00+00:00,163.7386111111111
731f339c-0327-4a22-9df3-3324da5ac628,2024-06-24 00:00:00+00:00,161.5702777777778
731f339c-0327-4a22-9df3-3324da5ac628,2024-07-01 00:00:00+00:00,165.91583333333332
731f339c-0327-4a22-9df3-3324da5ac628,2024-07-08 00:00:00+00:00,162.24416666666667
731f339c-0327-4a22-9df3-3324da5ac628,2024-07-15 00:00:00+00:00,156.8825
731f339c-0327-4a22-9df3-3324da5ac628,2024-07-22 00:00:00+00:00,165.5288888888889
731f339c-0327-4a22-9df3-3324da5ac628,2024-07-29 00:00:00+00:00,164.66583333333332
731f339c-0327-4a22-9df3-3324da5ac628,2024-08-05 00:00:00+00:00,166.37194444444444
731f339c-0327-4a22-9df3-3324da5ac628,2024-08-12 00:00:00+00:00,164.10888888888888
731f339c-0327-4a22-9df3-3324da5ac628,2024-08-19 00:00:00+00:00,162.44472222222223
731f339c-0327-4a22-9df3-3324da5ac628,2024-08-26 00:00:00+00:00,165.745
731f339c-0327-4a22-9df3-3324da5ac628,2024-09-02 00:00:00+00:00,167.04111111111112
731f339c-0327-4a22-9df3-3324da5ac628,2024-09-09 00:00:00+00:00,164.49166666666667
731f339c-0327-4a22-9df3-3324da5ac628,2024-09-16 00:00:00+00:00,167.36916666666667
731f339c-0327-4a22-9df3-3324da5ac628,2024-09-23 00:00:00+00:00,165.07333333333332
731f339c-0327-4a22-9df3-3324da5ac628,2024-09-30 00:00:00+00:00,160.23694444444445
731f339c-0327-4a22-9df3-3324da5ac628,2024-10-07 00:00:00+00:00,165.975
731f339c-0327-4a22-9df3-3324da5ac628,2024-10-14 00:00:00+00:00,166.85444444444445
731f339c-0327-4a22-9df3-3324da5ac628,2024-10-21 00:00:00+00:00,166.92305555555555
731f339c-0327-4a22-9df3-3324da5ac628,2024-10-28 00:00:00+00:00,166.3175
731f339c-0327-4a22-9df3-3324da5ac628,2024-11-04 00:00:00+00:00,167.5738888888889
731f339c-0327-4a22-9df3-3324da5ac628,2024-11-11 00:00:00+00:00,166.54638888888888
731f339c-0327-4a22-9df3-3324da5ac628,2024-11-18 00:00:00+00:00,167.0261111111111
731f339c-0327-4a22-9df3-3324da5ac628,2024-11-25 00:00:00+00:00,167.30972222222223
731f339c-0327-4a22-9df3-3324da5ac628,2024-12-02 00:00:00+00:00,167.42416666666668
731f339c-0327-4a22-9df3-3324da5ac628,2024-12-09 00:00:00+00:00,167.00583333333333
731f339c-0327-4a22-9df3-3324da5ac628,2024-12-16 00:00:00+00:00,167.90972222222223
731f339c-0327-4a22-9df3-3324da5ac628,2024-12-23 00:00:00+00:00,167.60472222222222
731f339c-0327-4a22-9df3-3324da5ac628,2024-12-30 00:00:00+00:00,164.81527777777777
731f339c-0327-4a22-9df3-3324da5ac628,2025-01-06 00:00:00+00:00,166.5938888888889
731f339c-0327-4a22-9df3-3324da5ac628,2025-01-13 00:00:00+00:00,167.10722222222222
731f339c-0327-4a22-9df3-3324da5ac628,2025-01-20 00:00:00+00:00,167.7813888888889
731f339c-0327-4a22-9df3-3324da5ac628,2025-01-27 00:00:00+00:00,165.54888888888888
731f339c-0327-4a22-9df3-3324da5ac628,2025-02-03 00:00:00+00:00,167.6652777777778
731f339c-0327-4a22-9df3-3324da5ac628,2025-02-10 00:00:00+00:00,167.88083333333333
731f339c-0327-4a22-9df3-3324da5ac628,2025-02-17 00:00:00+00:00,167.19833333333332
731f339c-0327-4a22-9df3-3324da5ac628,2025-02-24 00:00:00+00:00,135.86805555555554
7f33271c-1569-4840-a04c-8ad769055b74,2024-05-06 00:00:00+00:00,131.8827777777778
7f33271c-1569-4840-a04c-8ad769055b74,2024-05-13 00:00:00+00:00,149.54722222222222
7f33271c-1569-4840-a04c-8ad769055b74,2024-05-20 00:00:00+00:00,96.92861111111111
7f33271c-1569-4840-a04c-8ad769055b74,2024-05-27 00:00:00+00:00,66.4425
7f33271c-1569-4840-a04c-8ad769055b74,2024-06-03 00:00:00+00:00,84.63361111111111
7f33271c-1569-4840-a04c-8ad769055b74,2024-06-10 00:00:00+00:00,143.70111111111112
7f33271c-1569-4840-a04c-8ad769055b74,2024-06-17 00:00:00+00:00,73.14944444444444
7f33271c-1569-4840-a04c-8ad769055b74,2024-06-24 00:00:00+00:00,126.57833333333333
7f33271c-1569-4840-a04c-8ad769055b74,2024-07-01 00:00:00+00:00,139.5661111111111
7f33271c-1569-4840-a04c-8ad769055b74,2024-07-08 00:00:00+00:00,71.41805555555555
7f33271c-1569-4840-a04c-8ad769055b74,2024-07-15 00:00:00+00:00,74.51444444444445
8ffe5bf8-31fa-406b-a818-4a654628686d,2024-05-06 00:00:00+00:00,0.6838888888888889
8ffe5bf8-31fa-406b-a818-4a654628686d,2024-06-03 00:00:00+00:00,49.61333333333334
8ffe5bf8-31fa-406b-a818-4a654628686d,2024-06-10 00:00:00+00:00,0.9475
8ffe5bf8-31fa-406b-a818-4a654628686d,2024-07-15 00:00:00+00:00,
8ffe5bf8-31fa-406b-a818-4a654628686d,2024-08-12 00:00:00+00:00,
8ffe5bf8-31fa-406b-a818-4a654628686d,2024-09-09 00:00:00+00:00,
92326ee8-3704-4d95-860a-288c627e35f7,2024-05-27 00:00:00+00:00,75.85055555555556
92326ee8-3704-4d95-860a-288c627e35f7,2024-06-03 00:00:00+00:00,164.71444444444444
92326ee8-3704-4d95-860a-288c627e35f7,2024-06-10 00:00:00+00:00,163.8686111111111
92326ee8-3704-4d95-860a-288c627e35f7,2024-06-17 00:00:00+00:00,163.41916666666665
92326ee8-3704-4d95-860a-288c627e35f7,2024-06-24 00:00:00+00:00,164.5986111111111
92326ee8-3704-4d95-860a-288c627e35f7,2024-07-01 00:00:00+00:00,162.73555555555555
92326ee8-3704-4d95-860a-288c627e35f7,2024-07-08 00:00:00+00:00,163.4925
92326ee8-3704-4d95-860a-288c627e35f7,2024-07-15 00:00:00+00:00,163.5425
92326ee8-3704-4d95-860a-288c627e35f7,2024-07-22 00:00:00+00:00,163.76555555555555
92326ee8-3704-4d95-860a-288c627e35f7,2024-07-29 00:00:00+00:00,154.96333333333334
92326ee8-3704-4d95-860a-288c627e35f7,2024-08-05 00:00:00+00:00,164.35916666666665
92326ee8-3704-4d95-860a-288c627e35f7,2024-08-12 00:00:00+00:00,162.875
92326ee8-3704-4d95-860a-288c627e35f7,2024-08-19 00:00:00+00:00,164.67527777777778
92326ee8-3704-4d95-860a-288c627e35f7,2024-08-26 00:00:00+00:00,165.1963888888889
92326ee8-3704-4d95-860a-288c627e35f7,2024-09-02 00:00:00+00:00,162.26305555555555
92326ee8-3704-4d95-860a-288c627e35f7,2024-09-09 00:00:00+00:00,163.56222222222223
92326ee8-3704-4d95-860a-288c627e35f7,2024-09-16 00:00:00+00:00,163.3086111111111
92326ee8-3704-4d95-860a-288c627e35f7,2024-09-23 00:00:00+00:00,164.39027777777778
92326ee8-3704-4d95-860a-288c627e35f7,2024-09-30 00:00:00+00:00,164.49722222222223
92326ee8-3704-4d95-860a-288c627e35f7,2024-10-07 00:00:00+00:00,130.2175
942706ef-836a-4464-bc76-74aa97b76f8b,2024-05-06 00:00:00+00:00,132.93166666666667
942706ef-836a-4464-bc76-74aa97b76f8b,2024-05-13 00:00:00+00:00,54.632222222222225
942706ef-836a-4464-bc76-74aa97b76f8b,2024-05-20 00:00:00+00:00,4.827222222222222
942706ef-836a-4464-bc76-74aa97b76f8b,2024-05-27 00:00:00+00:00,165.00833333333333
942706ef-836a-4464-bc76-74aa97b76f8b,2024-06-03 00:00:00+00:00,13.926388888888889
942706ef-836a-4464-bc76-74aa97b76f8b,2024-06-10 00:00:00+00:00,126.75
942706ef-836a-4464-bc76-74aa97b76f8b,2024-06-17 00:00:00+00:00,149.3761111111111
942706ef-836a-4464-bc76-74aa97b76f8b,2024-06-24 00:00:00+00:00,161.77194444444444
942706ef-836a-4464-bc76-74aa97b76f8b,2024-07-01 00:00:00+00:00,164.21666666666667
942706ef-836a-4464-bc76-74aa97b76f8b,2024-07-08 00:00:00+00:00,150.87055555555557
942706ef-836a-4464-bc76-74aa97b76f8b,2024-07-15 00:00:00+00:00,167.51666666666668
942706ef-836a-4464-bc76-74aa97b76f8b,2024-07-22 00:00:00+00:00,164.77277777777778
942706ef-836a-4464-bc76-74aa97b76f8b,2024-07-29 00:00:00+00:00,158.90972222222223
942706ef-836a-4464-bc76-74aa97b76f8b,2024-08-05 00:00:00+00:00,153.60833333333332
942706ef-836a-4464-bc76-74aa97b76f8b,2024-08-12 00:00:00+00:00,145.29194444444445
942706ef-836a-4464-bc76-74aa97b76f8b,2024-08-19 00:00:00+00:00,156.1725
942706ef-836a-4464-bc76-74aa97b76f8b,2024-08-26 00:00:00+00:00,164.8486111111111
942706ef-836a-4464-bc76-74aa97b76f8b,2024-09-02 00:00:00+00:00,155.28333333333333
942706ef-836a-4464-bc76-74aa97b76f8b,2024-09-09 00:00:00+00:00,132.39055555555555
942706ef-836a-4464-bc76-74aa97b76f8b,2024-09-16 00:00:00+00:00,
942706ef-836a-4464-bc76-74aa97b76f8b,2024-09-23 00:00:00+00:00,151.98
942706ef-836a-4464-bc76-74aa97b76f8b,2024-09-30 00:00:00+00:00,154.78083333333333
942706ef-836a-4464-bc76-74aa97b76f8b,2024-10-07 00:00:00+00:00,157.6688888888889
942706ef-836a-4464-bc76-74aa97b76f8b,2024-10-14 00:00:00+00:00,
9fd6c3a0-a77e-4ec1-9ae9-8f4b381aeb38,2024-09-30 00:00:00+00:00,50.70722222222222
9fd6c3a0-a77e-4ec1-9ae9-8f4b381aeb38,2024-10-07 00:00:00+00:00,98.9325
9fd6c3a0-a77e-4ec1-9ae9-8f4b381aeb38,2024-10-14 00:00:00+00:00,97.16
9fd6c3a0-a77e-4ec1-9ae9-8f4b381aeb38,2024-10-21 00:00:00+00:00,99.20222222222222
9fd6c3a0-a77e-4ec1-9ae9-8f4b381aeb38,2024-10-28 00:00:00+00:00,98.79138888888889
9fd6c3a0-a77e-4ec1-9ae9-8f4b381aeb38,2024-11-04 00:00:00+00:00,77.41888888888889
9fd6c3a0-a77e-4ec1-9ae9-8f4b381aeb38,2024-11-11 00:00:00+00:00,
9fd6c3a0-a77e-4ec1-9ae9-8f4b381aeb38,2024-11-18 00:00:00+00:00,94.50166666666667
9fd6c3a0-a77e-4ec1-9ae9-8f4b381aeb38,2024-12-02 00:00:00+00:00,75.0
9fd6c3a0-a77e-4ec1-9ae9-8f4b381aeb38,2024-12-09 00:00:00+00:00,52.173611111111114
9fd6c3a0-a77e-4ec1-9ae9-8f4b381aeb38,2024-12-16 00:00:00+00:00,71.86972222222222
9fd6c3a0-a77e-4ec1-9ae9-8f4b381aeb38,2025-02-03 00:00:00+00:00,50.389722222222225
9fd6c3a0-a77e-4ec1-9ae9-8f4b381aeb38,2025-02-10 00:00:00+00:00,67.06305555555555
9fd6c3a0-a77e-4ec1-9ae9-8f4b381aeb38,2025-02-17 00:00:00+00:00,94.72305555555556
9fd6c3a0-a77e-4ec1-9ae9-8f4b381aeb38,2025-02-24 00:00:00+00:00,71.01944444444445
b1874761-53e7-4fa7-ab56-652c3ae0e502,2024-05-06 00:00:00+00:00,128.75472222222223
b1874761-53e7-4fa7-ab56-652c3ae0e502,2024-05-13 00:00:00+00:00,166.86444444444444
b1874761-53e7-4fa7-ab56-652c3ae0e502,2024-05-20 00:00:00+00:00,145.9375
b1874761-53e7-4fa7-ab56-652c3ae0e502,2024-05-27 00:00:00+00:00,158.2675
b1874761-53e7-4fa7-ab56-652c3ae0e502,2024-06-03 00:00:00+00:00,165.17388888888888
b1874761-53e7-4fa7-ab56-652c3ae0e502,2024-06-10 00:00:00+00:00,150.4622222222222
b1874761-53e7-4fa7-ab56-652c3ae0e502,2024-06-17 00:00:00+00:00,167.00277777777777
b1874761-53e7-4fa7-ab56-652c3ae0e502,2024-06-24 00:00:00+00:00,161.82305555555556
b1874761-53e7-4fa7-ab56-652c3ae0e502,2024-07-01 00:00:00+00:00,158.92777777777778
b1874761-53e7-4fa7-ab56-652c3ae0e502,2024-07-08 00:00:00+00:00,150.86277777777778
b1874761-53e7-4fa7-ab56-652c3ae0e502,2024-07-15 00:00:00+00:00,166.56055555555557
b1874761-53e7-4fa7-ab56-652c3ae0e502,2024-07-22 00:00:00+00:00,159.2813888888889
b1874761-53e7-4fa7-ab56-652c3ae0e502,2024-07-29 00:00:00+00:00,163.4736111111111
b1874761-53e7-4fa7-ab56-652c3ae0e502,2024-08-05 00:00:00+00:00,106.96416666666667
b1874761-53e7-4fa7-ab56-652c3ae0e502,2024-08-12 00:00:00+00:00,141.74138888888888
b1874761-53e7-4fa7-ab56-652c3ae0e502,2024-08-19 00:00:00+00:00,136.57638888888889
b1874761-53e7-4fa7-ab56-652c3ae0e502,2024-08-26 00:00:00+00:00,165.41361111111112
b1874761-53e7-4fa7-ab56-652c3ae0e502,2024-09-02 00:00:00+00:00,149.4661111111111
b1874761-53e7-4fa7-ab56-652c3ae0e502,2024-09-09 00:00:00+00:00,164.44972222222222
b1874761-53e7-4fa7-ab56-652c3ae0e502,2024-09-16 00:00:00+00:00,167.64638888888888
b1874761-53e7-4fa7-ab56-652c3ae0e502,2024-09-23 00:00:00+00:00,167.2747222222222
b1874761-53e7-4fa7-ab56-652c3ae0e502,2024-09-30 00:00:00+00:00,161.72055555555556
b1874761-53e7-4fa7-ab56-652c3ae0e502,2024-10-07 00:00:00+00:00,166.90194444444444
b1874761-53e7-4fa7-ab56-652c3ae0e502,2024-10-14 00:00:00+00:00,159.19444444444446
b1874761-53e7-4fa7-ab56-652c3ae0e502,2024-10-21 00:00:00+00:00,165.13583333333332
b1874761-53e7-4fa7-ab56-652c3ae0e502,2024-10-28 00:00:00+00:00,159.2813888888889
b1874761-53e7-4fa7-ab56-652c3ae0e502,2024-11-04 00:00:00+00:00,149.2
b1874761-53e7-4fa7-ab56-652c3ae0e502,2024-11-11 00:00:00+00:00,118.86444444444444
b1874761-53e7-4fa7-ab56-652c3ae0e502,2024-11-18 00:00:00+00:00,160.70944444444444
b1874761-53e7-4fa7-ab56-652c3ae0e502,2024-11-25 00:00:00+00:00,160.95527777777778
b1874761-53e7-4fa7-ab56-652c3ae0e502,2024-12-02 00:00:00+00:00,67.77722222222222
b1874761-53e7-4fa7-ab56-652c3ae0e502,2024-12-09 00:00:00+00:00,118.86444444444444
b1874761-53e7-4fa7-ab56-652c3ae0e502,2024-12-16 00:00:00+00:00,114.52833333333334
b1874761-53e7-4fa7-ab56-652c3ae0e502,2024-12-23 00:00:00+00:00,159.51055555555556
b1874761-53e7-4fa7-ab56-652c3ae0e502,2024-12-30 00:00:00+00:00,164.64388888888888
b1874761-53e7-4fa7-ab56-652c3ae0e502,2025-01-06 00:00:00+00:00,150.4622222222222
b1874761-53e7-4fa7-ab56-652c3ae0e502,2025-01-13 00:00:00+00:00,167.00277777777777
b1874761-53e7-4fa7-ab56-652c3ae0e502,2025-01-20 00:00:00+00:00,154.82166666666666
b1874761-53e7-4fa7-ab56-652c3ae0e502,2025-01-27 00:00:00+00:00,165.53555555555556
b1874761-53e7-4fa7-ab56-652c3ae0e502,2025-02-03 00:00:00+00:00,150.86277777777778
b1874761-53e7-4fa7-ab56-652c3ae0e502,2025-02-10 00:00:00+00:00,166.56055555555557
b1874761-53e7-4fa7-ab56-652c3ae0e502,2025-02-17 00:00:00+00:00,159.2813888888889
b1874761-53e7-4fa7-ab56-652c3ae0e502,2025-02-24 00:00:00+00:00,139.34055555555557
b2ad9c3f-39e0-4613-b2cc-9c3085d1b8ba,2024-05-06 00:00:00+00:00,39.80111111111111
b2ad9c3f-39e0-4613-b2cc-9c3085d1b8ba,2024-05-13 00:00:00+00:00,1.1652777777777779
b2ad9c3f-39e0-4613-b2cc-9c3085d1b8ba,2024-05-27 00:00:00+00:00,150.7075
b2ad9c3f-39e0-4613-b2cc-9c3085d1b8ba,2024-06-03 00:00:00+00:00,2.783333333333333
b2ad9c3f-39e0-4613-b2cc-9c3085d1b8ba,2024-06-17 00:00:00+00:00,44.5175
b2ad9c3f-39e0-4613-b2cc-9c3085d1b8ba,2024-06-24 00:00:00+00:00,
b2ad9c3f-39e0-4613-b2cc-9c3085d1b8ba,2024-07-29 00:00:00+00:00,
b2ad9c3f-39e0-4613-b2cc-9c3085d1b8ba,2024-08-05 00:00:00+00:00,142.85666666666665
b2ad9c3f-39e0-4613-b2cc-9c3085d1b8ba,2024-08-12 00:00:00+00:00,49.44416666666667
b2ad9c3f-39e0-4613-b2cc-9c3085d1b8ba,2024-08-19 00:00:00+00:00,23.74138888888889
b2ad9c3f-39e0-4613-b2cc-9c3085d1b8ba,2024-08-26 00:00:00+00:00,42.644444444444446
ba5afa1a-6e39-4c93-a3a4-20274836bdd4,2024-08-12 00:00:00+00:00,
ba5afa1a-6e39-4c93-a3a4-20274836bdd4,2024-09-02 00:00:00+00:00,38.11972222222222
ba5afa1a-6e39-4c93-a3a4-20274836bdd4,2024-09-09 00:00:00+00:00,160.27722222222224
ba5afa1a-6e39-4c93-a3a4-20274836bdd4,2024-09-16 00:00:00+00:00,165.83694444444444
ba5afa1a-6e39-4c93-a3a4-20274836bdd4,2024-09-23 00:00:00+00:00,160.4438888888889
ba5afa1a-6e39-4c93-a3a4-20274836bdd4,2024-09-30 00:00:00+00:00,166.13055555555556
ba5afa1a-6e39-4c93-a3a4-20274836bdd4,2024-10-07 00:00:00+00:00,159.5286111111111
ba5afa1a-6e39-4c93-a3a4-20274836bdd4,2024-10-14 00:00:00+00:00,164.565
ba5afa1a-6e39-4c93-a3a4-20274836bdd4,2024-10-21 00:00:00+00:00,167.44472222222223
ba5afa1a-6e39-4c93-a3a4-20274836bdd4,2024-10-28 00:00:00+00:00,160.03666666666666
ba5afa1a-6e39-4c93-a3a4-20274836bdd4,2024-11-04 00:00:00+00:00,159.80944444444444
ba5afa1a-6e39-4c93-a3a4-20274836bdd4,2024-11-11 00:00:00+00:00,163.76944444444445
ba5afa1a-6e39-4c93-a3a4-20274836bdd4,2024-11-18 00:00:00+00:00,159.80694444444444
ba5afa1a-6e39-4c93-a3a4-20274836bdd4,2024-11-25 00:00:00+00:00,159.75805555555556
ba5afa1a-6e39-4c93-a3a4-20274836bdd4,2024-12-02 00:00:00+00:00,161.72027777777777
ba5afa1a-6e39-4c93-a3a4-20274836bdd4,2024-12-09 00:00:00+00:00,156.73111111111112
ba5afa1a-6e39-4c93-a3a4-20274836bdd4,2024-12-16 00:00:00+00:00,166.57833333333335
ba5afa1a-6e39-4c93-a3a4-20274836bdd4,2024-12-23 00:00:00+00:00,165.65944444444443
ba5afa1a-6e39-4c93-a3a4-20274836bdd4,2024-12-30 00:00:00+00:00,163.8975
ba5afa1a-6e39-4c93-a3a4-20274836bdd4,2025-01-06 00:00:00+00:00,158.2252777777778
ba5afa1a-6e39-4c93-a3a4-20274836bdd4,2025-01-13 00:00:00+00:00,158.84166666666667
ba5afa1a-6e39-4c93-a3a4-20274836bdd4,2025-01-20 00:00:00+00:00,167.61944444444444
ba5afa1a-6e39-4c93-a3a4-20274836bdd4,2025-01-27 00:00:00+00:00,155.0075
ba5afa1a-6e39-4c93-a3a4-20274836bdd4,2025-02-03 00:00:00+00:00,164.5025
ba5afa1a-6e39-4c93-a3a4-20274836bdd4,2025-02-10 00:00:00+00:00,160.27722222222224
ba5afa1a-6e39-4c93-a3a4-20274836bdd4,2025-02-17 00:00:00+00:00,165.83694444444444
ba5afa1a-6e39-4c93-a3a4-20274836bdd4,2025-02-24 00:00:00+00:00,136.5247222222222
ba5afa1a-6e39-4c93-a3a4-20274836ffd4,2024-05-06 00:00:00+00:00,128.16611111111112
ba5afa1a-6e39-4c93-a3a4-20274836ffd4,2024-05-13 00:00:00+00:00,153.34694444444443
ba5afa1a-6e39-4c93-a3a4-20274836ffd4,2024-05-20 00:00:00+00:00,153.34694444444443
ba5afa1a-6e39-4c93-a3a4-20274836ffd4,2024-05-27 00:00:00+00:00,152.9638888888889
ba5afa1a-6e39-4c93-a3a4-20274836ffd4,2024-06-03 00:00:00+00:00,153.34694444444443
ba5afa1a-6e39-4c93-a3a4-20274836ffd4,2024-06-10 00:00:00+00:00,153.34694444444443
ba5afa1a-6e39-4c93-a3a4-20274836ffd4,2024-06-17 00:00:00+00:00,152.25611111111112
ba5afa1a-6e39-4c93-a3a4-20274836ffd4,2024-06-24 00:00:00+00:00,152.9638888888889
ba5afa1a-6e39-4c93-a3a4-20274836ffd4,2024-07-01 00:00:00+00:00,152.94194444444443
ba5afa1a-6e39-4c93-a3a4-20274836ffd4,2024-07-08 00:00:00+00:00,152.62805555555556
ba5afa1a-6e39-4c93-a3a4-20274836ffd4,2024-07-15 00:00:00+00:00,150.90027777777777
ba5afa1a-6e39-4c93-a3a4-20274836ffd4,2024-07-22 00:00:00+00:00,152.37333333333333
ba5afa1a-6e39-4c93-a3a4-20274836ffd4,2024-07-29 00:00:00+00:00,152.41916666666665
ba5afa1a-6e39-4c93-a3a4-20274836ffd4,2024-08-05 00:00:00+00:00,152.6175
ba5afa1a-6e39-4c93-a3a4-20274836ffd4,2024-08-12 00:00:00+00:00,152.23416666666665
ba5afa1a-6e39-4c93-a3a4-20274836ffd4,2024-08-19 00:00:00+00:00,152.94194444444443
ba5afa1a-6e39-4c93-a3a4-20274836ffd4,2024-08-26 00:00:00+00:00,153.17083333333332
ba5afa1a-6e39-4c93-a3a4-20274836ffd4,2024-09-02 00:00:00+00:00,152.41916666666665
ba5afa1a-6e39-4c93-a3a4-20274836ffd4,2024-09-09 00:00:00+00:00,152.2736111111111
ba5afa1a-6e39-4c93-a3a4-20274836ffd4,2024-09-16 00:00:00+00:00,151.81083333333333
ba5afa1a-6e39-4c93-a3a4-20274836ffd4,2024-09-23 00:00:00+00:00,151.23166666666665
ba5afa1a-6e39-4c93-a3a4-20274836ffd4,2024-09-30 00:00:00+00:00,152.56277777777777
ba5afa1a-6e39-4c93-a3a4-20274836ffd4,2024-10-07 00:00:00+00:00,152.24305555555554
ba5afa1a-6e39-4c93-a3a4-20274836ffd4,2024-10-14 00:00:00+00:00,152.1147222222222
ba5afa1a-6e39-4c93-a3a4-20274836ffd4,2024-10-21 00:00:00+00:00,150.52277777777778
ba5afa1a-6e39-4c93-a3a4-20274836ffd4,2024-10-28 00:00:00+00:00,152.14444444444445
ba5afa1a-6e39-4c93-a3a4-20274836ffd4,2024-11-04 00:00:00+00:00,152.94194444444443
ba5afa1a-6e39-4c93-a3a4-20274836ffd4,2024-11-11 00:00:00+00:00,152.62805555555556
ba5afa1a-6e39-4c93-a3a4-20274836ffd4,2024-11-18 00:00:00+00:00,151.83027777777778
ba5afa1a-6e39-4c93-a3a4-20274836ffd4,2024-11-25 00:00:00+00:00,152.54333333333332
ba5afa1a-6e39-4c93-a3a4-20274836ffd4,2024-12-02 00:00:00+00:00,152.54944444444445
ba5afa1a-6e39-4c93-a3a4-20274836ffd4,2024-12-09 00:00:00+00:00,152.73888888888888
ba5afa1a-6e39-4c93-a3a4-20274836ffd4,2024-12-16 00:00:00+00:00,152.35583333333332
ba5afa1a-6e39-4c93-a3a4-20274836ffd4,2024-12-23 00:00:00+00:00,152.23416666666665
ba5afa1a-6e39-4c93-a3a4-20274836ffd4,2024-12-30 00:00:00+00:00,153.3411111111111
ba5afa1a-6e39-4c93-a3a4-20274836ffd4,2025-01-06 00:00:00+00:00,151.87194444444444
ba5afa1a-6e39-4c93-a3a4-20274836ffd4,2025-01-13 00:00:00+00:00,152.54361111111112
ba5afa1a-6e39-4c93-a3a4-20274836ffd4,2025-01-20 00:00:00+00:00,152.37333333333333
ba5afa1a-6e39-4c93-a3a4-20274836ffd4,2025-01-27 00:00:00+00:00,152.26694444444445
ba5afa1a-6e39-4c93-a3a4-20274836ffd4,2025-02-03 00:00:00+00:00,152.41333333333333
ba5afa1a-6e39-4c93-a3a4-20274836ffd4,2025-02-10 00:00:00+00:00,152.54361111111112
ba5afa1a-6e39-4c93-a3a4-20274836ffd4,2025-02-17 00:00:00+00:00,152.15694444444443
ba5afa1a-6e39-4c93-a3a4-20274836ffd4,2025-02-24 00:00:00+00:00,102.90027777777777
c0983ff3-7d72-4887-b98f-c6801a6c466d,2024-05-06 00:00:00+00:00,66.58527777777778
c0983ff3-7d72-4887-b98f-c6801a6c466d,2024-05-13 00:00:00+00:00,0.028055555555555556
c0983ff3-7d72-4887-b98f-c6801a6c466d,2024-05-20 00:00:00+00:00,161.59305555555557
c0983ff3-7d72-4887-b98f-c6801a6c466d,2024-05-27 00:00:00+00:00,166.83527777777778
c0983ff3-7d72-4887-b98f-c6801a6c466d,2024-06-03 00:00:00+00:00,156.57611111111112
c0983ff3-7d72-4887-b98f-c6801a6c466d,2024-06-10 00:00:00+00:00,162.61333333333334
c0983ff3-7d72-4887-b98f-c6801a6c466d,2024-06-17 00:00:00+00:00,163.08416666666668
c0983ff3-7d72-4887-b98f-c6801a6c466d,2024-06-24 00:00:00+00:00,155.58138888888888
c0983ff3-7d72-4887-b98f-c6801a6c466d,2024-07-01 00:00:00+00:00,165.64916666666667
c0983ff3-7d72-4887-b98f-c6801a6c466d,2024-07-08 00:00:00+00:00,125.86611111111111
c0983ff3-7d72-4887-b98f-c6801a6c466d,2024-07-29 00:00:00+00:00,110.42
c0983ff3-7d72-4887-b98f-c6801a6c466d,2024-08-05 00:00:00+00:00,164.50611111111112
c0983ff3-7d72-4887-b98f-c6801a6c466d,2024-08-12 00:00:00+00:00,157.41861111111112
c0983ff3-7d72-4887-b98f-c6801a6c466d,2024-08-19 00:00:00+00:00,163.93722222222223
c0983ff3-7d72-4887-b98f-c6801a6c466d,2024-08-26 00:00:00+00:00,160.35222222222222
c0983ff3-7d72-4887-b98f-c6801a6c466d,2024-09-02 00:00:00+00:00,156.41194444444446
c0983ff3-7d72-4887-b98f-c6801a6c466d,2024-09-09 00:00:00+00:00,162.23694444444445
c0983ff3-7d72-4887-b98f-c6801a6c466d,2024-09-16 00:00:00+00:00,82.33277777777778
c0983ff3-7d72-4887-b98f-c6801a6c466d,2024-09-23 00:00:00+00:00,111.67527777777778
c0983ff3-7d72-4887-b98f-c6801a6c466d,2024-10-14 00:00:00+00:00,138.77333333333334
c0983ff3-7d72-4887-b98f-c6801a6c466d,2025-02-17 00:00:00+00:00,32.04416666666667
ccb19ec8-2711-4d72-a960-640432c04b74,2024-05-06 00:00:00+00:00,131.4025
ccb19ec8-2711-4d72-a960-640432c04b74,2024-05-13 00:00:00+00:00,156.29916666666668
ccb19ec8-2711-4d72-a960-640432c04b74,2024-05-20 00:00:00+00:00,162.83555555555554
ccb19ec8-2711-4d72-a960-640432c04b74,2024-05-27 00:00:00+00:00,156.6325
ccb19ec8-2711-4d72-a960-640432c04b74,2024-06-03 00:00:00+00:00,155.59833333333333
ccb19ec8-2711-4d72-a960-640432c04b74,2024-06-10 00:00:00+00:00,155.6536111111111
ccb19ec8-2711-4d72-a960-640432c04b74,2024-06-17 00:00:00+00:00,164.11527777777778
ccb19ec8-2711-4d72-a960-640432c04b74,2024-06-24 00:00:00+00:00,165.3275
ccb19ec8-2711-4d72-a960-640432c04b74,2024-07-01 00:00:00+00:00,162.0663888888889
ccb19ec8-2711-4d72-a960-640432c04b74,2024-07-08 00:00:00+00:00,157.7775
ccb19ec8-2711-4d72-a960-640432c04b74,2024-07-15 00:00:00+00:00,164.9225
ccb19ec8-2711-4d72-a960-640432c04b74,2024-07-22 00:00:00+00:00,167.31972222222223
ccb19ec8-2711-4d72-a960-640432c04b74,2024-07-29 00:00:00+00:00,155.90555555555557
ccb19ec8-2711-4d72-a960-640432c04b74,2024-08-05 00:00:00+00:00,108.38
ccb19ec8-2711-4d72-a960-640432c04b74,2024-08-12 00:00:00+00:00,132.31583333333333
ccb19ec8-2711-4d72-a960-640432c04b74,2024-08-19 00:00:00+00:00,132.665
ccb19ec8-2711-4d72-a960-640432c04b74,2024-08-26 00:00:00+00:00,161.62194444444444
ccb19ec8-2711-4d72-a960-640432c04b74,2024-09-02 00:00:00+00:00,156.2511111111111
ccb19ec8-2711-4d72-a960-640432c04b74,2024-09-09 00:00:00+00:00,167.24583333333334
ccb19ec8-2711-4d72-a960-640432c04b74,2024-09-16 00:00:00+00:00,152.48444444444445
ccb19ec8-2711-4d72-a960-640432c04b74,2024-09-23 00:00:00+00:00,157.16472222222222
ccb19ec8-2711-4d72-a960-640432c04b74,2024-09-30 00:00:00+00:00,155.57416666666666
ccb19ec8-2711-4d72-a960-640432c04b74,2024-10-07 00:00:00+00:00,167.18416666666667
ccb19ec8-2711-4d72-a960-640432c04b74,2024-10-14 00:00:00+00:00,166.95777777777778
ccb19ec8-2711-4d72-a960-640432c04b74,2024-10-21 00:00:00+00:00,161.30944444444444
ccb19ec8-2711-4d72-a960-640432c04b74,2024-10-28 00:00:00+00:00,167.31972222222223
ccb19ec8-2711-4d72-a960-640432c04b74,2024-11-04 00:00:00+00:00,156.26305555555555
ccb19ec8-2711-4d72-a960-640432c04b74,2024-11-11 00:00:00+00:00,108.29916666666666
ccb19ec8-2711-4d72-a960-640432c04b74,2024-11-18 00:00:00+00:00,154.61027777777778
ccb19ec8-2711-4d72-a960-640432c04b74,2024-11-25 00:00:00+00:00,158.36777777777777
ccb19ec8-2711-4d72-a960-640432c04b74,2024-12-02 00:00:00+00:00,60.54666666666667
ccb19ec8-2711-4d72-a960-640432c04b74,2024-12-09 00:00:00+00:00,108.29916666666666
ccb19ec8-2711-4d72-a960-640432c04b74,2024-12-16 00:00:00+00:00,113.40472222222222
ccb19ec8-2711-4d72-a960-640432c04b74,2024-12-23 00:00:00+00:00,152.50194444444443
ccb19ec8-2711-4d72-a960-640432c04b74,2024-12-30 00:00:00+00:00,149.16611111111112
ccb19ec8-2711-4d72-a960-640432c04b74,2025-01-06 00:00:00+00:00,155.6536111111111
ccb19ec8-2711-4d72-a960-640432c04b74,2025-01-13 00:00:00+00:00,164.11527777777778
ccb19ec8-2711-4d72-a960-640432c04b74,2025-01-20 00:00:00+00:00,166.66027777777776
ccb19ec8-2711-4d72-a960-640432c04b74,2025-01-27 00:00:00+00:00,161.30944444444444
ccb19ec8-2711-4d72-a960-640432c04b74,2025-02-03 00:00:00+00:00,157.7775
ccb19ec8-2711-4d72-a960-640432c04b74,2025-02-10 00:00:00+00:00,164.9225
ccb19ec8-2711-4d72-a960-640432c04b74,2025-02-17 00:00:00+00:00,167.31972222222223
ccb19ec8-2711-4d72-a960-640432c04b74,2025-02-24 00:00:00+00:00,133.96027777777778
d1786860-8805-4192-af2b-a6f12832ac56,2024-05-06 00:00:00+00:00,143.40694444444443
d1786860-8805-4192-af2b-a6f12832ac56,2024-05-13 00:00:00+00:00,165.70166666666665
d1786860-8805-4192-af2b-a6f12832ac56,2024-05-20 00:00:00+00:00,162.66055555555556
d1786860-8805-4192-af2b-a6f12832ac56,2024-05-27 00:00:00+00:00,166.31972222222223
d1786860-8805-4192-af2b-a6f12832ac56,2024-06-03 00:00:00+00:00,166.7536111111111
d1786860-8805-4192-af2b-a6f12832ac56,2024-06-10 00:00:00+00:00,161.1436111111111
d1786860-8805-4192-af2b-a6f12832ac56,2024-06-17 00:00:00+00:00,163.79916666666668
d1786860-8805-4192-af2b-a6f12832ac56,2024-06-24 00:00:00+00:00,166.17222222222222
d1786860-8805-4192-af2b-a6f12832ac56,2024-07-01 00:00:00+00:00,167.6886111111111
d1786860-8805-4192-af2b-a6f12832ac56,2024-07-08 00:00:00+00:00,166.1236111111111
d1786860-8805-4192-af2b-a6f12832ac56,2024-07-15 00:00:00+00:00,167.6775
d1786860-8805-4192-af2b-a6f12832ac56,2024-07-22 00:00:00+00:00,165.78555555555556
d1786860-8805-4192-af2b-a6f12832ac56,2024-07-29 00:00:00+00:00,167.05833333333334
d1786860-8805-4192-af2b-a6f12832ac56,2024-08-05 00:00:00+00:00,165.08333333333334
d1786860-8805-4192-af2b-a6f12832ac56,2024-08-12 00:00:00+00:00,166.87805555555556
d1786860-8805-4192-af2b-a6f12832ac56,2024-08-19 00:00:00+00:00,163.14138888888888
d1786860-8805-4192-af2b-a6f12832ac56,2024-08-26 00:00:00+00:00,167.58833333333334
d1786860-8805-4192-af2b-a6f12832ac56,2024-09-02 00:00:00+00:00,167.0338888888889
d1786860-8805-4192-af2b-a6f12832ac56,2024-09-09 00:00:00+00:00,166.0611111111111
d1786860-8805-4192-af2b-a6f12832ac56,2024-09-16 00:00:00+00:00,166.83916666666667
d1786860-8805-4192-af2b-a6f12832ac56,2024-09-23 00:00:00+00:00,166.94861111111112
d1786860-8805-4192-af2b-a6f12832ac56,2024-09-30 00:00:00+00:00,164.93333333333334
d1786860-8805-4192-af2b-a6f12832ac56,2024-10-07 00:00:00+00:00,166.1263888888889
d1786860-8805-4192-af2b-a6f12832ac56,2024-10-14 00:00:00+00:00,167.06166666666667
d1786860-8805-4192-af2b-a6f12832ac56,2024-10-21 00:00:00+00:00,166.99666666666667
d1786860-8805-4192-af2b-a6f12832ac56,2024-10-28 00:00:00+00:00,166.58138888888888
d1786860-8805-4192-af2b-a6f12832ac56,2024-11-04 00:00:00+00:00,167.59027777777777
d1786860-8805-4192-af2b-a6f12832ac56,2024-11-11 00:00:00+00:00,167.0925
d1786860-8805-4192-af2b-a6f12832ac56,2024-11-18 00:00:00+00:00,167.93
d1786860-8805-4192-af2b-a6f12832ac56,2024-11-25 00:00:00+00:00,167.9036111111111
d1786860-8805-4192-af2b-a6f12832ac56,2024-12-02 00:00:00+00:00,167.76222222222222
d1786860-8805-4192-af2b-a6f12832ac56,2024-12-09 00:00:00+00:00,167.28916666666666
d1786860-8805-4192-af2b-a6f12832ac56,2024-12-16 00:00:00+00:00,166.09166666666667
d1786860-8805-4192-af2b-a6f12832ac56,2024-12-23 00:00:00+00:00,167.6538888888889
d1786860-8805-4192-af2b-a6f12832ac56,2024-12-30 00:00:00+00:00,167.4963888888889
d1786860-8805-4192-af2b-a6f12832ac56,2025-01-06 00:00:00+00:00,167.87416666666667
d1786860-8805-4192-af2b-a6f12832ac56,2025-01-13 00:00:00+00:00,167.92
d1786860-8805-4192-af2b-a6f12832ac56,2025-01-20 00:00:00+00:00,167.67805555555555
d1786860-8805-4192-af2b-a6f12832ac56,2025-01-27 00:00:00+00:00,167.4736111111111
d1786860-8805-4192-af2b-a6f12832ac56,2025-02-03 00:00:00+00:00,167.89666666666668
d1786860-8805-4192-af2b-a6f12832ac56,2025-02-10 00:00:00+00:00,167.62055555555557
d1786860-8805-4192-af2b-a6f12832ac56,2025-02-17 00:00:00+00:00,167.08388888888888
d1786860-8805-4192-af2b-a6f12832ac56,2025-02-24 00:00:00+00:00,137.6772222222222
d6357a57-755c-45fd-82a7-22e62ec5d434,2024-10-21 00:00:00+00:00,
d6357a57-755c-45fd-82a7-22e62ec5d434,2024-10-28 00:00:00+00:00,95.71888888888888
d6357a57-755c-45fd-82a7-22e62ec5d434,2024-11-04 00:00:00+00:00,72.9475
d6357a57-755c-45fd-82a7-22e62ec5d434,2024-11-11 00:00:00+00:00,73.18611111111112
d6357a57-755c-45fd-82a7-22e62ec5d434,2024-11-18 00:00:00+00:00,50.72694444444444
d6357a57-755c-45fd-82a7-22e62ec5d434,2024-12-02 00:00:00+00:00,47.723333333333336
d6357a57-755c-45fd-82a7-22e62ec5d434,2024-12-16 00:00:00+00:00,
d6357a57-755c-45fd-82a7-22e62ec5d434,2025-01-13 00:00:00+00:00,
d9680145-4a1f-48a8-9ad3-52e904efc45e,2024-05-06 00:00:00+00:00,21.8525
d9680145-4a1f-48a8-9ad3-52e904efc45e,2024-05-13 00:00:00+00:00,36.006388888888885
d9680145-4a1f-48a8-9ad3-52e904efc45e,2024-05-20 00:00:00+00:00,
d9680145-4a1f-48a8-9ad3-52e904efc45e,2024-05-27 00:00:00+00:00,94.14333333333333
d9680145-4a1f-48a8-9ad3-52e904efc45e,2024-06-03 00:00:00+00:00,
d9680145-4a1f-48a8-9ad3-52e904efc45e,2024-06-10 00:00:00+00:00,107.67222222222222
d9680145-4a1f-48a8-9ad3-52e904efc45e,2024-06-17 00:00:00+00:00,116.78888888888889
d9680145-4a1f-48a8-9ad3-52e904efc45e,2024-06-24 00:00:00+00:00,148.13777777777779
d9680145-4a1f-48a8-9ad3-52e904efc45e,2024-07-01 00:00:00+00:00,118.6036111111111
d9680145-4a1f-48a8-9ad3-52e904efc45e,2024-07-08 00:00:00+00:00,58.835277777777776
d9680145-4a1f-48a8-9ad3-52e904efc45e,2024-07-15 00:00:00+00:00,98.2925
d9680145-4a1f-48a8-9ad3-52e904efc45e,2024-07-22 00:00:00+00:00,144.87972222222223
d9680145-4a1f-48a8-9ad3-52e904efc45e,2024-07-29 00:00:00+00:00,154.45388888888888
d9680145-4a1f-48a8-9ad3-52e904efc45e,2024-08-05 00:00:00+00:00,148.89333333333335
d9680145-4a1f-48a8-9ad3-52e904efc45e,2024-08-12 00:00:00+00:00,131.27333333333334
d9680145-4a1f-48a8-9ad3-52e904efc45e,2024-08-19 00:00:00+00:00,157.4825
d9680145-4a1f-48a8-9ad3-52e904efc45e,2024-08-26 00:00:00+00:00,144.98916666666668
d9680145-4a1f-48a8-9ad3-52e904efc45e,2024-09-02 00:00:00+00:00,89.31694444444445
d9680145-4a1f-48a8-9ad3-52e904efc45e,2024-09-09 00:00:00+00:00,8.228055555555555
e1326398-e01a-445f-9caa-c175da8ac7d3,2024-05-06 00:00:00+00:00,122.93333333333334
e1326398-e01a-445f-9caa-c175da8ac7d3,2024-05-13 00:00:00+00:00,55.15138888888889
e1326398-e01a-445f-9caa-c175da8ac7d3,2024-05-27 00:00:00+00:00,162.8697222222222
e1326398-e01a-445f-9caa-c175da8ac7d3,2024-06-03 00:00:00+00:00,5.423055555555556
e1326398-e01a-445f-9caa-c175da8ac7d3,2024-06-10 00:00:00+00:00,134.66444444444446
e1326398-e01a-445f-9caa-c175da8ac7d3,2024-06-17 00:00:00+00:00,150.79611111111112
e1326398-e01a-445f-9caa-c175da8ac7d3,2024-06-24 00:00:00+00:00,164.94583333333333
e1326398-e01a-445f-9caa-c175da8ac7d3,2024-07-01 00:00:00+00:00,149.82055555555556
e1326398-e01a-445f-9caa-c175da8ac7d3,2024-07-08 00:00:00+00:00,134.1375
e1326398-e01a-445f-9caa-c175da8ac7d3,2024-07-15 00:00:00+00:00,161.1338888888889
e1326398-e01a-445f-9caa-c175da8ac7d3,2024-07-22 00:00:00+00:00,149.94333333333333
e1326398-e01a-445f-9caa-c175da8ac7d3,2024-07-29 00:00:00+00:00,163.51083333333332
e1326398-e01a-445f-9caa-c175da8ac7d3,2024-08-05 00:00:00+00:00,145.60666666666665
e1326398-e01a-445f-9caa-c175da8ac7d3,2024-08-12 00:00:00+00:00,141.70388888888888
e1326398-e01a-445f-9caa-c175da8ac7d3,2024-08-19 00:00:00+00:00,148.07527777777779
e1326398-e01a-445f-9caa-c175da8ac7d3,2024-08-26 00:00:00+00:00,160.71083333333334
e1326398-e01a-445f-9caa-c175da8ac7d3,2024-09-02 00:00:00+00:00,131.8563888888889
e1326398-e01a-445f-9caa-c175da8ac7d3,2024-09-09 00:00:00+00:00,164.69694444444445
e1326398-e01a-445f-9caa-c175da8ac7d3,2024-09-16 00:00:00+00:00,163.3125
e1326398-e01a-445f-9caa-c175da8ac7d3,2024-09-23 00:00:00+00:00,140.78694444444446
e1326398-e01a-445f-9caa-c175da8ac7d3,2024-09-30 00:00:00+00:00,167.0561111111111
e1326398-e01a-445f-9caa-c175da8ac7d3,2024-10-07 00:00:00+00:00,154.35944444444445
ed9e17d0-749c-41e4-8715-2d949a7741f6,2024-08-12 00:00:00+00:00,
ed9e17d0-749c-41e4-8715-2d949a7741f6,2024-09-02 00:00:00+00:00,48.653055555555554
ed9e17d0-749c-41e4-8715-2d949a7741f6,2024-09-09 00:00:00+00:00,
ed9e17d0-749c-41e4-8715-2d949a7741f6,2024-09-16 00:00:00+00:00,76.79805555555555
ed9e17d0-749c-41e4-8715-2d949a7741f6,2024-09-23 00:00:00+00:00,101.18333333333334
ed9e17d0-749c-41e4-8715-2d949a7741f6,2024-09-30 00:00:00+00:00,76.00027777777778
ed9e17d0-749c-41e4-8715-2d949a7741f6,2024-10-07 00:00:00+00:00,96.33027777777778
ed9e17d0-749c-41e4-8715-2d949a7741f6,2024-10-14 00:00:00+00:00,99.14166666666667
ed9e17d0-749c-41e4-8715-2d949a7741f6,2024-10-21 00:00:00+00:00,96.69055555555556
ed9e17d0-749c-41e4-8715-2d949a7741f6,2024-10-28 00:00:00+00:00,99.64888888888889
ed9e17d0-749c-41e4-8715-2d949a7741f6,2024-11-04 00:00:00+00:00,76.41416666666667
ed9e17d0-749c-41e4-8715-2d949a7741f6,2024-11-11 00:00:00+00:00,3.471111111111111
ed9e17d0-749c-41e4-8715-2d949a7741f6,2024-11-18 00:00:00+00:00,95.97166666666666
ef99dd6f-0d62-4d64-a6fe-a7a475e08f55,2024-07-15 00:00:00+00:00,
ef99dd6f-0d62-4d64-a6fe-a7a475e08f55,2024-07-22 00:00:00+00:00,
ef99dd6f-0d62-4d64-a6fe-a7a475e08f55,2024-07-29 00:00:00+00:00,6.073611111111111
ef99dd6f-0d62-4d64-a6fe-a7a475e08f55,2024-08-12 00:00:00+00:00,20.10472222222222
ef99dd6f-0d62-4d64-a6fe-a7a475e08f55,2024-09-09 00:00:00+00:00,
ef99dd6f-0d62-4d64-a6fe-a7a475e08f55,2024-09-16 00:00:00+00:00,48.59166666666667
ef99dd6f-0d62-4d64-a6fe-a7a475e08f55,2024-09-23 00:00:00+00:00,22.6975
ef99dd6f-0d62-4d64-a6fe-a7a475e08f55,2024-09-30 00:00:00+00:00,77.9975
ef99dd6f-0d62-4d64-a6fe-a7a475e08f55,2024-10-07 00:00:00+00:00,98.93166666666667
ef99dd6f-0d62-4d64-a6fe-a7a475e08f55,2024-10-14 00:00:00+00:00,100.01444444444445
ef99dd6f-0d62-4d64-a6fe-a7a475e08f55,2024-10-21 00:00:00+00:00,99.33583333333333
ef99dd6f-0d62-4d64-a6fe-a7a475e08f55,2024-10-28 00:00:00+00:00,98.79555555555555
ef99dd6f-0d62-4d64-a6fe-a7a475e08f55,2024-11-04 00:00:00+00:00,99.74027777777778
ef99dd6f-0d62-4d64-a6fe-a7a475e08f55,2024-11-11 00:00:00+00:00,75.42138888888888
ef99dd6f-0d62-4d64-a6fe-a7a475e08f55,2024-11-18 00:00:00+00:00,92.42111111111112
ef99dd6f-0d62-4d64-a6fe-a7a475e08f55,2024-12-02 00:00:00+00:00,75.02055555555556
ef99dd6f-0d62-4d64-a6fe-a7a475e08f55,2024-12-09 00:00:00+00:00,27.8825
ef99dd6f-0d62-4d64-a6fe-a7a475e08f55,2024-12-16 00:00:00+00:00,72.19361111111111
ef99dd6f-0d62-4d64-a6fe-a7a475e08f55,2025-01-06 00:00:00+00:00,0.41055555555555556
ef99dd6f-0d62-4d64-a6fe-a7a475e08f55,2025-01-13 00:00:00+00:00,
ef99dd6f-0d62-4d64-a6fe-a7a475e08f55,2025-02-03 00:00:00+00:00,48.45611111111111
ef99dd6f-0d62-4d64-a6fe-a7a475e08f55,2025-02-10 00:00:00+00:00,92.22805555555556
ef99dd6f-0d62-4d64-a6fe-a7a475e08f55,2025-02-17 00:00:00+00:00,67.12555555555555
ef99dd6f-0d62-4d64-a6fe-a7a475e08f55,2025-02-24 00:00:00+00:00,94.98416666666667
f17a6cda-cfb5-4b76-beb2-ab68c0cdd166,2024-06-03 00:00:00+00:00,158.39194444444445
f17a6cda-cfb5-4b76-beb2-ab68c0cdd166,2024-06-10 00:00:00+00:00,166.22694444444446
f17a6cda-cfb5-4b76-beb2-ab68c0cdd166,2024-06-17 00:00:00+00:00,164.1511111111111
f17a6cda-cfb5-4b76-beb2-ab68c0cdd166,2024-06-24 00:00:00+00:00,161.99277777777777
f17a6cda-cfb5-4b76-beb2-ab68c0cdd166,2024-07-01 00:00:00+00:00,162.815
f17a6cda-cfb5-4b76-beb2-ab68c0cdd166,2024-07-08 00:00:00+00:00,26.21472222222222
f17a6cda-cfb5-4b76-beb2-ab68c0cdd166,2024-07-15 00:00:00+00:00,
f17a6cda-cfb5-4b76-beb2-ab68c0cdd166,2024-07-22 00:00:00+00:00,76.61361111111111
f17a6cda-cfb5-4b76-beb2-ab68c0cdd166,2024-07-29 00:00:00+00:00,117.38722222222222
f17a6cda-cfb5-4b76-beb2-ab68c0cdd166,2024-08-05 00:00:00+00:00,165.4163888888889
f17a6cda-cfb5-4b76-beb2-ab68c0cdd166,2024-08-12 00:00:00+00:00,163.15777777777777
f17a6cda-cfb5-4b76-beb2-ab68c0cdd166,2024-08-19 00:00:00+00:00,163.97861111111112
f17a6cda-cfb5-4b76-beb2-ab68c0cdd166,2024-08-26 00:00:00+00:00,163.71583333333334
f17a6cda-cfb5-4b76-beb2-ab68c0cdd166,2024-09-02 00:00:00+00:00,162.22722222222222
f17a6cda-cfb5-4b76-beb2-ab68c0cdd166,2024-09-09 00:00:00+00:00,165.85194444444446
f17a6cda-cfb5-4b76-beb2-ab68c0cdd166,2024-09-16 00:00:00+00:00,164.04166666666666
f17a6cda-cfb5-4b76-beb2-ab68c0cdd166,2024-09-23 00:00:00+00:00,162.8763888888889
f17a6cda-cfb5-4b76-beb2-ab68c0cdd166,2024-09-30 00:00:00+00:00,2.754166666666667
f17a6cda-cfb5-4b76-beb2-ab68c0cdd166,2024-10-14 00:00:00+00:00,139.87666666666667
f17a6cda-cfb5-4b76-beb2-ab68c0cdd166,2025-02-17 00:00:00+00:00,26.4175
f77eb9b4-003d-4580-846a-915d29c46164,2024-05-27 00:00:00+00:00,37.69083333333333
fe7b670f-f735-4991-94c5-ef3e10071a27,2024-09-30 00:00:00+00:00,23.469166666666666
fe7b670f-f735-4991-94c5-ef3e10071a27,2024-10-07 00:00:00+00:00,4.833055555555555
fe7b670f-f735-4991-94c5-ef3e10071a27,2024-10-14 00:00:00+00:00,27.191111111111113
fe7b670f-f735-4991-94c5-ef3e10071a27,2024-10-21 00:00:00+00:00,99.21694444444445
fe7b670f-f735-4991-94c5-ef3e10071a27,2024-10-28 00:00:00+00:00,95.94194444444445
fe7b670f-f735-4991-94c5-ef3e10071a27,2024-11-04 00:00:00+00:00,77.77555555555556
fe7b670f-f735-4991-94c5-ef3e10071a27,2024-11-11 00:00:00+00:00,29.032777777777778
fe7b670f-f735-4991-94c5-ef3e10071a27,2024-11-18 00:00:00+00:00,95.61555555555556
fe7b670f-f735-4991-94c5-ef3e10071a27,2024-12-02 00:00:00+00:00,75.02111111111111
fe7b670f-f735-4991-94c5-ef3e10071a27,2024-12-09 00:00:00+00:00,52.15416666666667
fe7b670f-f735-4991-94c5-ef3e10071a27,2024-12-16 00:00:00+00:00,74.98277777777778
fe7b670f-f735-4991-94c5-ef3e10071a27,2025-02-03 00:00:00+00:00,50.40277777777778
fe7b670f-f735-4991-94c5-ef3e10071a27,2025-02-10 00:00:00+00:00,70.10305555555556
fe7b670f-f735-4991-94c5-ef3e10071a27,2025-02-17 00:00:00+00:00,92.2675
fe7b670f-f735-4991-94c5-ef3e10071a27,2025-02-24 00:00:00+00:00,95.23027777777777
ff8d05b6-31be-404a-a473-3f5862765497,2024-05-06 00:00:00+00:00,128.4036111111111
ff8d05b6-31be-404a-a473-3f5862765497,2024-05-13 00:00:00+00:00,152.4163888888889
ff8d05b6-31be-404a-a473-3f5862765497,2024-05-20 00:00:00+00:00,152.98388888888888
ff8d05b6-31be-404a-a473-3f5862765497,2024-05-27 00:00:00+00:00,152.4463888888889
ff8d05b6-31be-404a-a473-3f5862765497,2024-06-03 00:00:00+00:00,152.50305555555556
ff8d05b6-31be-404a-a473-3f5862765497,2024-06-10 00:00:00+00:00,152.67472222222221
ff8d05b6-31be-404a-a473-3f5862765497,2024-06-17 00:00:00+00:00,150.7722222222222
ff8d05b6-31be-404a-a473-3f5862765497,2024-06-24 00:00:00+00:00,152.34444444444443
ff8d05b6-31be-404a-a473-3f5862765497,2024-07-01 00:00:00+00:00,152.98388888888888
ff8d05b6-31be-404a-a473-3f5862765497,2024-07-08 00:00:00+00:00,152.71194444444444
ff8d05b6-31be-404a-a473-3f5862765497,2024-07-15 00:00:00+00:00,128.71833333333333
ff8d05b6-31be-404a-a473-3f5862765497,2024-07-22 00:00:00+00:00,49.31777777777778
ff8d05b6-31be-404a-a473-3f5862765497,2024-07-29 00:00:00+00:00,104.67472222222223
ff8d05b6-31be-404a-a473-3f5862765497,2024-08-05 00:00:00+00:00,50.91833333333334
ff8d05b6-31be-404a-a473-3f5862765497,2024-08-12 00:00:00+00:00,73.31777777777778
ff8d05b6-31be-404a-a473-3f5862765497,2024-08-19 00:00:00+00:00,152.74666666666667
ff8d05b6-31be-404a-a473-3f5862765497,2024-08-26 00:00:00+00:00,152.66916666666665
ff8d05b6-31be-404a-a473-3f5862765497,2024-09-02 00:00:00+00:00,152.2511111111111
ff8d05b6-31be-404a-a473-3f5862765497,2024-09-09 00:00:00+00:00,152.61027777777778
ff8d05b6-31be-404a-a473-3f5862765497,2024-09-16 00:00:00+00:00,150.5063888888889
ff8d05b6-31be-404a-a473-3f5862765497,2024-09-23 00:00:00+00:00,150.5063888888889
ff8d05b6-31be-404a-a473-3f5862765497,2024-09-30 00:00:00+00:00,152.4088888888889
ff8d05b6-31be-404a-a473-3f5862765497,2024-10-07 00:00:00+00:00,152.66916666666665
ff8d05b6-31be-404a-a473-3f5862765497,2024-10-14 00:00:00+00:00,145.0713888888889
ff8d05b6-31be-404a-a473-3f5862765497,2024-10-21 00:00:00+00:00,151.87472222222223
ff8d05b6-31be-404a-a473-3f5862765497,2024-10-28 00:00:00+00:00,152.2511111111111
ff8d05b6-31be-404a-a473-3f5862765497,2024-11-04 00:00:00+00:00,148.6963888888889
ff8d05b6-31be-404a-a473-3f5862765497,2024-11-11 00:00:00+00:00,152.48111111111112
ff8d05b6-31be-404a-a473-3f5862765497,2024-11-18 00:00:00+00:00,152.50305555555556
ff8d05b6-31be-404a-a473-3f5862765497,2024-11-25 00:00:00+00:00,152.50305555555556
ff8d05b6-31be-404a-a473-3f5862765497,2024-12-02 00:00:00+00:00,152.33833333333334
ff8d05b6-31be-404a-a473-3f5862765497,2024-12-09 00:00:00+00:00,152.4163888888889
ff8d05b6-31be-404a-a473-3f5862765497,2024-12-16 00:00:00+00:00,149.05277777777778
ff8d05b6-31be-404a-a473-3f5862765497,2024-12-23 00:00:00+00:00,152.39444444444445
ff8d05b6-31be-404a-a473-3f5862765497,2024-12-30 00:00:00+00:00,152.4163888888889
ff8d05b6-31be-404a-a473-3f5862765497,2025-01-06 00:00:00+00:00,152.67472222222221
ff8d05b6-31be-404a-a473-3f5862765497,2025-01-13 00:00:00+00:00,152.74027777777778
ff8d05b6-31be-404a-a473-3f5862765497,2025-01-20 00:00:00+00:00,152.74027777777778
ff8d05b6-31be-404a-a473-3f5862765497,2025-01-27 00:00:00+00:00,152.98388888888888
ff8d05b6-31be-404a-a473-3f5862765497,2025-02-03 00:00:00+00:00,152.71194444444444
ff8d05b6-31be-404a-a473-3f5862765497,2025-02-10 00:00:00+00:00,152.71833333333333
ff8d05b6-31be-404a-a473-3f5862765497,2025-02-17 00:00:00+00:00,152.48111111111112
ff8d05b6-31be-404a-a473-3f5862765497,2025-02-24 00:00:00+00:00,128.50305555555556
