short_id,downtime_start_week,error_week,error_count,critical_error_count,prior_error_week,prior_error_count,prior_critical_error_count
CPP01,2024-07-15,2024-07-08,1.0,1.0,,,
CPP01,2024-07-22,2024-07-15,1.0,1.0,2024-07-08,1.0,1.0
CPP01,2024-07-29,2024-07-15,1.0,1.0,2024-07-08,1.0,1.0
CPP01,2024-08-05,2024-07-15,1.0,1.0,2024-07-08,1.0,1.0
CPP01,2024-08-12,2024-07-15,1.0,1.0,2024-07-08,1.0,1.0
CPP01,2024-08-19,2024-07-15,1.0,1.0,2024-07-08,1.0,1.0
CPP01,2024-08-26,2024-08-19,1.0,1.0,2024-07-15,1.0,1.0
CPP02,2024-07-01,2024-05-13,1.0,1.0,2024-05-06,1.0,1.0
CPP02,2024-07-08,2024-05-13,1.0,1.0,2024-05-06,1.0,1.0
CPP02,2024-07-15,2024-05-13,1.0,1.0,2024-05-06,1.0,1.0
CPP02,2024-07-22,2024-05-13,1.0,1.0,2024-05-06,1.0,1.0
CPP02,2024-07-29,2024-05-13,1.0,1.0,2024-05-06,1.0,1.0
CPP02,2024-08-05,2024-05-13,1.0,1.0,2024-05-06,1.0,1.0
CPP02,2024-08-12,2024-05-13,1.0,1.0,2024-05-06,1.0,1.0
CPP02,2024-08-19,2024-05-13,1.0,1.0,2024-05-06,1.0,1.0
CPP02,2024-08-26,2024-05-13,1.0,1.0,2024-05-06,1.0,1.0
CPP02,2024-09-02,2024-05-13,1.0,1.0,2024-05-06,1.0,1.0
CPP02,2024-09-09,2024-05-13,1.0,1.0,2024-05-06,1.0,1.0
CPP02,2024-09-16,2024-05-13,1.0,1.0,2024-05-06,1.0,1.0
CPP02,2024-11-04,2024-10-21,1.0,1.0,2024-05-13,1.0,1.0
CPP02,2024-11-11,2024-10-21,1.0,1.0,2024-05-13,1.0,1.0
CPP02,2024-11-18,2024-10-21,1.0,1.0,2024-05-13,1.0,1.0
CPP02,2024-11-25,2024-10-21,1.0,1.0,2024-05-13,1.0,1.0
CPP02,2024-12-02,2024-10-21,1.0,1.0,2024-05-13,1.0,1.0
CPP02,2024-12-09,2024-10-21,1.0,1.0,2024-05-13,1.0,1.0
CPP02,2024-12-16,2024-10-21,1.0,1.0,2024-05-13,1.0,1.0
CPP02,2024-12-23,2024-10-21,1.0,1.0,2024-05-13,1.0,1.0
CPP02,2024-12-30,2024-10-21,1.0,1.0,2024-05-13,1.0,1.0
CPP02,2025-01-06,2024-10-21,1.0,1.0,2024-05-13,1.0,1.0
CPP02,2025-01-13,2024-10-21,1.0,1.0,2024-05-13,1.0,1.0
CPP02,2025-01-20,2024-10-21,1.0,1.0,2024-05-13,1.0,1.0
CPP02,2025-01-27,2024-10-21,1.0,1.0,2024-05-13,1.0,1.0
CPP02,2025-02-03,2024-10-21,1.0,1.0,2024-05-13,1.0,1.0
CPP02,2025-02-10,2024-10-21,1.0,1.0,2024-05-13,1.0,1.0
CPP02,2025-02-17,2024-10-21,1.0,1.0,2024-05-13,1.0,1.0
CPP02,2025-02-24,2024-10-21,1.0,1.0,2024-05-13,1.0,1.0
CPP02,2025-03-03,2024-10-21,1.0,1.0,2024-05-13,1.0,1.0
CPP02,2025-03-10,2024-10-21,1.0,1.0,2024-05-13,1.0,1.0
CPP02,2025-03-17,2024-10-21,1.0,1.0,2024-05-13,1.0,1.0
CPP02,2025-03-24,2024-10-21,1.0,1.0,2024-05-13,1.0,1.0
CPP03,2024-04-08,2024-04-01,1.0,1.0,,,
CPP03,2024-04-15,2024-04-01,1.0,1.0,,,
CPP03,2024-04-22,2024-04-01,1.0,1.0,,,
CPP03,2024-04-29,2024-04-01,1.0,1.0,,,
CPP03,2024-07-01,2024-05-13,1.0,1.0,2024-05-06,1.0,1.0
CPP03,2024-07-08,2024-05-13,1.0,1.0,2024-05-06,1.0,1.0
CPP03,2024-07-15,2024-05-13,1.0,1.0,2024-05-06,1.0,1.0
CPP03,2024-07-22,2024-05-13,1.0,1.0,2024-05-06,1.0,1.0
CPP03,2024-07-29,2024-05-13,1.0,1.0,2024-05-06,1.0,1.0
CPP03,2024-08-05,2024-05-13,1.0,1.0,2024-05-06,1.0,1.0
CPP03,2024-08-12,2024-05-13,1.0,1.0,2024-05-06,1.0,1.0
CPP03,2024-08-19,2024-05-13,1.0,1.0,2024-05-06,1.0,1.0
CPP03,2024-08-26,2024-05-13,1.0,1.0,2024-05-06,1.0,1.0
CPP03,2024-09-02,2024-05-13,1.0,1.0,2024-05-06,1.0,1.0
CPP03,2024-10-28,2024-10-21,1.0,1.0,2024-05-13,1.0,1.0
CPP03,2024-11-04,2024-10-21,1.0,1.0,2024-05-13,1.0,1.0
CPP03,2024-11-11,2024-10-21,1.0,1.0,2024-05-13,1.0,1.0
CPP03,2024-11-18,2024-10-21,1.0,1.0,2024-05-13,1.0,1.0
CPP03,2024-11-25,2024-10-21,1.0,1.0,2024-05-13,1.0,1.0
CPP03,2024-12-02,2024-10-21,1.0,1.0,2024-05-13,1.0,1.0
CPP03,2024-12-09,2024-10-21,1.0,1.0,2024-05-13,1.0,1.0
CPP03,2024-12-16,2024-10-21,1.0,1.0,2024-05-13,1.0,1.0
CPP03,2024-12-23,2024-10-21,1.0,1.0,2024-05-13,1.0,1.0
CPP03,2024-12-30,2024-10-21,1.0,1.0,2024-05-13,1.0,1.0
CPP03,2025-01-06,2024-10-21,1.0,1.0,2024-05-13,1.0,1.0
CPP03,2025-01-13,2024-10-21,1.0,1.0,2024-05-13,1.0,1.0
CPP03,2025-01-20,2024-10-21,1.0,1.0,2024-05-13,1.0,1.0
CPP03,2025-01-27,2024-10-21,1.0,1.0,2024-05-13,1.0,1.0
CPP03,2025-02-03,2024-10-21,1.0,1.0,2024-05-13,1.0,1.0
CPP03,2025-02-10,2024-10-21,1.0,1.0,2024-05-13,1.0,1.0
CPP03,2025-02-17,2024-10-21,1.0,1.0,2024-05-13,1.0,1.0
CPP03,2025-02-24,2024-10-21,1.0,1.0,2024-05-13,1.0,1.0
CPP03,2025-03-03,2024-10-21,1.0,1.0,2024-05-13,1.0,1.0
CPP03,2025-03-10,2024-10-21,1.0,1.0,2024-05-13,1.0,1.0
CPP03,2025-03-17,2024-10-21,1.0,1.0,2024-05-13,1.0,1.0
CPP03,2025-03-24,2024-10-21,1.0,1.0,2024-05-13,1.0,1.0
MPP02,2024-06-03,2024-05-20,2.0,2.0,,,
MPP02,2024-06-10,2024-05-20,2.0,2.0,,,
MPP02,2024-06-17,2024-05-20,2.0,2.0,,,
MPP02,2024-06-24,2024-05-20,2.0,2.0,,,
MPP02,2024-07-01,2024-05-20,2.0,2.0,,,
MPP02,2024-07-08,2024-05-20,2.0,2.0,,,
MPP02,2024-07-15,2024-05-20,2.0,2.0,,,
MPP02,2024-07-22,2024-05-20,2.0,2.0,,,
MPP02,2024-07-29,2024-05-20,2.0,2.0,,,
MPP02,2024-08-05,2024-05-20,2.0,2.0,,,
MPP02,2024-08-12,2024-05-20,2.0,2.0,,,
MPP02,2024-08-19,2024-05-20,2.0,2.0,,,
MPP02,2024-08-26,2024-05-20,2.0,2.0,,,
MPP02,2024-09-02,2024-05-20,2.0,2.0,,,
MPP02,2024-09-09,2024-05-20,2.0,2.0,,,
MPP02,2024-09-16,2024-05-20,2.0,2.0,,,
MPP02,2024-09-23,2024-05-20,2.0,2.0,,,
MPP02,2024-09-30,2024-05-20,2.0,2.0,,,
MPP02,2024-10-07,2024-05-20,2.0,2.0,,,
MPP02,2024-10-14,2024-05-20,2.0,2.0,,,
MPP02,2024-10-21,2024-05-20,2.0,2.0,,,
MPP02,2024-10-28,2024-05-20,2.0,2.0,,,
MPP02,2024-11-04,2024-05-20,2.0,2.0,,,
MPP02,2024-11-11,2024-05-20,2.0,2.0,,,
MPP02,2024-11-18,2024-05-20,2.0,2.0,,,
MPP02,2024-11-25,2024-05-20,2.0,2.0,,,
MPP02,2024-12-02,2024-05-20,2.0,2.0,,,
MPP02,2024-12-09,2024-05-20,2.0,2.0,,,
MPP02,2024-12-16,2024-05-20,2.0,2.0,,,
MPP02,2024-12-23,2024-05-20,2.0,2.0,,,
MPP02,2024-12-30,2024-05-20,2.0,2.0,,,
MPP02,2025-01-06,2024-05-20,2.0,2.0,,,
MPP02,2025-01-13,2024-05-20,2.0,2.0,,,
MPP02,2025-01-20,2024-05-20,2.0,2.0,,,
MPP02,2025-01-27,2024-05-20,2.0,2.0,,,
MPP02,2025-02-03,2024-05-20,2.0,2.0,,,
MPP02,2025-02-10,2024-05-20,2.0,2.0,,,
MPP02,2025-02-17,2024-05-20,2.0,2.0,,,
MPP02,2025-02-24,2024-05-20,2.0,2.0,,,
MPP02,2025-03-03,2024-05-20,2.0,2.0,,,
MPP02,2025-03-10,2024-05-20,2.0,2.0,,,
MPP02,2025-03-17,2024-05-20,2.0,2.0,,,
MPP02,2025-03-24,2024-05-20,2.0,2.0,,,
OD03,2023-11-13,2023-10-30,24.0,12.0,2023-10-23,17.0,7.0
OD03,2023-11-20,2023-10-30,24.0,12.0,2023-10-23,17.0,7.0
OD04,2024-03-18,2024-03-11,201.0,90.0,2024-03-04,283.0,121.0
OD04,2024-04-22,2024-04-08,7.0,3.0,2024-04-01,72.0,35.0
OD04,2024-05-13,2024-04-29,3.0,0.0,2024-04-08,7.0,3.0
OD04,2024-05-20,2024-04-29,3.0,0.0,2024-04-08,7.0,3.0
OD04,2024-05-27,2024-04-29,3.0,0.0,2024-04-08,7.0,3.0
OD04,2024-06-03,2024-04-29,3.0,0.0,2024-04-08,7.0,3.0
OD04,2024-06-10,2024-04-29,3.0,0.0,2024-04-08,7.0,3.0
OD04,2024-06-17,2024-04-29,3.0,0.0,2024-04-08,7.0,3.0
OD04,2024-06-24,2024-04-29,3.0,0.0,2024-04-08,7.0,3.0
OD04,2024-07-01,2024-04-29,3.0,0.0,2024-04-08,7.0,3.0
OD04,2024-07-08,2024-04-29,3.0,0.0,2024-04-08,7.0,3.0
OD04,2024-07-29,2024-07-22,26.0,15.0,2024-07-15,45.0,18.0
OD04,2024-10-07,2024-09-23,77.0,35.0,2024-09-16,105.0,53.0
OD04,2024-10-21,2024-10-14,3.0,1.0,2024-09-23,77.0,35.0
OD04,2024-10-28,2024-10-14,3.0,1.0,2024-09-23,77.0,35.0
OD04,2024-11-04,2024-10-14,3.0,1.0,2024-09-23,77.0,35.0
OD04,2024-11-11,2024-10-14,3.0,1.0,2024-09-23,77.0,35.0
OD04,2024-11-18,2024-10-14,3.0,1.0,2024-09-23,77.0,35.0
OD04,2024-11-25,2024-10-14,3.0,1.0,2024-09-23,77.0,35.0
OD04,2024-12-02,2024-10-14,3.0,1.0,2024-09-23,77.0,35.0
OD04,2024-12-09,2024-10-14,3.0,1.0,2024-09-23,77.0,35.0
OD04,2024-12-16,2024-10-14,3.0,1.0,2024-09-23,77.0,35.0
OD04,2024-12-23,2024-10-14,3.0,1.0,2024-09-23,77.0,35.0
OD04,2024-12-30,2024-10-14,3.0,1.0,2024-09-23,77.0,35.0
OD04,2025-01-06,2024-10-14,3.0,1.0,2024-09-23,77.0,35.0
OD04,2025-01-13,2024-10-14,3.0,1.0,2024-09-23,77.0,35.0
OD04,2025-01-20,2024-10-14,3.0,1.0,2024-09-23,77.0,35.0
OD04,2025-01-27,2024-10-14,3.0,1.0,2024-09-23,77.0,35.0
OD04,2025-02-03,2024-10-14,3.0,1.0,2024-09-23,77.0,35.0
OD04,2025-02-10,2024-10-14,3.0,1.0,2024-09-23,77.0,35.0
OD04,2025-02-24,2024-10-14,3.0,1.0,2024-09-23,77.0,35.0
OD04,2025-03-03,2024-10-14,3.0,1.0,2024-09-23,77.0,35.0
OD04,2025-03-10,2024-10-14,3.0,1.0,2024-09-23,77.0,35.0
OD04,2025-03-17,2024-10-14,3.0,1.0,2024-09-23,77.0,35.0
OD04,2025-03-24,2024-10-14,3.0,1.0,2024-09-23,77.0,35.0
OD05,2024-02-05,2024-01-29,101.0,35.0,2024-01-22,45.0,15.0
OD05,2024-03-18,2024-03-11,177.0,80.0,2024-03-04,139.0,61.0
OD05,2024-05-06,2024-04-08,7.0,3.0,2024-04-01,22.0,11.0
OD05,2024-05-13,2024-04-08,7.0,3.0,2024-04-01,22.0,11.0
OD05,2024-05-20,2024-04-08,7.0,3.0,2024-04-01,22.0,11.0
OD05,2024-05-27,2024-04-08,7.0,3.0,2024-04-01,22.0,11.0
OD05,2024-07-15,2024-07-08,3.0,1.0,2024-07-01,89.0,25.0
OD05,2024-10-07,2024-09-23,108.0,49.0,2024-09-16,164.0,86.0
OD05,2024-10-21,2024-10-14,8.0,3.0,2024-09-23,108.0,49.0
OD05,2024-10-28,2024-10-14,8.0,3.0,2024-09-23,108.0,49.0
OD05,2024-11-04,2024-10-14,8.0,3.0,2024-09-23,108.0,49.0
OD05,2024-11-11,2024-10-14,8.0,3.0,2024-09-23,108.0,49.0
OD05,2024-11-18,2024-10-14,8.0,3.0,2024-09-23,108.0,49.0
OD05,2024-11-25,2024-10-14,8.0,3.0,2024-09-23,108.0,49.0
OD05,2024-12-02,2024-10-14,8.0,3.0,2024-09-23,108.0,49.0
OD05,2024-12-09,2024-10-14,8.0,3.0,2024-09-23,108.0,49.0
OD05,2024-12-16,2024-10-14,8.0,3.0,2024-09-23,108.0,49.0
OD05,2024-12-23,2024-10-14,8.0,3.0,2024-09-23,108.0,49.0
OD05,2024-12-30,2024-10-14,8.0,3.0,2024-09-23,108.0,49.0
OD05,2025-01-06,2024-10-14,8.0,3.0,2024-09-23,108.0,49.0
OD05,2025-01-13,2024-10-14,8.0,3.0,2024-09-23,108.0,49.0
OD05,2025-01-20,2024-10-14,8.0,3.0,2024-09-23,108.0,49.0
OD05,2025-01-27,2024-10-14,8.0,3.0,2024-09-23,108.0,49.0
OD05,2025-02-03,2024-10-14,8.0,3.0,2024-09-23,108.0,49.0
OD05,2025-02-10,2024-10-14,8.0,3.0,2024-09-23,108.0,49.0
OD05,2025-02-24,2024-10-14,8.0,3.0,2024-09-23,108.0,49.0
OD05,2025-03-03,2024-10-14,8.0,3.0,2024-09-23,108.0,49.0
OD05,2025-03-10,2024-10-14,8.0,3.0,2024-09-23,108.0,49.0
OD05,2025-03-17,2024-10-14,8.0,3.0,2024-09-23,108.0,49.0
OD05,2025-03-24,2024-10-14,8.0,3.0,2024-09-23,108.0,49.0
OD06,2024-04-15,2024-04-01,14.0,8.0,,,
OD06,2024-04-22,2024-04-01,14.0,8.0,,,
OD06,2024-07-22,2024-07-15,15.0,2.0,2024-07-08,44.0,14.0
OD06,2024-07-29,2024-07-15,15.0,2.0,2024-07-08,44.0,14.0
OD06,2024-10-21,2024-10-07,49.0,35.0,2024-09-30,92.0,55.0
OD06,2024-10-28,2024-10-07,49.0,35.0,2024-09-30,92.0,55.0
OD06,2024-11-04,2024-10-07,49.0,35.0,2024-09-30,92.0,55.0
OD06,2024-11-11,2024-10-07,49.0,35.0,2024-09-30,92.0,55.0
OD06,2024-11-18,2024-10-07,49.0,35.0,2024-09-30,92.0,55.0
OD06,2024-11-25,2024-10-07,49.0,35.0,2024-09-30,92.0,55.0
OD06,2024-12-02,2024-10-07,49.0,35.0,2024-09-30,92.0,55.0
OD06,2024-12-09,2024-10-07,49.0,35.0,2024-09-30,92.0,55.0
OD06,2024-12-16,2024-10-07,49.0,35.0,2024-09-30,92.0,55.0
OD06,2024-12-23,2024-10-07,49.0,35.0,2024-09-30,92.0,55.0
OD06,2024-12-30,2024-10-07,49.0,35.0,2024-09-30,92.0,55.0
OD06,2025-01-06,2024-10-07,49.0,35.0,2024-09-30,92.0,55.0
OD06,2025-01-13,2024-10-07,49.0,35.0,2024-09-30,92.0,55.0
OD06,2025-01-20,2024-10-07,49.0,35.0,2024-09-30,92.0,55.0
OD06,2025-01-27,2024-10-07,49.0,35.0,2024-09-30,92.0,55.0
OD06,2025-02-03,2024-10-07,49.0,35.0,2024-09-30,92.0,55.0
OD06,2025-02-10,2024-10-07,49.0,35.0,2024-09-30,92.0,55.0
OD06,2025-02-17,2024-10-07,49.0,35.0,2024-09-30,92.0,55.0
OD06,2025-02-24,2024-10-07,49.0,35.0,2024-09-30,92.0,55.0
OD06,2025-03-03,2024-10-07,49.0,35.0,2024-09-30,92.0,55.0
OD06,2025-03-10,2024-10-07,49.0,35.0,2024-09-30,92.0,55.0
OD06,2025-03-17,2024-10-07,49.0,35.0,2024-09-30,92.0,55.0
OD06,2025-03-24,2024-10-07,49.0,35.0,2024-09-30,92.0,55.0
OD07,2024-04-15,2024-04-01,7.0,5.0,,,
OD07,2024-04-22,2024-04-01,7.0,5.0,,,
OD07,2024-04-29,2024-04-01,7.0,5.0,,,
OD07,2024-09-16,2024-09-09,108.0,48.0,2024-09-02,71.0,39.0
OD07,2024-10-14,2024-10-07,16.0,11.0,2024-09-30,38.0,25.0
OD07,2024-10-21,2024-10-07,16.0,11.0,2024-09-30,38.0,25.0
OD07,2024-10-28,2024-10-07,16.0,11.0,2024-09-30,38.0,25.0
OD07,2024-11-04,2024-10-07,16.0,11.0,2024-09-30,38.0,25.0
OD07,2024-11-11,2024-10-07,16.0,11.0,2024-09-30,38.0,25.0
OD07,2024-11-18,2024-10-07,16.0,11.0,2024-09-30,38.0,25.0
OD07,2024-11-25,2024-10-07,16.0,11.0,2024-09-30,38.0,25.0
OD07,2024-12-02,2024-10-07,16.0,11.0,2024-09-30,38.0,25.0
OD07,2024-12-09,2024-10-07,16.0,11.0,2024-09-30,38.0,25.0
OD07,2024-12-16,2024-10-07,16.0,11.0,2024-09-30,38.0,25.0
OD07,2024-12-23,2024-10-07,16.0,11.0,2024-09-30,38.0,25.0
OD07,2024-12-30,2024-10-07,16.0,11.0,2024-09-30,38.0,25.0
OD07,2025-01-06,2024-10-07,16.0,11.0,2024-09-30,38.0,25.0
OD07,2025-01-13,2024-10-07,16.0,11.0,2024-09-30,38.0,25.0
OD07,2025-01-20,2024-10-07,16.0,11.0,2024-09-30,38.0,25.0
OD07,2025-01-27,2024-10-07,16.0,11.0,2024-09-30,38.0,25.0
OD07,2025-02-03,2024-10-07,16.0,11.0,2024-09-30,38.0,25.0
OD07,2025-02-10,2024-10-07,16.0,11.0,2024-09-30,38.0,25.0
OD07,2025-02-17,2024-10-07,16.0,11.0,2024-09-30,38.0,25.0
OD07,2025-02-24,2024-10-07,16.0,11.0,2024-09-30,38.0,25.0
OD07,2025-03-03,2024-10-07,16.0,11.0,2024-09-30,38.0,25.0
OD07,2025-03-10,2024-10-07,16.0,11.0,2024-09-30,38.0,25.0
OD07,2025-03-17,2024-10-07,16.0,11.0,2024-09-30,38.0,25.0
OD07,2025-03-24,2024-10-07,16.0,11.0,2024-09-30,38.0,25.0
OD08,2024-07-15,2024-07-01,75.0,22.0,2024-06-24,68.0,31.0
OD08,2024-07-22,2024-07-01,75.0,22.0,2024-06-24,68.0,31.0
OD08,2024-09-30,2024-09-23,69.0,27.0,2024-09-16,95.0,58.0
OD08,2024-10-07,2024-09-23,69.0,27.0,2024-09-16,95.0,58.0
OD08,2024-10-21,2024-09-23,69.0,27.0,2024-09-16,95.0,58.0
OD08,2024-10-28,2024-09-23,69.0,27.0,2024-09-16,95.0,58.0
OD08,2024-11-04,2024-09-23,69.0,27.0,2024-09-16,95.0,58.0
OD08,2024-11-11,2024-09-23,69.0,27.0,2024-09-16,95.0,58.0
OD08,2024-11-18,2024-09-23,69.0,27.0,2024-09-16,95.0,58.0
OD08,2024-11-25,2024-09-23,69.0,27.0,2024-09-16,95.0,58.0
OD08,2024-12-02,2024-09-23,69.0,27.0,2024-09-16,95.0,58.0
OD08,2024-12-09,2024-09-23,69.0,27.0,2024-09-16,95.0,58.0
OD08,2024-12-16,2024-09-23,69.0,27.0,2024-09-16,95.0,58.0
OD08,2024-12-23,2024-09-23,69.0,27.0,2024-09-16,95.0,58.0
OD08,2024-12-30,2024-09-23,69.0,27.0,2024-09-16,95.0,58.0
OD08,2025-01-06,2024-09-23,69.0,27.0,2024-09-16,95.0,58.0
OD08,2025-01-13,2024-09-23,69.0,27.0,2024-09-16,95.0,58.0
OD08,2025-01-20,2024-09-23,69.0,27.0,2024-09-16,95.0,58.0
OD08,2025-01-27,2024-09-23,69.0,27.0,2024-09-16,95.0,58.0
OD08,2025-02-03,2024-09-23,69.0,27.0,2024-09-16,95.0,58.0
OD08,2025-02-10,2024-09-23,69.0,27.0,2024-09-16,95.0,58.0
OD08,2025-02-24,2024-09-23,69.0,27.0,2024-09-16,95.0,58.0
OD08,2025-03-03,2024-09-23,69.0,27.0,2024-09-16,95.0,58.0
OD08,2025-03-10,2024-09-23,69.0,27.0,2024-09-16,95.0,58.0
OD08,2025-03-17,2024-09-23,69.0,27.0,2024-09-16,95.0,58.0
OD08,2025-03-24,2024-09-23,69.0,27.0,2024-09-16,95.0,58.0
OD09,2024-04-15,2024-04-08,7.0,3.0,,,
OD09,2024-04-22,2024-04-08,7.0,3.0,,,
OD09,2024-04-29,2024-04-08,7.0,3.0,,,
OD09,2024-05-20,2024-05-13,21.0,8.0,2024-05-06,52.0,23.0
OD09,2024-10-14,2024-10-07,8.0,6.0,2024-09-30,32.0,19.0
OD09,2024-10-21,2024-10-07,8.0,6.0,2024-09-30,32.0,19.0
OD09,2024-10-28,2024-10-07,8.0,6.0,2024-09-30,32.0,19.0
OD09,2024-11-04,2024-10-07,8.0,6.0,2024-09-30,32.0,19.0
OD09,2024-11-11,2024-10-07,8.0,6.0,2024-09-30,32.0,19.0
OD09,2024-11-18,2024-10-07,8.0,6.0,2024-09-30,32.0,19.0
OD09,2024-11-25,2024-10-07,8.0,6.0,2024-09-30,32.0,19.0
OD09,2024-12-02,2024-10-07,8.0,6.0,2024-09-30,32.0,19.0
OD09,2024-12-09,2024-10-07,8.0,6.0,2024-09-30,32.0,19.0
OD09,2024-12-16,2024-10-07,8.0,6.0,2024-09-30,32.0,19.0
OD09,2024-12-23,2024-10-07,8.0,6.0,2024-09-30,32.0,19.0
OD09,2024-12-30,2024-10-07,8.0,6.0,2024-09-30,32.0,19.0
OD09,2025-01-06,2024-10-07,8.0,6.0,2024-09-30,32.0,19.0
OD09,2025-01-13,2024-10-07,8.0,6.0,2024-09-30,32.0,19.0
OD09,2025-01-20,2024-10-07,8.0,6.0,2024-09-30,32.0,19.0
OD09,2025-01-27,2024-10-07,8.0,6.0,2024-09-30,32.0,19.0
OD09,2025-02-03,2024-10-07,8.0,6.0,2024-09-30,32.0,19.0
OD09,2025-02-10,2024-10-07,8.0,6.0,2024-09-30,32.0,19.0
OD09,2025-02-17,2024-10-07,8.0,6.0,2024-09-30,32.0,19.0
OD09,2025-02-24,2024-10-07,8.0,6.0,2024-09-30,32.0,19.0
OD09,2025-03-03,2024-10-07,8.0,6.0,2024-09-30,32.0,19.0
OD09,2025-03-10,2024-10-07,8.0,6.0,2024-09-30,32.0,19.0
OD09,2025-03-17,2024-10-07,8.0,6.0,2024-09-30,32.0,19.0
OD09,2025-03-24,2024-10-07,8.0,6.0,2024-09-30,32.0,19.0
OD10,2024-05-20,2024-05-13,19.0,8.0,2024-05-06,70.0,25.0
OD10,2024-10-14,2024-10-07,17.0,11.0,2024-09-30,57.0,36.0
OD10,2024-10-21,2024-10-07,17.0,11.0,2024-09-30,57.0,36.0
OD10,2024-10-28,2024-10-07,17.0,11.0,2024-09-30,57.0,36.0
OD10,2024-11-04,2024-10-07,17.0,11.0,2024-09-30,57.0,36.0
OD10,2024-11-11,2024-10-07,17.0,11.0,2024-09-30,57.0,36.0
OD10,2024-11-18,2024-10-07,17.0,11.0,2024-09-30,57.0,36.0
OD10,2024-11-25,2024-10-07,17.0,11.0,2024-09-30,57.0,36.0
OD10,2024-12-02,2024-10-07,17.0,11.0,2024-09-30,57.0,36.0
OD10,2024-12-09,2024-10-07,17.0,11.0,2024-09-30,57.0,36.0
OD10,2024-12-16,2024-10-07,17.0,11.0,2024-09-30,57.0,36.0
OD10,2024-12-23,2024-10-07,17.0,11.0,2024-09-30,57.0,36.0
OD10,2024-12-30,2024-10-07,17.0,11.0,2024-09-30,57.0,36.0
OD10,2025-01-06,2024-10-07,17.0,11.0,2024-09-30,57.0,36.0
OD10,2025-01-13,2024-10-07,17.0,11.0,2024-09-30,57.0,36.0
OD10,2025-01-20,2024-10-07,17.0,11.0,2024-09-30,57.0,36.0
OD10,2025-01-27,2024-10-07,17.0,11.0,2024-09-30,57.0,36.0
OD10,2025-02-03,2024-10-07,17.0,11.0,2024-09-30,57.0,36.0
OD10,2025-02-10,2024-10-07,17.0,11.0,2024-09-30,57.0,36.0
OD10,2025-02-17,2024-10-07,17.0,11.0,2024-09-30,57.0,36.0
OD10,2025-02-24,2024-10-07,17.0,11.0,2024-09-30,57.0,36.0
OD10,2025-03-03,2024-10-07,17.0,11.0,2024-09-30,57.0,36.0
OD10,2025-03-10,2024-10-07,17.0,11.0,2024-09-30,57.0,36.0
OD10,2025-03-17,2024-10-07,17.0,11.0,2024-09-30,57.0,36.0
OD10,2025-03-24,2024-10-07,17.0,11.0,2024-09-30,57.0,36.0
OD11,2023-11-27,2023-11-13,6.0,2.0,2023-11-06,3.0,1.0
OD11,2024-02-26,2024-02-19,5.0,5.0,2024-02-12,2.0,2.0
OD11,2024-04-08,2024-04-01,2.0,2.0,2024-03-25,4.0,4.0
OD11,2024-07-22,2024-07-15,3.0,2.0,2024-07-08,6.0,4.0
OD11,2024-07-29,2024-07-15,3.0,2.0,2024-07-08,6.0,4.0
OD11,2024-08-05,2024-07-15,3.0,2.0,2024-07-08,6.0,4.0
OD11,2024-08-12,2024-07-15,3.0,2.0,2024-07-08,6.0,4.0
OD11,2024-08-19,2024-07-15,3.0,2.0,2024-07-08,6.0,4.0
OD11,2024-08-26,2024-07-15,3.0,2.0,2024-07-08,6.0,4.0
OD11,2024-09-02,2024-07-15,3.0,2.0,2024-07-08,6.0,4.0
OD11,2024-09-09,2024-07-15,3.0,2.0,2024-07-08,6.0,4.0
OD11,2024-09-16,2024-07-15,3.0,2.0,2024-07-08,6.0,4.0
OD11,2024-09-23,2024-07-15,3.0,2.0,2024-07-08,6.0,4.0
OD11,2024-09-30,2024-07-15,3.0,2.0,2024-07-08,6.0,4.0
OD11,2024-10-07,2024-07-15,3.0,2.0,2024-07-08,6.0,4.0
OD11,2024-10-14,2024-07-15,3.0,2.0,2024-07-08,6.0,4.0
OD11,2024-10-21,2024-07-15,3.0,2.0,2024-07-08,6.0,4.0
OD11,2024-10-28,2024-07-15,3.0,2.0,2024-07-08,6.0,4.0
OD11,2024-11-04,2024-07-15,3.0,2.0,2024-07-08,6.0,4.0
OD11,2024-11-11,2024-07-15,3.0,2.0,2024-07-08,6.0,4.0
OD11,2024-11-18,2024-07-15,3.0,2.0,2024-07-08,6.0,4.0
OD11,2024-11-25,2024-07-15,3.0,2.0,2024-07-08,6.0,4.0
OD11,2024-12-02,2024-07-15,3.0,2.0,2024-07-08,6.0,4.0
OD11,2024-12-09,2024-07-15,3.0,2.0,2024-07-08,6.0,4.0
OD11,2024-12-16,2024-07-15,3.0,2.0,2024-07-08,6.0,4.0
OD11,2024-12-23,2024-07-15,3.0,2.0,2024-07-08,6.0,4.0
OD11,2024-12-30,2024-07-15,3.0,2.0,2024-07-08,6.0,4.0
OD11,2025-01-06,2024-07-15,3.0,2.0,2024-07-08,6.0,4.0
OD11,2025-01-13,2024-07-15,3.0,2.0,2024-07-08,6.0,4.0
OD11,2025-01-20,2024-07-15,3.0,2.0,2024-07-08,6.0,4.0
OD11,2025-01-27,2024-07-15,3.0,2.0,2024-07-08,6.0,4.0
OD11,2025-02-03,2024-07-15,3.0,2.0,2024-07-08,6.0,4.0
OD11,2025-02-10,2024-07-15,3.0,2.0,2024-07-08,6.0,4.0
OD11,2025-02-17,2024-07-15,3.0,2.0,2024-07-08,6.0,4.0
OD11,2025-02-24,2024-07-15,3.0,2.0,2024-07-08,6.0,4.0
OD11,2025-03-03,2024-07-15,3.0,2.0,2024-07-08,6.0,4.0
OD11,2025-03-10,2024-07-15,3.0,2.0,2024-07-08,6.0,4.0
OD11,2025-03-17,2024-07-15,3.0,2.0,2024-07-08,6.0,4.0
OD11,2025-03-24,2024-07-15,3.0,2.0,2024-07-08,6.0,4.0
OD12,2023-10-16,2023-10-02,57.0,35.0,2023-09-25,63.0,44.0
OD12,2023-11-20,2023-11-06,3.0,1.0,2023-10-30,4.0,2.0
OD12,2023-11-27,2023-11-06,3.0,1.0,2023-10-30,4.0,2.0
OD12,2024-03-04,2024-02-19,1.0,1.0,2024-02-12,2.0,2.0
OD12,2024-03-11,2024-02-19,1.0,1.0,2024-02-12,2.0,2.0
OD12,2024-03-18,2024-02-19,1.0,1.0,2024-02-12,2.0,2.0
OD12,2024-03-25,2024-02-19,1.0,1.0,2024-02-12,2.0,2.0
OD12,2024-04-01,2024-02-19,1.0,1.0,2024-02-12,2.0,2.0
OD12,2024-07-22,2024-07-15,11.0,8.0,2024-07-01,9.0,4.0
OD12,2024-07-29,2024-07-15,11.0,8.0,2024-07-01,9.0,4.0
OD12,2024-08-05,2024-07-15,11.0,8.0,2024-07-01,9.0,4.0
OD12,2024-08-12,2024-07-15,11.0,8.0,2024-07-01,9.0,4.0
OD12,2024-08-19,2024-07-15,11.0,8.0,2024-07-01,9.0,4.0
OD12,2024-08-26,2024-07-15,11.0,8.0,2024-07-01,9.0,4.0
OD12,2024-09-02,2024-07-15,11.0,8.0,2024-07-01,9.0,4.0
OD12,2024-09-09,2024-07-15,11.0,8.0,2024-07-01,9.0,4.0
OD12,2024-09-16,2024-07-15,11.0,8.0,2024-07-01,9.0,4.0
OD12,2024-09-23,2024-07-15,11.0,8.0,2024-07-01,9.0,4.0
OD12,2024-09-30,2024-07-15,11.0,8.0,2024-07-01,9.0,4.0
OD12,2024-10-07,2024-07-15,11.0,8.0,2024-07-01,9.0,4.0
OD12,2024-10-14,2024-07-15,11.0,8.0,2024-07-01,9.0,4.0
OD12,2024-10-21,2024-07-15,11.0,8.0,2024-07-01,9.0,4.0
OD12,2024-10-28,2024-07-15,11.0,8.0,2024-07-01,9.0,4.0
OD12,2024-11-04,2024-07-15,11.0,8.0,2024-07-01,9.0,4.0
OD12,2024-11-11,2024-07-15,11.0,8.0,2024-07-01,9.0,4.0
OD12,2024-11-18,2024-07-15,11.0,8.0,2024-07-01,9.0,4.0
OD12,2024-11-25,2024-07-15,11.0,8.0,2024-07-01,9.0,4.0
OD12,2024-12-02,2024-07-15,11.0,8.0,2024-07-01,9.0,4.0
OD12,2024-12-09,2024-07-15,11.0,8.0,2024-07-01,9.0,4.0
OD12,2024-12-16,2024-07-15,11.0,8.0,2024-07-01,9.0,4.0
OD12,2024-12-23,2024-07-15,11.0,8.0,2024-07-01,9.0,4.0
OD12,2024-12-30,2024-07-15,11.0,8.0,2024-07-01,9.0,4.0
OD12,2025-01-06,2024-07-15,11.0,8.0,2024-07-01,9.0,4.0
OD12,2025-01-13,2024-07-15,11.0,8.0,2024-07-01,9.0,4.0
OD12,2025-01-20,2024-07-15,11.0,8.0,2024-07-01,9.0,4.0
OD12,2025-01-27,2024-07-15,11.0,8.0,2024-07-01,9.0,4.0
OD12,2025-02-03,2024-07-15,11.0,8.0,2024-07-01,9.0,4.0
OD12,2025-02-10,2024-07-15,11.0,8.0,2024-07-01,9.0,4.0
OD12,2025-02-17,2024-07-15,11.0,8.0,2024-07-01,9.0,4.0
OD12,2025-02-24,2024-07-15,11.0,8.0,2024-07-01,9.0,4.0
OD12,2025-03-03,2024-07-15,11.0,8.0,2024-07-01,9.0,4.0
OD12,2025-03-10,2024-07-15,11.0,8.0,2024-07-01,9.0,4.0
OD12,2025-03-17,2024-07-15,11.0,8.0,2024-07-01,9.0,4.0
OD12,2025-03-24,2024-07-15,11.0,8.0,2024-07-01,9.0,4.0
OD13,2024-02-12,2024-01-29,2.0,1.0,2024-01-22,10.0,7.0
OD13,2024-02-19,2024-01-29,2.0,1.0,2024-01-22,10.0,7.0
OD13,2024-03-04,2024-01-29,2.0,1.0,2024-01-22,10.0,7.0
OD13,2024-03-11,2024-01-29,2.0,1.0,2024-01-22,10.0,7.0
OD13,2024-03-18,2024-01-29,2.0,1.0,2024-01-22,10.0,7.0
OD13,2024-03-25,2024-01-29,2.0,1.0,2024-01-22,10.0,7.0
OD13,2024-04-15,2024-04-08,4.0,2.0,2024-04-01,12.0,7.0
OD13,2024-04-22,2024-04-08,4.0,2.0,2024-04-01,12.0,7.0
OD13,2024-04-29,2024-04-08,4.0,2.0,2024-04-01,12.0,7.0
OD13,2024-05-06,2024-04-08,4.0,2.0,2024-04-01,12.0,7.0
OD13,2024-05-13,2024-04-08,4.0,2.0,2024-04-01,12.0,7.0
OD13,2024-05-20,2024-04-08,4.0,2.0,2024-04-01,12.0,7.0
OD13,2025-02-03,2024-11-25,3.0,0.0,2024-10-14,2.0,0.0
OD13,2025-02-10,2024-11-25,3.0,0.0,2024-10-14,2.0,0.0
OD13,2025-02-17,2024-11-25,3.0,0.0,2024-10-14,2.0,0.0
OD13,2025-02-24,2024-11-25,3.0,0.0,2024-10-14,2.0,0.0
OD13,2025-03-03,2024-11-25,3.0,0.0,2024-10-14,2.0,0.0
OD13,2025-03-10,2024-11-25,3.0,0.0,2024-10-14,2.0,0.0
OD13,2025-03-17,2024-11-25,3.0,0.0,2024-10-14,2.0,0.0
OD13,2025-03-24,2024-11-25,3.0,0.0,2024-10-14,2.0,0.0
OD14,2023-10-23,2023-10-16,9.0,8.0,2023-10-09,3.0,2.0
OD14,2023-10-30,2023-10-16,9.0,8.0,2023-10-09,3.0,2.0
OD14,2023-11-06,2023-10-16,9.0,8.0,2023-10-09,3.0,2.0
OD14,2023-11-13,2023-10-16,9.0,8.0,2023-10-09,3.0,2.0
OD14,2023-11-20,2023-10-16,9.0,8.0,2023-10-09,3.0,2.0
OD14,2023-11-27,2023-10-16,9.0,8.0,2023-10-09,3.0,2.0
OD14,2023-12-11,2023-12-04,12.0,4.0,2023-10-16,9.0,8.0
OD14,2024-02-26,2024-02-19,1.0,1.0,2024-02-12,2.0,2.0
OD14,2024-07-22,2024-07-15,26.0,20.0,2024-07-08,5.0,4.0
OD14,2024-07-29,2024-07-15,26.0,20.0,2024-07-08,5.0,4.0
OD14,2024-08-05,2024-07-15,26.0,20.0,2024-07-08,5.0,4.0
OD14,2024-08-12,2024-07-15,26.0,20.0,2024-07-08,5.0,4.0
OD14,2024-08-19,2024-07-15,26.0,20.0,2024-07-08,5.0,4.0
OD14,2024-08-26,2024-07-15,26.0,20.0,2024-07-08,5.0,4.0
OD14,2024-09-02,2024-07-15,26.0,20.0,2024-07-08,5.0,4.0
OD14,2024-09-09,2024-07-15,26.0,20.0,2024-07-08,5.0,4.0
OD14,2024-09-16,2024-07-15,26.0,20.0,2024-07-08,5.0,4.0
OD14,2024-09-23,2024-07-15,26.0,20.0,2024-07-08,5.0,4.0
OD14,2024-09-30,2024-07-15,26.0,20.0,2024-07-08,5.0,4.0
OD14,2024-10-07,2024-07-15,26.0,20.0,2024-07-08,5.0,4.0
OD14,2024-10-14,2024-07-15,26.0,20.0,2024-07-08,5.0,4.0
OD14,2024-10-21,2024-07-15,26.0,20.0,2024-07-08,5.0,4.0
OD14,2024-10-28,2024-07-15,26.0,20.0,2024-07-08,5.0,4.0
OD14,2024-11-04,2024-07-15,26.0,20.0,2024-07-08,5.0,4.0
OD14,2024-11-11,2024-07-15,26.0,20.0,2024-07-08,5.0,4.0
OD14,2024-11-18,2024-07-15,26.0,20.0,2024-07-08,5.0,4.0
OD14,2024-11-25,2024-07-15,26.0,20.0,2024-07-08,5.0,4.0
OD14,2024-12-02,2024-07-15,26.0,20.0,2024-07-08,5.0,4.0
OD14,2024-12-09,2024-07-15,26.0,20.0,2024-07-08,5.0,4.0
OD14,2024-12-16,2024-07-15,26.0,20.0,2024-07-08,5.0,4.0
OD14,2024-12-23,2024-07-15,26.0,20.0,2024-07-08,5.0,4.0
OD14,2024-12-30,2024-07-15,26.0,20.0,2024-07-08,5.0,4.0
OD14,2025-01-06,2024-07-15,26.0,20.0,2024-07-08,5.0,4.0
OD14,2025-01-13,2024-07-15,26.0,20.0,2024-07-08,5.0,4.0
OD14,2025-01-20,2024-07-15,26.0,20.0,2024-07-08,5.0,4.0
OD14,2025-01-27,2024-07-15,26.0,20.0,2024-07-08,5.0,4.0
OD14,2025-02-03,2024-07-15,26.0,20.0,2024-07-08,5.0,4.0
OD14,2025-02-10,2024-07-15,26.0,20.0,2024-07-08,5.0,4.0
OD14,2025-02-17,2024-07-15,26.0,20.0,2024-07-08,5.0,4.0
OD14,2025-02-24,2024-07-15,26.0,20.0,2024-07-08,5.0,4.0
OD14,2025-03-03,2024-07-15,26.0,20.0,2024-07-08,5.0,4.0
OD14,2025-03-10,2024-07-15,26.0,20.0,2024-07-08,5.0,4.0
OD14,2025-03-17,2024-07-15,26.0,20.0,2024-07-08,5.0,4.0
OD14,2025-03-24,2024-07-15,26.0,20.0,2024-07-08,5.0,4.0
OD15,2023-10-30,2023-10-23,37.0,26.0,2023-10-16,146.0,104.0
OD15,2023-11-06,2023-10-23,37.0,26.0,2023-10-16,146.0,104.0
OD15,2023-11-13,2023-10-23,37.0,26.0,2023-10-16,146.0,104.0
OD15,2023-11-20,2023-10-23,37.0,26.0,2023-10-16,146.0,104.0
OD15,2023-11-27,2023-10-23,37.0,26.0,2023-10-16,146.0,104.0
OD15,2023-12-04,2023-10-23,37.0,26.0,2023-10-16,146.0,104.0
OD15,2023-12-11,2023-10-23,37.0,26.0,2023-10-16,146.0,104.0
OD15,2023-12-18,2023-10-23,37.0,26.0,2023-10-16,146.0,104.0
OD15,2023-12-25,2023-10-23,37.0,26.0,2023-10-16,146.0,104.0
OD15,2024-01-01,2023-10-23,37.0,26.0,2023-10-16,146.0,104.0
OD15,2024-01-08,2023-10-23,37.0,26.0,2023-10-16,146.0,104.0
OD15,2024-01-15,2023-10-23,37.0,26.0,2023-10-16,146.0,104.0
OD15,2024-01-22,2023-10-23,37.0,26.0,2023-10-16,146.0,104.0
OD15,2024-01-29,2023-10-23,37.0,26.0,2023-10-16,146.0,104.0
OD15,2024-02-05,2023-10-23,37.0,26.0,2023-10-16,146.0,104.0
OD15,2024-02-12,2023-10-23,37.0,26.0,2023-10-16,146.0,104.0
OD15,2024-02-19,2023-10-23,37.0,26.0,2023-10-16,146.0,104.0
OD15,2024-02-26,2023-10-23,37.0,26.0,2023-10-16,146.0,104.0
OD15,2024-03-04,2023-10-23,37.0,26.0,2023-10-16,146.0,104.0
OD15,2024-03-11,2023-10-23,37.0,26.0,2023-10-16,146.0,104.0
OD15,2024-03-18,2023-10-23,37.0,26.0,2023-10-16,146.0,104.0
OD15,2024-03-25,2023-10-23,37.0,26.0,2023-10-16,146.0,104.0
OD15,2024-04-01,2023-10-23,37.0,26.0,2023-10-16,146.0,104.0
OD15,2024-04-08,2023-10-23,37.0,26.0,2023-10-16,146.0,104.0
OD15,2024-04-15,2023-10-23,37.0,26.0,2023-10-16,146.0,104.0
OD15,2024-04-22,2023-10-23,37.0,26.0,2023-10-16,146.0,104.0
OD15,2024-04-29,2023-10-23,37.0,26.0,2023-10-16,146.0,104.0
OD15,2024-05-06,2023-10-23,37.0,26.0,2023-10-16,146.0,104.0
OD15,2024-05-13,2023-10-23,37.0,26.0,2023-10-16,146.0,104.0
OD15,2024-05-20,2023-10-23,37.0,26.0,2023-10-16,146.0,104.0
OD15,2024-05-27,2023-10-23,37.0,26.0,2023-10-16,146.0,104.0
OD15,2024-06-03,2023-10-23,37.0,26.0,2023-10-16,146.0,104.0
OD15,2024-06-10,2023-10-23,37.0,26.0,2023-10-16,146.0,104.0
OD15,2024-06-17,2023-10-23,37.0,26.0,2023-10-16,146.0,104.0
OD15,2024-06-24,2023-10-23,37.0,26.0,2023-10-16,146.0,104.0
OD15,2024-07-01,2023-10-23,37.0,26.0,2023-10-16,146.0,104.0
OD15,2024-07-08,2023-10-23,37.0,26.0,2023-10-16,146.0,104.0
OD15,2024-07-15,2023-10-23,37.0,26.0,2023-10-16,146.0,104.0
OD15,2024-07-22,2023-10-23,37.0,26.0,2023-10-16,146.0,104.0
OD15,2024-07-29,2023-10-23,37.0,26.0,2023-10-16,146.0,104.0
OD15,2024-08-05,2023-10-23,37.0,26.0,2023-10-16,146.0,104.0
OD15,2024-08-12,2023-10-23,37.0,26.0,2023-10-16,146.0,104.0
OD15,2024-08-19,2023-10-23,37.0,26.0,2023-10-16,146.0,104.0
OD15,2024-08-26,2023-10-23,37.0,26.0,2023-10-16,146.0,104.0
OD15,2024-09-02,2023-10-23,37.0,26.0,2023-10-16,146.0,104.0
OD15,2024-09-09,2023-10-23,37.0,26.0,2023-10-16,146.0,104.0
OD15,2024-09-16,2023-10-23,37.0,26.0,2023-10-16,146.0,104.0
OD15,2024-09-23,2023-10-23,37.0,26.0,2023-10-16,146.0,104.0
OD15,2024-09-30,2023-10-23,37.0,26.0,2023-10-16,146.0,104.0
OD15,2024-10-07,2023-10-23,37.0,26.0,2023-10-16,146.0,104.0
OD15,2024-10-14,2023-10-23,37.0,26.0,2023-10-16,146.0,104.0
OD15,2024-10-21,2023-10-23,37.0,26.0,2023-10-16,146.0,104.0
OD15,2024-10-28,2023-10-23,37.0,26.0,2023-10-16,146.0,104.0
OD15,2024-11-04,2023-10-23,37.0,26.0,2023-10-16,146.0,104.0
OD15,2024-11-11,2023-10-23,37.0,26.0,2023-10-16,146.0,104.0
OD15,2024-11-18,2023-10-23,37.0,26.0,2023-10-16,146.0,104.0
OD15,2024-11-25,2023-10-23,37.0,26.0,2023-10-16,146.0,104.0
OD15,2024-12-02,2023-10-23,37.0,26.0,2023-10-16,146.0,104.0
OD15,2024-12-09,2023-10-23,37.0,26.0,2023-10-16,146.0,104.0
OD15,2024-12-16,2023-10-23,37.0,26.0,2023-10-16,146.0,104.0
OD15,2024-12-23,2023-10-23,37.0,26.0,2023-10-16,146.0,104.0
OD15,2024-12-30,2023-10-23,37.0,26.0,2023-10-16,146.0,104.0
OD15,2025-01-06,2023-10-23,37.0,26.0,2023-10-16,146.0,104.0
OD15,2025-01-13,2023-10-23,37.0,26.0,2023-10-16,146.0,104.0
OD15,2025-01-20,2023-10-23,37.0,26.0,2023-10-16,146.0,104.0
OD15,2025-01-27,2023-10-23,37.0,26.0,2023-10-16,146.0,104.0
OD15,2025-02-03,2023-10-23,37.0,26.0,2023-10-16,146.0,104.0
OD15,2025-02-10,2023-10-23,37.0,26.0,2023-10-16,146.0,104.0
OD15,2025-02-17,2023-10-23,37.0,26.0,2023-10-16,146.0,104.0
OD15,2025-02-24,2023-10-23,37.0,26.0,2023-10-16,146.0,104.0
OD15,2025-03-03,2023-10-23,37.0,26.0,2023-10-16,146.0,104.0
OD15,2025-03-10,2023-10-23,37.0,26.0,2023-10-16,146.0,104.0
OD15,2025-03-17,2023-10-23,37.0,26.0,2023-10-16,146.0,104.0
OD15,2025-03-24,2023-10-23,37.0,26.0,2023-10-16,146.0,104.0
OD16,2024-05-20,2024-05-13,22.0,8.0,2024-05-06,14.0,7.0
OD16,2024-06-03,2024-05-27,7.0,2.0,2024-05-13,22.0,8.0
OD16,2024-09-16,2024-09-09,13.0,3.0,2024-09-02,16.0,8.0
OD16,2024-09-23,2024-09-09,13.0,3.0,2024-09-02,16.0,8.0
OD16,2024-09-30,2024-09-09,13.0,3.0,2024-09-02,16.0,8.0
OD16,2024-10-07,2024-09-09,13.0,3.0,2024-09-02,16.0,8.0
OD16,2024-10-14,2024-09-09,13.0,3.0,2024-09-02,16.0,8.0
OD16,2024-10-21,2024-09-09,13.0,3.0,2024-09-02,16.0,8.0
OD16,2024-10-28,2024-09-09,13.0,3.0,2024-09-02,16.0,8.0
OD16,2024-11-04,2024-09-09,13.0,3.0,2024-09-02,16.0,8.0
OD16,2024-11-11,2024-09-09,13.0,3.0,2024-09-02,16.0,8.0
OD16,2024-11-18,2024-09-09,13.0,3.0,2024-09-02,16.0,8.0
OD16,2024-11-25,2024-09-09,13.0,3.0,2024-09-02,16.0,8.0
OD16,2024-12-02,2024-09-09,13.0,3.0,2024-09-02,16.0,8.0
OD16,2024-12-09,2024-09-09,13.0,3.0,2024-09-02,16.0,8.0
OD16,2024-12-16,2024-09-09,13.0,3.0,2024-09-02,16.0,8.0
OD16,2024-12-23,2024-09-09,13.0,3.0,2024-09-02,16.0,8.0
OD16,2024-12-30,2024-09-09,13.0,3.0,2024-09-02,16.0,8.0
OD16,2025-01-06,2024-09-09,13.0,3.0,2024-09-02,16.0,8.0
OD16,2025-01-13,2024-09-09,13.0,3.0,2024-09-02,16.0,8.0
OD16,2025-01-20,2024-09-09,13.0,3.0,2024-09-02,16.0,8.0
OD16,2025-01-27,2024-09-09,13.0,3.0,2024-09-02,16.0,8.0
OD16,2025-02-03,2024-09-09,13.0,3.0,2024-09-02,16.0,8.0
OD16,2025-02-10,2024-09-09,13.0,3.0,2024-09-02,16.0,8.0
OD16,2025-02-17,2024-09-09,13.0,3.0,2024-09-02,16.0,8.0
OD16,2025-02-24,2024-09-09,13.0,3.0,2024-09-02,16.0,8.0
OD16,2025-03-03,2024-09-09,13.0,3.0,2024-09-02,16.0,8.0
OD16,2025-03-10,2024-09-09,13.0,3.0,2024-09-02,16.0,8.0
OD16,2025-03-17,2024-09-09,13.0,3.0,2024-09-02,16.0,8.0
OD16,2025-03-24,2024-09-09,13.0,3.0,2024-09-02,16.0,8.0
OD17,2024-02-12,2024-01-29,2.0,1.0,2024-01-22,9.0,5.0
OD17,2024-02-19,2024-01-29,2.0,1.0,2024-01-22,9.0,5.0
OD17,2024-03-04,2024-02-26,2.0,0.0,2024-01-29,2.0,1.0
OD17,2024-03-11,2024-02-26,2.0,0.0,2024-01-29,2.0,1.0
OD17,2024-03-18,2024-02-26,2.0,0.0,2024-01-29,2.0,1.0
OD17,2024-03-25,2024-02-26,2.0,0.0,2024-01-29,2.0,1.0
OD17,2024-04-15,2024-04-08,4.0,2.0,2024-04-01,18.0,9.0
OD17,2024-04-22,2024-04-08,4.0,2.0,2024-04-01,18.0,9.0
OD17,2024-04-29,2024-04-08,4.0,2.0,2024-04-01,18.0,9.0
OD17,2024-05-06,2024-04-08,4.0,2.0,2024-04-01,18.0,9.0
OD17,2024-05-13,2024-04-08,4.0,2.0,2024-04-01,18.0,9.0
OD17,2024-05-20,2024-04-08,4.0,2.0,2024-04-01,18.0,9.0
OD17,2024-07-15,2024-07-08,3.0,1.0,2024-07-01,6.0,1.0
OD17,2024-07-22,2024-07-08,3.0,1.0,2024-07-01,6.0,1.0
OD17,2024-07-29,2024-07-08,3.0,1.0,2024-07-01,6.0,1.0
OD17,2024-08-05,2024-07-08,3.0,1.0,2024-07-01,6.0,1.0
OD17,2024-08-12,2024-07-08,3.0,1.0,2024-07-01,6.0,1.0
OD17,2024-08-19,2024-07-08,3.0,1.0,2024-07-01,6.0,1.0
OD17,2024-08-26,2024-07-08,3.0,1.0,2024-07-01,6.0,1.0
OD17,2024-09-02,2024-07-08,3.0,1.0,2024-07-01,6.0,1.0
OD17,2024-09-09,2024-07-08,3.0,1.0,2024-07-01,6.0,1.0
OD17,2024-09-16,2024-07-08,3.0,1.0,2024-07-01,6.0,1.0
OD17,2024-09-23,2024-07-08,3.0,1.0,2024-07-01,6.0,1.0
OD17,2024-09-30,2024-07-08,3.0,1.0,2024-07-01,6.0,1.0
OD17,2024-10-07,2024-07-08,3.0,1.0,2024-07-01,6.0,1.0
OD17,2024-10-14,2024-07-08,3.0,1.0,2024-07-01,6.0,1.0
OD17,2024-10-21,2024-07-08,3.0,1.0,2024-07-01,6.0,1.0
OD17,2024-10-28,2024-07-08,3.0,1.0,2024-07-01,6.0,1.0
OD17,2024-11-04,2024-07-08,3.0,1.0,2024-07-01,6.0,1.0
OD17,2024-11-11,2024-07-08,3.0,1.0,2024-07-01,6.0,1.0
OD17,2024-11-18,2024-07-08,3.0,1.0,2024-07-01,6.0,1.0
OD17,2024-11-25,2024-07-08,3.0,1.0,2024-07-01,6.0,1.0
OD17,2024-12-02,2024-07-08,3.0,1.0,2024-07-01,6.0,1.0
OD17,2024-12-09,2024-07-08,3.0,1.0,2024-07-01,6.0,1.0
OD17,2024-12-16,2024-07-08,3.0,1.0,2024-07-01,6.0,1.0
OD17,2024-12-23,2024-07-08,3.0,1.0,2024-07-01,6.0,1.0
OD17,2024-12-30,2024-07-08,3.0,1.0,2024-07-01,6.0,1.0
OD17,2025-01-06,2024-07-08,3.0,1.0,2024-07-01,6.0,1.0
OD17,2025-01-13,2024-07-08,3.0,1.0,2024-07-01,6.0,1.0
OD17,2025-01-20,2024-07-08,3.0,1.0,2024-07-01,6.0,1.0
OD17,2025-01-27,2024-07-08,3.0,1.0,2024-07-01,6.0,1.0
OD17,2025-02-03,2024-07-08,3.0,1.0,2024-07-01,6.0,1.0
OD17,2025-02-10,2024-07-08,3.0,1.0,2024-07-01,6.0,1.0
OD17,2025-02-17,2024-07-08,3.0,1.0,2024-07-01,6.0,1.0
OD17,2025-02-24,2024-07-08,3.0,1.0,2024-07-01,6.0,1.0
OD17,2025-03-03,2024-07-08,3.0,1.0,2024-07-01,6.0,1.0
OD17,2025-03-10,2024-07-08,3.0,1.0,2024-07-01,6.0,1.0
OD17,2025-03-17,2024-07-08,3.0,1.0,2024-07-01,6.0,1.0
OD17,2025-03-24,2024-07-08,3.0,1.0,2024-07-01,6.0,1.0
OD18,2024-01-29,2024-01-22,4.0,3.0,2024-01-15,8.0,5.0
OD18,2024-02-05,2024-01-22,4.0,3.0,2024-01-15,8.0,5.0
OD18,2024-02-12,2024-01-22,4.0,3.0,2024-01-15,8.0,5.0
OD18,2024-02-19,2024-01-22,4.0,3.0,2024-01-15,8.0,5.0
OD18,2024-02-26,2024-01-22,4.0,3.0,2024-01-15,8.0,5.0
OD18,2024-03-04,2024-01-22,4.0,3.0,2024-01-15,8.0,5.0
OD18,2024-03-11,2024-01-22,4.0,3.0,2024-01-15,8.0,5.0
OD18,2024-03-18,2024-01-22,4.0,3.0,2024-01-15,8.0,5.0
OD18,2024-03-25,2024-01-22,4.0,3.0,2024-01-15,8.0,5.0
OD18,2024-04-15,2024-04-08,2.0,1.0,2024-04-01,10.0,4.0
OD18,2024-04-22,2024-04-08,2.0,1.0,2024-04-01,10.0,4.0
OD18,2024-04-29,2024-04-08,2.0,1.0,2024-04-01,10.0,4.0
OD18,2024-05-06,2024-04-08,2.0,1.0,2024-04-01,10.0,4.0
OD18,2024-05-13,2024-04-08,2.0,1.0,2024-04-01,10.0,4.0
OD18,2024-05-20,2024-04-08,2.0,1.0,2024-04-01,10.0,4.0
OD18,2024-10-14,2024-10-07,12.0,6.0,2024-09-30,2.0,0.0
OD18,2024-10-21,2024-10-07,12.0,6.0,2024-09-30,2.0,0.0
OD18,2024-10-28,2024-10-07,12.0,6.0,2024-09-30,2.0,0.0
OD18,2024-11-04,2024-10-07,12.0,6.0,2024-09-30,2.0,0.0
OD18,2024-11-11,2024-10-07,12.0,6.0,2024-09-30,2.0,0.0
OD18,2024-11-18,2024-10-07,12.0,6.0,2024-09-30,2.0,0.0
OD18,2024-11-25,2024-10-07,12.0,6.0,2024-09-30,2.0,0.0
OD18,2024-12-02,2024-10-07,12.0,6.0,2024-09-30,2.0,0.0
OD18,2024-12-09,2024-10-07,12.0,6.0,2024-09-30,2.0,0.0
OD18,2024-12-16,2024-10-07,12.0,6.0,2024-09-30,2.0,0.0
OD18,2024-12-23,2024-10-07,12.0,6.0,2024-09-30,2.0,0.0
OD18,2024-12-30,2024-10-07,12.0,6.0,2024-09-30,2.0,0.0
OD18,2025-01-06,2024-10-07,12.0,6.0,2024-09-30,2.0,0.0
OD18,2025-01-13,2024-10-07,12.0,6.0,2024-09-30,2.0,0.0
OD18,2025-01-20,2024-10-07,12.0,6.0,2024-09-30,2.0,0.0
OD18,2025-01-27,2024-10-07,12.0,6.0,2024-09-30,2.0,0.0
OD18,2025-02-03,2024-10-07,12.0,6.0,2024-09-30,2.0,0.0
OD18,2025-02-10,2024-10-07,12.0,6.0,2024-09-30,2.0,0.0
OD18,2025-02-17,2024-10-07,12.0,6.0,2024-09-30,2.0,0.0
OD18,2025-02-24,2024-10-07,12.0,6.0,2024-09-30,2.0,0.0
OD18,2025-03-03,2024-10-07,12.0,6.0,2024-09-30,2.0,0.0
OD18,2025-03-10,2024-10-07,12.0,6.0,2024-09-30,2.0,0.0
OD18,2025-03-17,2024-10-07,12.0,6.0,2024-09-30,2.0,0.0
OD18,2025-03-24,2024-10-07,12.0,6.0,2024-09-30,2.0,0.0
OD19,2023-11-20,2023-11-13,5.0,2.0,2023-11-06,15.0,6.0
OD19,2023-12-11,2023-11-27,6.0,1.0,2023-11-13,5.0,2.0
OD19,2023-12-18,2023-11-27,6.0,1.0,2023-11-13,5.0,2.0
OD19,2023-12-25,2023-11-27,6.0,1.0,2023-11-13,5.0,2.0
OD19,2024-01-01,2023-11-27,6.0,1.0,2023-11-13,5.0,2.0
OD19,2024-01-15,2024-01-08,6.0,3.0,2023-11-27,6.0,1.0
OD19,2024-01-22,2024-01-08,6.0,3.0,2023-11-27,6.0,1.0
OD19,2024-02-19,2024-02-12,6.0,2.0,2024-02-05,4.0,2.0
OD19,2024-02-26,2024-02-12,6.0,2.0,2024-02-05,4.0,2.0
OD19,2024-03-04,2024-02-12,6.0,2.0,2024-02-05,4.0,2.0
OD19,2024-03-11,2024-02-12,6.0,2.0,2024-02-05,4.0,2.0
OD19,2024-03-18,2024-02-12,6.0,2.0,2024-02-05,4.0,2.0
OD19,2024-03-25,2024-02-12,6.0,2.0,2024-02-05,4.0,2.0
OD19,2024-04-01,2024-02-12,6.0,2.0,2024-02-05,4.0,2.0
OD19,2024-04-08,2024-02-12,6.0,2.0,2024-02-05,4.0,2.0
OD19,2024-04-15,2024-02-12,6.0,2.0,2024-02-05,4.0,2.0
OD19,2024-04-22,2024-02-12,6.0,2.0,2024-02-05,4.0,2.0
OD19,2024-05-20,2024-05-13,12.0,6.0,2024-05-06,7.0,3.0
OD19,2024-06-10,2024-05-27,6.0,2.0,2024-05-13,12.0,6.0
OD19,2024-06-24,2024-05-27,6.0,2.0,2024-05-13,12.0,6.0
OD19,2024-07-01,2024-05-27,6.0,2.0,2024-05-13,12.0,6.0
OD19,2024-07-08,2024-05-27,6.0,2.0,2024-05-13,12.0,6.0
OD19,2024-07-15,2024-05-27,6.0,2.0,2024-05-13,12.0,6.0
OD19,2024-07-22,2024-05-27,6.0,2.0,2024-05-13,12.0,6.0
OD19,2024-07-29,2024-05-27,6.0,2.0,2024-05-13,12.0,6.0
OD19,2024-09-02,2024-08-12,23.0,14.0,2024-08-05,14.0,7.0
OD19,2024-09-09,2024-08-12,23.0,14.0,2024-08-05,14.0,7.0
OD19,2024-09-16,2024-08-12,23.0,14.0,2024-08-05,14.0,7.0
OD19,2024-09-23,2024-08-12,23.0,14.0,2024-08-05,14.0,7.0
OD19,2024-09-30,2024-08-12,23.0,14.0,2024-08-05,14.0,7.0
OD19,2024-10-07,2024-08-12,23.0,14.0,2024-08-05,14.0,7.0
OD19,2024-10-14,2024-08-12,23.0,14.0,2024-08-05,14.0,7.0
OD19,2024-10-21,2024-08-12,23.0,14.0,2024-08-05,14.0,7.0
OD19,2024-10-28,2024-08-12,23.0,14.0,2024-08-05,14.0,7.0
OD19,2024-11-04,2024-08-12,23.0,14.0,2024-08-05,14.0,7.0
OD19,2024-11-11,2024-08-12,23.0,14.0,2024-08-05,14.0,7.0
OD19,2024-11-18,2024-08-12,23.0,14.0,2024-08-05,14.0,7.0
OD19,2024-11-25,2024-08-12,23.0,14.0,2024-08-05,14.0,7.0
OD19,2024-12-02,2024-08-12,23.0,14.0,2024-08-05,14.0,7.0
OD19,2024-12-09,2024-08-12,23.0,14.0,2024-08-05,14.0,7.0
OD19,2024-12-16,2024-08-12,23.0,14.0,2024-08-05,14.0,7.0
OD19,2024-12-23,2024-08-12,23.0,14.0,2024-08-05,14.0,7.0
OD19,2024-12-30,2024-08-12,23.0,14.0,2024-08-05,14.0,7.0
OD19,2025-01-06,2024-08-12,23.0,14.0,2024-08-05,14.0,7.0
OD19,2025-01-13,2024-08-12,23.0,14.0,2024-08-05,14.0,7.0
OD19,2025-01-20,2024-08-12,23.0,14.0,2024-08-05,14.0,7.0
OD19,2025-01-27,2024-08-12,23.0,14.0,2024-08-05,14.0,7.0
OD19,2025-02-03,2024-08-12,23.0,14.0,2024-08-05,14.0,7.0
OD19,2025-02-10,2024-08-12,23.0,14.0,2024-08-05,14.0,7.0
OD19,2025-02-17,2024-08-12,23.0,14.0,2024-08-05,14.0,7.0
OD19,2025-02-24,2024-08-12,23.0,14.0,2024-08-05,14.0,7.0
OD19,2025-03-03,2024-08-12,23.0,14.0,2024-08-05,14.0,7.0
OD19,2025-03-10,2024-08-12,23.0,14.0,2024-08-05,14.0,7.0
OD19,2025-03-17,2024-08-12,23.0,14.0,2024-08-05,14.0,7.0
OD19,2025-03-24,2024-08-12,23.0,14.0,2024-08-05,14.0,7.0
OD20,2024-01-08,2024-01-01,5.0,3.0,2023-12-25,10.0,4.0
OD20,2024-01-15,2024-01-01,5.0,3.0,2023-12-25,10.0,4.0
OD20,2024-01-22,2024-01-01,5.0,3.0,2023-12-25,10.0,4.0
OD20,2024-01-29,2024-01-01,5.0,3.0,2023-12-25,10.0,4.0
OD20,2024-02-05,2024-01-01,5.0,3.0,2023-12-25,10.0,4.0
OD20,2024-02-12,2024-01-01,5.0,3.0,2023-12-25,10.0,4.0
OD20,2024-02-19,2024-01-01,5.0,3.0,2023-12-25,10.0,4.0
OD20,2024-02-26,2024-01-01,5.0,3.0,2023-12-25,10.0,4.0
OD20,2024-03-04,2024-01-01,5.0,3.0,2023-12-25,10.0,4.0
OD20,2024-03-11,2024-01-01,5.0,3.0,2023-12-25,10.0,4.0
OD20,2024-03-18,2024-01-01,5.0,3.0,2023-12-25,10.0,4.0
OD20,2024-03-25,2024-01-01,5.0,3.0,2023-12-25,10.0,4.0
OD20,2024-04-01,2024-01-01,5.0,3.0,2023-12-25,10.0,4.0
OD20,2024-04-08,2024-01-01,5.0,3.0,2023-12-25,10.0,4.0
OD20,2024-04-15,2024-01-01,5.0,3.0,2023-12-25,10.0,4.0
OD20,2024-04-22,2024-01-01,5.0,3.0,2023-12-25,10.0,4.0
OD20,2024-04-29,2024-01-01,5.0,3.0,2023-12-25,10.0,4.0
OD20,2024-05-06,2024-01-01,5.0,3.0,2023-12-25,10.0,4.0
OD20,2024-05-13,2024-01-01,5.0,3.0,2023-12-25,10.0,4.0
OD20,2024-05-20,2024-01-01,5.0,3.0,2023-12-25,10.0,4.0
OD20,2024-05-27,2024-01-01,5.0,3.0,2023-12-25,10.0,4.0
OD20,2024-06-03,2024-01-01,5.0,3.0,2023-12-25,10.0,4.0
OD20,2024-06-10,2024-01-01,5.0,3.0,2023-12-25,10.0,4.0
OD20,2024-06-17,2024-01-01,5.0,3.0,2023-12-25,10.0,4.0
OD20,2024-06-24,2024-01-01,5.0,3.0,2023-12-25,10.0,4.0
OD20,2024-07-01,2024-01-01,5.0,3.0,2023-12-25,10.0,4.0
OD20,2024-07-08,2024-01-01,5.0,3.0,2023-12-25,10.0,4.0
OD20,2024-07-15,2024-01-01,5.0,3.0,2023-12-25,10.0,4.0
OD20,2024-07-22,2024-01-01,5.0,3.0,2023-12-25,10.0,4.0
OD20,2024-07-29,2024-01-01,5.0,3.0,2023-12-25,10.0,4.0
OD20,2024-08-05,2024-01-01,5.0,3.0,2023-12-25,10.0,4.0
OD20,2024-08-12,2024-01-01,5.0,3.0,2023-12-25,10.0,4.0
OD20,2024-08-19,2024-01-01,5.0,3.0,2023-12-25,10.0,4.0
OD20,2024-08-26,2024-01-01,5.0,3.0,2023-12-25,10.0,4.0
OD20,2024-09-02,2024-01-01,5.0,3.0,2023-12-25,10.0,4.0
OD20,2024-09-09,2024-01-01,5.0,3.0,2023-12-25,10.0,4.0
OD20,2024-09-16,2024-01-01,5.0,3.0,2023-12-25,10.0,4.0
OD20,2024-09-23,2024-01-01,5.0,3.0,2023-12-25,10.0,4.0
OD20,2024-09-30,2024-01-01,5.0,3.0,2023-12-25,10.0,4.0
OD20,2024-10-07,2024-01-01,5.0,3.0,2023-12-25,10.0,4.0
OD20,2024-10-14,2024-01-01,5.0,3.0,2023-12-25,10.0,4.0
OD20,2024-10-21,2024-01-01,5.0,3.0,2023-12-25,10.0,4.0
OD20,2024-10-28,2024-01-01,5.0,3.0,2023-12-25,10.0,4.0
OD20,2024-11-04,2024-01-01,5.0,3.0,2023-12-25,10.0,4.0
OD20,2024-11-11,2024-01-01,5.0,3.0,2023-12-25,10.0,4.0
OD20,2024-11-18,2024-01-01,5.0,3.0,2023-12-25,10.0,4.0
OD20,2024-11-25,2024-01-01,5.0,3.0,2023-12-25,10.0,4.0
OD20,2024-12-02,2024-01-01,5.0,3.0,2023-12-25,10.0,4.0
OD20,2024-12-09,2024-01-01,5.0,3.0,2023-12-25,10.0,4.0
OD20,2024-12-16,2024-01-01,5.0,3.0,2023-12-25,10.0,4.0
OD20,2024-12-23,2024-01-01,5.0,3.0,2023-12-25,10.0,4.0
OD20,2024-12-30,2024-01-01,5.0,3.0,2023-12-25,10.0,4.0
OD20,2025-01-06,2024-01-01,5.0,3.0,2023-12-25,10.0,4.0
OD20,2025-01-13,2024-01-01,5.0,3.0,2023-12-25,10.0,4.0
OD20,2025-01-20,2024-01-01,5.0,3.0,2023-12-25,10.0,4.0
OD20,2025-01-27,2024-01-01,5.0,3.0,2023-12-25,10.0,4.0
OD20,2025-02-03,2024-01-01,5.0,3.0,2023-12-25,10.0,4.0
OD20,2025-02-10,2024-01-01,5.0,3.0,2023-12-25,10.0,4.0
OD20,2025-02-17,2024-01-01,5.0,3.0,2023-12-25,10.0,4.0
OD20,2025-02-24,2024-01-01,5.0,3.0,2023-12-25,10.0,4.0
OD20,2025-03-03,2024-01-01,5.0,3.0,2023-12-25,10.0,4.0
OD20,2025-03-10,2024-01-01,5.0,3.0,2023-12-25,10.0,4.0
OD20,2025-03-17,2024-01-01,5.0,3.0,2023-12-25,10.0,4.0
OD20,2025-03-24,2024-01-01,5.0,3.0,2023-12-25,10.0,4.0
OD21,2024-04-08,2024-04-01,6.0,4.0,,,
OD21,2024-04-15,2024-04-01,6.0,4.0,,,
OD21,2024-04-22,2024-04-01,6.0,4.0,,,
OD21,2024-04-29,2024-04-01,6.0,4.0,,,
OD21,2024-05-06,2024-04-01,6.0,4.0,,,
OD21,2024-05-13,2024-04-01,6.0,4.0,,,
OD21,2024-05-20,2024-04-01,6.0,4.0,,,
OD21,2024-05-27,2024-04-01,6.0,4.0,,,
OD21,2024-06-03,2024-04-01,6.0,4.0,,,
OD21,2024-06-10,2024-04-01,6.0,4.0,,,
OD21,2024-06-17,2024-04-01,6.0,4.0,,,
OD21,2024-06-24,2024-04-01,6.0,4.0,,,
OD21,2024-07-01,2024-04-01,6.0,4.0,,,
OD21,2024-07-08,2024-04-01,6.0,4.0,,,
OD21,2024-07-15,2024-04-01,6.0,4.0,,,
OD21,2024-07-22,2024-04-01,6.0,4.0,,,
OD21,2024-07-29,2024-04-01,6.0,4.0,,,
OD21,2024-08-05,2024-04-01,6.0,4.0,,,
OD21,2024-08-12,2024-04-01,6.0,4.0,,,
OD21,2024-08-19,2024-04-01,6.0,4.0,,,
OD21,2024-08-26,2024-04-01,6.0,4.0,,,
OD21,2024-09-02,2024-04-01,6.0,4.0,,,
OD21,2024-09-09,2024-04-01,6.0,4.0,,,
OD21,2024-09-16,2024-04-01,6.0,4.0,,,
OD21,2024-09-23,2024-04-01,6.0,4.0,,,
OD21,2024-09-30,2024-04-01,6.0,4.0,,,
OD21,2024-10-07,2024-04-01,6.0,4.0,,,
OD21,2024-10-14,2024-04-01,6.0,4.0,,,
OD21,2024-10-21,2024-04-01,6.0,4.0,,,
OD21,2024-10-28,2024-04-01,6.0,4.0,,,
OD21,2024-11-04,2024-04-01,6.0,4.0,,,
OD21,2024-11-11,2024-04-01,6.0,4.0,,,
OD21,2024-11-18,2024-04-01,6.0,4.0,,,
OD21,2024-11-25,2024-04-01,6.0,4.0,,,
OD21,2024-12-02,2024-04-01,6.0,4.0,,,
OD21,2024-12-09,2024-04-01,6.0,4.0,,,
OD21,2024-12-16,2024-04-01,6.0,4.0,,,
OD21,2024-12-23,2024-04-01,6.0,4.0,,,
OD21,2024-12-30,2024-04-01,6.0,4.0,,,
OD21,2025-01-06,2024-04-01,6.0,4.0,,,
OD21,2025-01-13,2024-04-01,6.0,4.0,,,
OD21,2025-01-20,2024-04-01,6.0,4.0,,,
OD21,2025-01-27,2024-04-01,6.0,4.0,,,
OD21,2025-02-03,2024-04-01,6.0,4.0,,,
OD21,2025-02-10,2024-04-01,6.0,4.0,,,
OD21,2025-02-17,2024-04-01,6.0,4.0,,,
OD21,2025-02-24,2024-04-01,6.0,4.0,,,
OD21,2025-03-03,2024-04-01,6.0,4.0,,,
OD21,2025-03-10,2024-04-01,6.0,4.0,,,
OD21,2025-03-17,2024-04-01,6.0,4.0,,,
OD21,2025-03-24,2024-04-01,6.0,4.0,,,
OD22,2024-11-25,2024-11-04,4.0,2.0,,,
OD22,2024-12-09,2024-11-04,4.0,2.0,,,
OD22,2024-12-16,2024-11-04,4.0,2.0,,,
OD22,2024-12-23,2024-12-16,1.0,1.0,2024-11-04,4.0,2.0
OD22,2024-12-30,2024-12-16,1.0,1.0,2024-11-04,4.0,2.0
OD22,2025-01-06,2024-12-16,1.0,1.0,2024-11-04,4.0,2.0
OD22,2025-01-13,2024-12-16,1.0,1.0,2024-11-04,4.0,2.0
OD22,2025-01-20,2024-12-16,1.0,1.0,2024-11-04,4.0,2.0
OD22,2025-01-27,2024-12-16,1.0,1.0,2024-11-04,4.0,2.0
OD22,2025-02-03,2024-12-16,1.0,1.0,2024-11-04,4.0,2.0
OD22,2025-02-10,2024-12-16,1.0,1.0,2024-11-04,4.0,2.0
OD22,2025-02-17,2024-12-16,1.0,1.0,2024-11-04,4.0,2.0
OD22,2025-02-24,2024-12-16,1.0,1.0,2024-11-04,4.0,2.0
OD22,2025-03-03,2024-12-16,1.0,1.0,2024-11-04,4.0,2.0
OD22,2025-03-10,2024-12-16,1.0,1.0,2024-11-04,4.0,2.0
OD22,2025-03-17,2024-12-16,1.0,1.0,2024-11-04,4.0,2.0
OD22,2025-03-24,2024-12-16,1.0,1.0,2024-11-04,4.0,2.0
OD23,2024-01-08,2023-12-18,3.0,0.0,,,
OD23,2024-01-15,2023-12-18,3.0,0.0,,,
OD23,2024-01-22,2023-12-18,3.0,0.0,,,
OD23,2024-01-29,2023-12-18,3.0,0.0,,,
OD23,2024-02-05,2023-12-18,3.0,0.0,,,
OD23,2024-02-12,2023-12-18,3.0,0.0,,,
OD23,2024-02-19,2023-12-18,3.0,0.0,,,
OD23,2024-02-26,2023-12-18,3.0,0.0,,,
OD23,2024-03-04,2023-12-18,3.0,0.0,,,
OD23,2024-03-11,2023-12-18,3.0,0.0,,,
OD23,2024-03-18,2023-12-18,3.0,0.0,,,
OD23,2024-03-25,2023-12-18,3.0,0.0,,,
OD23,2024-04-01,2023-12-18,3.0,0.0,,,
OD23,2024-04-08,2023-12-18,3.0,0.0,,,
OD23,2024-04-15,2023-12-18,3.0,0.0,,,
OD23,2024-04-22,2023-12-18,3.0,0.0,,,
OD23,2024-04-29,2023-12-18,3.0,0.0,,,
OD23,2024-05-06,2023-12-18,3.0,0.0,,,
OD23,2024-05-13,2023-12-18,3.0,0.0,,,
OD23,2024-05-20,2023-12-18,3.0,0.0,,,
OD23,2024-05-27,2023-12-18,3.0,0.0,,,
OD23,2024-06-03,2023-12-18,3.0,0.0,,,
OD23,2024-06-10,2023-12-18,3.0,0.0,,,
OD23,2024-06-17,2023-12-18,3.0,0.0,,,
OD23,2024-06-24,2023-12-18,3.0,0.0,,,
OD23,2024-07-01,2023-12-18,3.0,0.0,,,
OD23,2024-07-08,2023-12-18,3.0,0.0,,,
OD23,2024-07-15,2023-12-18,3.0,0.0,,,
OD23,2024-07-22,2023-12-18,3.0,0.0,,,
OD23,2024-07-29,2023-12-18,3.0,0.0,,,
OD23,2024-08-05,2023-12-18,3.0,0.0,,,
OD23,2024-08-12,2023-12-18,3.0,0.0,,,
OD23,2024-08-19,2023-12-18,3.0,0.0,,,
OD23,2024-08-26,2023-12-18,3.0,0.0,,,
OD23,2024-09-02,2023-12-18,3.0,0.0,,,
OD23,2024-09-09,2023-12-18,3.0,0.0,,,
OD23,2024-09-16,2023-12-18,3.0,0.0,,,
OD23,2024-09-23,2023-12-18,3.0,0.0,,,
OD23,2024-09-30,2023-12-18,3.0,0.0,,,
OD23,2024-10-07,2023-12-18,3.0,0.0,,,
OD23,2024-10-14,2023-12-18,3.0,0.0,,,
OD23,2024-10-21,2023-12-18,3.0,0.0,,,
OD23,2024-10-28,2023-12-18,3.0,0.0,,,
OD23,2024-11-04,2023-12-18,3.0,0.0,,,
OD23,2024-11-11,2023-12-18,3.0,0.0,,,
OD23,2024-11-18,2023-12-18,3.0,0.0,,,
OD23,2024-11-25,2023-12-18,3.0,0.0,,,
OD23,2024-12-02,2023-12-18,3.0,0.0,,,
OD23,2024-12-09,2023-12-18,3.0,0.0,,,
OD23,2024-12-16,2023-12-18,3.0,0.0,,,
OD23,2024-12-23,2023-12-18,3.0,0.0,,,
OD23,2024-12-30,2023-12-18,3.0,0.0,,,
OD23,2025-01-06,2023-12-18,3.0,0.0,,,
OD23,2025-01-13,2023-12-18,3.0,0.0,,,
OD23,2025-01-20,2023-12-18,3.0,0.0,,,
OD23,2025-01-27,2023-12-18,3.0,0.0,,,
OD23,2025-02-03,2023-12-18,3.0,0.0,,,
OD23,2025-02-10,2023-12-18,3.0,0.0,,,
OD23,2025-02-17,2023-12-18,3.0,0.0,,,
OD23,2025-02-24,2023-12-18,3.0,0.0,,,
OD23,2025-03-03,2023-12-18,3.0,0.0,,,
OD23,2025-03-10,2023-12-18,3.0,0.0,,,
OD23,2025-03-17,2023-12-18,3.0,0.0,,,
OD23,2025-03-24,2023-12-18,3.0,0.0,,,
OF01,2023-12-18,2023-11-27,3.0,0.0,2023-11-20,8.0,0.0
OF01,2023-12-25,2023-11-27,3.0,0.0,2023-11-20,8.0,0.0
OF01,2024-01-01,2023-11-27,3.0,0.0,2023-11-20,8.0,0.0
OF01,2024-03-04,2024-02-12,1.0,0.0,2024-02-05,18.0,0.0
OF01,2024-03-11,2024-02-12,1.0,0.0,2024-02-05,18.0,0.0
OF01,2024-03-18,2024-02-12,1.0,0.0,2024-02-05,18.0,0.0
OF01,2024-03-25,2024-02-12,1.0,0.0,2024-02-05,18.0,0.0
OF01,2024-04-01,2024-02-12,1.0,0.0,2024-02-05,18.0,0.0
OF01,2024-04-08,2024-02-12,1.0,0.0,2024-02-05,18.0,0.0
OF02,2023-12-18,2023-12-11,15.0,0.0,2023-12-04,27.0,0.0
OF02,2023-12-25,2023-12-11,15.0,0.0,2023-12-04,27.0,0.0
OF02,2024-01-01,2023-12-11,15.0,0.0,2023-12-04,27.0,0.0
OF02,2024-01-08,2023-12-11,15.0,0.0,2023-12-04,27.0,0.0
OF02,2024-01-29,2023-12-11,15.0,0.0,2023-12-04,27.0,0.0
OF02,2024-02-05,2023-12-11,15.0,0.0,2023-12-04,27.0,0.0
OF02,2024-02-12,2023-12-11,15.0,0.0,2023-12-04,27.0,0.0
OF02,2024-02-19,2023-12-11,15.0,0.0,2023-12-04,27.0,0.0
OF02,2024-02-26,2023-12-11,15.0,0.0,2023-12-04,27.0,0.0
OF02,2024-03-04,2023-12-11,15.0,0.0,2023-12-04,27.0,0.0
OF02,2024-03-11,2023-12-11,15.0,0.0,2023-12-04,27.0,0.0
OF02,2024-03-18,2023-12-11,15.0,0.0,2023-12-04,27.0,0.0
OF02,2024-03-25,2023-12-11,15.0,0.0,2023-12-04,27.0,0.0
OF02,2024-04-01,2023-12-11,15.0,0.0,2023-12-04,27.0,0.0
OF02,2024-04-08,2023-12-11,15.0,0.0,2023-12-04,27.0,0.0
OF02,2024-04-15,2023-12-11,15.0,0.0,2023-12-04,27.0,0.0
OF02,2024-04-22,2023-12-11,15.0,0.0,2023-12-04,27.0,0.0
OF02,2024-04-29,2023-12-11,15.0,0.0,2023-12-04,27.0,0.0
OF02,2024-05-06,2023-12-11,15.0,0.0,2023-12-04,27.0,0.0
OF02,2024-05-13,2023-12-11,15.0,0.0,2023-12-04,27.0,0.0
OF02,2024-05-20,2023-12-11,15.0,0.0,2023-12-04,27.0,0.0
OF02,2024-05-27,2023-12-11,15.0,0.0,2023-12-04,27.0,0.0
OF02,2024-06-03,2023-12-11,15.0,0.0,2023-12-04,27.0,0.0
OF02,2024-06-10,2023-12-11,15.0,0.0,2023-12-04,27.0,0.0
OF02,2024-06-17,2023-12-11,15.0,0.0,2023-12-04,27.0,0.0
OF02,2024-06-24,2023-12-11,15.0,0.0,2023-12-04,27.0,0.0
OF02,2024-07-01,2023-12-11,15.0,0.0,2023-12-04,27.0,0.0
OF02,2024-07-08,2023-12-11,15.0,0.0,2023-12-04,27.0,0.0
OF02,2024-07-15,2023-12-11,15.0,0.0,2023-12-04,27.0,0.0
OF02,2024-07-22,2023-12-11,15.0,0.0,2023-12-04,27.0,0.0
OF02,2024-07-29,2023-12-11,15.0,0.0,2023-12-04,27.0,0.0
OF02,2024-08-05,2023-12-11,15.0,0.0,2023-12-04,27.0,0.0
OF02,2024-08-12,2023-12-11,15.0,0.0,2023-12-04,27.0,0.0
OF02,2024-08-19,2023-12-11,15.0,0.0,2023-12-04,27.0,0.0
OF02,2024-08-26,2023-12-11,15.0,0.0,2023-12-04,27.0,0.0
OF02,2024-09-02,2023-12-11,15.0,0.0,2023-12-04,27.0,0.0
OF02,2024-09-09,2023-12-11,15.0,0.0,2023-12-04,27.0,0.0
OF02,2024-09-16,2023-12-11,15.0,0.0,2023-12-04,27.0,0.0
OF02,2024-09-23,2023-12-11,15.0,0.0,2023-12-04,27.0,0.0
OF02,2024-09-30,2023-12-11,15.0,0.0,2023-12-04,27.0,0.0
OF02,2024-10-07,2023-12-11,15.0,0.0,2023-12-04,27.0,0.0
OF02,2024-10-14,2023-12-11,15.0,0.0,2023-12-04,27.0,0.0
OF02,2024-10-21,2023-12-11,15.0,0.0,2023-12-04,27.0,0.0
OF02,2024-10-28,2023-12-11,15.0,0.0,2023-12-04,27.0,0.0
OF02,2024-11-04,2023-12-11,15.0,0.0,2023-12-04,27.0,0.0
OF02,2024-11-11,2023-12-11,15.0,0.0,2023-12-04,27.0,0.0
OF02,2024-11-18,2023-12-11,15.0,0.0,2023-12-04,27.0,0.0
OF02,2024-11-25,2023-12-11,15.0,0.0,2023-12-04,27.0,0.0
OF02,2024-12-02,2023-12-11,15.0,0.0,2023-12-04,27.0,0.0
OF02,2024-12-09,2023-12-11,15.0,0.0,2023-12-04,27.0,0.0
OF02,2024-12-16,2023-12-11,15.0,0.0,2023-12-04,27.0,0.0
OF02,2024-12-23,2023-12-11,15.0,0.0,2023-12-04,27.0,0.0
OF02,2024-12-30,2023-12-11,15.0,0.0,2023-12-04,27.0,0.0
OF02,2025-01-06,2023-12-11,15.0,0.0,2023-12-04,27.0,0.0
OF02,2025-01-13,2023-12-11,15.0,0.0,2023-12-04,27.0,0.0
OF02,2025-01-20,2023-12-11,15.0,0.0,2023-12-04,27.0,0.0
OF02,2025-01-27,2023-12-11,15.0,0.0,2023-12-04,27.0,0.0
OF02,2025-02-03,2023-12-11,15.0,0.0,2023-12-04,27.0,0.0
OF02,2025-02-10,2023-12-11,15.0,0.0,2023-12-04,27.0,0.0
OF02,2025-02-17,2023-12-11,15.0,0.0,2023-12-04,27.0,0.0
OF02,2025-02-24,2023-12-11,15.0,0.0,2023-12-04,27.0,0.0
OF02,2025-03-03,2023-12-11,15.0,0.0,2023-12-04,27.0,0.0
OF02,2025-03-10,2023-12-11,15.0,0.0,2023-12-04,27.0,0.0
OF02,2025-03-17,2023-12-11,15.0,0.0,2023-12-04,27.0,0.0
OF02,2025-03-24,2023-12-11,15.0,0.0,2023-12-04,27.0,0.0
OF03,2023-06-19,2023-06-12,1.0,0.0,2023-05-29,1.0,0.0
OF03,2023-08-28,2023-07-31,15.0,0.0,2023-07-24,3.0,0.0
OF03,2023-09-04,2023-07-31,15.0,0.0,2023-07-24,3.0,0.0
OF03,2023-09-11,2023-07-31,15.0,0.0,2023-07-24,3.0,0.0
OF03,2023-09-18,2023-07-31,15.0,0.0,2023-07-24,3.0,0.0
OF03,2023-09-25,2023-07-31,15.0,0.0,2023-07-24,3.0,0.0
OF03,2023-10-02,2023-07-31,15.0,0.0,2023-07-24,3.0,0.0
OF03,2023-10-09,2023-07-31,15.0,0.0,2023-07-24,3.0,0.0
OF03,2023-10-16,2023-07-31,15.0,0.0,2023-07-24,3.0,0.0
OF03,2023-10-23,2023-07-31,15.0,0.0,2023-07-24,3.0,0.0
OF03,2023-10-30,2023-07-31,15.0,0.0,2023-07-24,3.0,0.0
OF03,2023-11-06,2023-07-31,15.0,0.0,2023-07-24,3.0,0.0
OF03,2023-11-13,2023-07-31,15.0,0.0,2023-07-24,3.0,0.0
OF03,2023-11-20,2023-07-31,15.0,0.0,2023-07-24,3.0,0.0
OF03,2023-11-27,2023-07-31,15.0,0.0,2023-07-24,3.0,0.0
OF03,2023-12-04,2023-07-31,15.0,0.0,2023-07-24,3.0,0.0
OF03,2023-12-11,2023-07-31,15.0,0.0,2023-07-24,3.0,0.0
OF03,2023-12-18,2023-07-31,15.0,0.0,2023-07-24,3.0,0.0
OF03,2023-12-25,2023-07-31,15.0,0.0,2023-07-24,3.0,0.0
OF03,2024-01-01,2023-07-31,15.0,0.0,2023-07-24,3.0,0.0
OF03,2024-01-08,2023-07-31,15.0,0.0,2023-07-24,3.0,0.0
OF03,2024-01-15,2023-07-31,15.0,0.0,2023-07-24,3.0,0.0
OF03,2024-01-22,2023-07-31,15.0,0.0,2023-07-24,3.0,0.0
OF03,2024-01-29,2023-07-31,15.0,0.0,2023-07-24,3.0,0.0
OF03,2024-02-05,2023-07-31,15.0,0.0,2023-07-24,3.0,0.0
OF03,2024-02-12,2023-07-31,15.0,0.0,2023-07-24,3.0,0.0
OF03,2024-02-19,2023-07-31,15.0,0.0,2023-07-24,3.0,0.0
OF03,2024-02-26,2023-07-31,15.0,0.0,2023-07-24,3.0,0.0
OF03,2024-03-04,2023-07-31,15.0,0.0,2023-07-24,3.0,0.0
OF03,2024-03-11,2023-07-31,15.0,0.0,2023-07-24,3.0,0.0
OF03,2024-03-18,2023-07-31,15.0,0.0,2023-07-24,3.0,0.0
OF03,2024-03-25,2023-07-31,15.0,0.0,2023-07-24,3.0,0.0
OF03,2024-04-01,2023-07-31,15.0,0.0,2023-07-24,3.0,0.0
OF03,2024-04-08,2023-07-31,15.0,0.0,2023-07-24,3.0,0.0
OF03,2024-04-15,2023-07-31,15.0,0.0,2023-07-24,3.0,0.0
OF03,2024-04-22,2023-07-31,15.0,0.0,2023-07-24,3.0,0.0
OF03,2024-04-29,2023-07-31,15.0,0.0,2023-07-24,3.0,0.0
OF03,2024-05-06,2023-07-31,15.0,0.0,2023-07-24,3.0,0.0
OF03,2024-06-24,2024-06-17,2.0,0.0,2024-05-20,1.0,0.0
OF03,2024-07-01,2024-06-17,2.0,0.0,2024-05-20,1.0,0.0
OF03,2024-07-08,2024-06-17,2.0,0.0,2024-05-20,1.0,0.0
OF03,2024-07-15,2024-06-17,2.0,0.0,2024-05-20,1.0,0.0
OF03,2024-07-22,2024-06-17,2.0,0.0,2024-05-20,1.0,0.0
OF03,2024-07-29,2024-06-17,2.0,0.0,2024-05-20,1.0,0.0
OF03,2024-08-05,2024-06-17,2.0,0.0,2024-05-20,1.0,0.0
OF03,2024-08-12,2024-06-17,2.0,0.0,2024-05-20,1.0,0.0
OF03,2024-08-19,2024-06-17,2.0,0.0,2024-05-20,1.0,0.0
OF03,2024-08-26,2024-06-17,2.0,0.0,2024-05-20,1.0,0.0
OF03,2024-09-02,2024-06-17,2.0,0.0,2024-05-20,1.0,0.0
OF03,2024-09-09,2024-06-17,2.0,0.0,2024-05-20,1.0,0.0
OF03,2024-09-16,2024-06-17,2.0,0.0,2024-05-20,1.0,0.0
OF03,2024-09-23,2024-06-17,2.0,0.0,2024-05-20,1.0,0.0
OF03,2024-09-30,2024-06-17,2.0,0.0,2024-05-20,1.0,0.0
OF03,2024-10-07,2024-06-17,2.0,0.0,2024-05-20,1.0,0.0
OF03,2024-10-14,2024-06-17,2.0,0.0,2024-05-20,1.0,0.0
OF03,2024-10-21,2024-06-17,2.0,0.0,2024-05-20,1.0,0.0
OF03,2024-10-28,2024-06-17,2.0,0.0,2024-05-20,1.0,0.0
OF03,2024-11-04,2024-06-17,2.0,0.0,2024-05-20,1.0,0.0
OF03,2024-11-11,2024-06-17,2.0,0.0,2024-05-20,1.0,0.0
OF03,2024-11-18,2024-06-17,2.0,0.0,2024-05-20,1.0,0.0
OF03,2024-11-25,2024-06-17,2.0,0.0,2024-05-20,1.0,0.0
OF03,2024-12-02,2024-06-17,2.0,0.0,2024-05-20,1.0,0.0
OF03,2024-12-09,2024-06-17,2.0,0.0,2024-05-20,1.0,0.0
OF03,2024-12-16,2024-06-17,2.0,0.0,2024-05-20,1.0,0.0
OF03,2024-12-23,2024-06-17,2.0,0.0,2024-05-20,1.0,0.0
OF03,2024-12-30,2024-06-17,2.0,0.0,2024-05-20,1.0,0.0
OF03,2025-01-06,2024-06-17,2.0,0.0,2024-05-20,1.0,0.0
OF03,2025-01-13,2024-06-17,2.0,0.0,2024-05-20,1.0,0.0
OF03,2025-01-20,2024-06-17,2.0,0.0,2024-05-20,1.0,0.0
OF03,2025-01-27,2024-06-17,2.0,0.0,2024-05-20,1.0,0.0
OF03,2025-02-03,2024-06-17,2.0,0.0,2024-05-20,1.0,0.0
OF03,2025-02-10,2024-06-17,2.0,0.0,2024-05-20,1.0,0.0
OF03,2025-02-17,2024-06-17,2.0,0.0,2024-05-20,1.0,0.0
OF03,2025-02-24,2024-06-17,2.0,0.0,2024-05-20,1.0,0.0
OF03,2025-03-03,2024-06-17,2.0,0.0,2024-05-20,1.0,0.0
OF03,2025-03-10,2024-06-17,2.0,0.0,2024-05-20,1.0,0.0
OF03,2025-03-17,2024-06-17,2.0,0.0,2024-05-20,1.0,0.0
OF03,2025-03-24,2024-06-17,2.0,0.0,2024-05-20,1.0,0.0
OF04,2024-03-11,2023-12-11,2.0,0.0,2023-11-06,8.0,0.0
OF04,2024-03-18,2023-12-11,2.0,0.0,2023-11-06,8.0,0.0
OF04,2024-03-25,2023-12-11,2.0,0.0,2023-11-06,8.0,0.0
OF04,2024-04-01,2023-12-11,2.0,0.0,2023-11-06,8.0,0.0
OF04,2024-04-08,2023-12-11,2.0,0.0,2023-11-06,8.0,0.0
OF04,2024-04-15,2023-12-11,2.0,0.0,2023-11-06,8.0,0.0
OF04,2024-04-22,2023-12-11,2.0,0.0,2023-11-06,8.0,0.0
OF04,2024-04-29,2023-12-11,2.0,0.0,2023-11-06,8.0,0.0
OF04,2024-05-06,2023-12-11,2.0,0.0,2023-11-06,8.0,0.0
OF04,2024-05-13,2023-12-11,2.0,0.0,2023-11-06,8.0,0.0
OF04,2024-05-20,2023-12-11,2.0,0.0,2023-11-06,8.0,0.0
OF04,2024-05-27,2023-12-11,2.0,0.0,2023-11-06,8.0,0.0
OF04,2024-06-03,2023-12-11,2.0,0.0,2023-11-06,8.0,0.0
OF04,2024-06-10,2023-12-11,2.0,0.0,2023-11-06,8.0,0.0
OF04,2024-06-17,2023-12-11,2.0,0.0,2023-11-06,8.0,0.0
OF04,2024-06-24,2023-12-11,2.0,0.0,2023-11-06,8.0,0.0
OF04,2024-07-01,2023-12-11,2.0,0.0,2023-11-06,8.0,0.0
OF04,2024-07-08,2023-12-11,2.0,0.0,2023-11-06,8.0,0.0
OF04,2024-07-15,2023-12-11,2.0,0.0,2023-11-06,8.0,0.0
OF04,2024-07-22,2023-12-11,2.0,0.0,2023-11-06,8.0,0.0
OF04,2024-09-23,2024-07-29,6.0,0.0,2023-12-11,2.0,0.0
OF04,2024-09-30,2024-07-29,6.0,0.0,2023-12-11,2.0,0.0
OF04,2024-10-07,2024-07-29,6.0,0.0,2023-12-11,2.0,0.0
OF04,2024-10-14,2024-07-29,6.0,0.0,2023-12-11,2.0,0.0
OF04,2024-10-21,2024-07-29,6.0,0.0,2023-12-11,2.0,0.0
OF04,2024-10-28,2024-07-29,6.0,0.0,2023-12-11,2.0,0.0
OF04,2024-11-04,2024-07-29,6.0,0.0,2023-12-11,2.0,0.0
OF04,2024-11-11,2024-07-29,6.0,0.0,2023-12-11,2.0,0.0
OF04,2024-11-18,2024-07-29,6.0,0.0,2023-12-11,2.0,0.0
OF04,2024-11-25,2024-07-29,6.0,0.0,2023-12-11,2.0,0.0
OF04,2024-12-02,2024-07-29,6.0,0.0,2023-12-11,2.0,0.0
OF04,2024-12-09,2024-07-29,6.0,0.0,2023-12-11,2.0,0.0
OF04,2024-12-16,2024-07-29,6.0,0.0,2023-12-11,2.0,0.0
OF04,2024-12-23,2024-07-29,6.0,0.0,2023-12-11,2.0,0.0
OF04,2024-12-30,2024-07-29,6.0,0.0,2023-12-11,2.0,0.0
OF04,2025-01-06,2024-07-29,6.0,0.0,2023-12-11,2.0,0.0
OF04,2025-01-13,2024-07-29,6.0,0.0,2023-12-11,2.0,0.0
OF04,2025-01-20,2024-07-29,6.0,0.0,2023-12-11,2.0,0.0
OF04,2025-01-27,2024-07-29,6.0,0.0,2023-12-11,2.0,0.0
OF04,2025-02-03,2024-07-29,6.0,0.0,2023-12-11,2.0,0.0
OF04,2025-02-10,2024-07-29,6.0,0.0,2023-12-11,2.0,0.0
OF04,2025-02-17,2024-07-29,6.0,0.0,2023-12-11,2.0,0.0
OF04,2025-02-24,2024-07-29,6.0,0.0,2023-12-11,2.0,0.0
OF04,2025-03-03,2024-07-29,6.0,0.0,2023-12-11,2.0,0.0
OF04,2025-03-10,2024-07-29,6.0,0.0,2023-12-11,2.0,0.0
OF04,2025-03-17,2024-07-29,6.0,0.0,2023-12-11,2.0,0.0
OF04,2025-03-24,2024-07-29,6.0,0.0,2023-12-11,2.0,0.0
OF05,2024-03-25,2024-03-04,1.0,0.0,2024-02-12,3.0,0.0
OF05,2024-04-01,2024-03-04,1.0,0.0,2024-02-12,3.0,0.0
OF05,2024-04-08,2024-03-04,1.0,0.0,2024-02-12,3.0,0.0
OF05,2024-04-15,2024-03-04,1.0,0.0,2024-02-12,3.0,0.0
OF05,2024-04-22,2024-03-04,1.0,0.0,2024-02-12,3.0,0.0
OF05,2024-04-29,2024-03-04,1.0,0.0,2024-02-12,3.0,0.0
OF05,2024-05-06,2024-03-04,1.0,0.0,2024-02-12,3.0,0.0
OF05,2024-05-13,2024-03-04,1.0,0.0,2024-02-12,3.0,0.0
OF05,2024-05-20,2024-03-04,1.0,0.0,2024-02-12,3.0,0.0
OF05,2024-05-27,2024-03-04,1.0,0.0,2024-02-12,3.0,0.0
OF05,2024-06-03,2024-03-04,1.0,0.0,2024-02-12,3.0,0.0
OF05,2024-06-10,2024-06-03,1.0,0.0,2024-03-04,1.0,0.0
OF05,2024-06-17,2024-06-03,1.0,0.0,2024-03-04,1.0,0.0
OF05,2024-07-01,2024-06-24,1.0,0.0,2024-06-17,1.0,0.0
OF05,2024-07-08,2024-06-24,1.0,0.0,2024-06-17,1.0,0.0
OF05,2024-07-15,2024-06-24,1.0,0.0,2024-06-17,1.0,0.0
OF05,2024-07-22,2024-06-24,1.0,0.0,2024-06-17,1.0,0.0
OF05,2024-07-29,2024-06-24,1.0,0.0,2024-06-17,1.0,0.0
OF05,2024-08-05,2024-06-24,1.0,0.0,2024-06-17,1.0,0.0
OF05,2024-08-12,2024-06-24,1.0,0.0,2024-06-17,1.0,0.0
OF05,2024-08-19,2024-06-24,1.0,0.0,2024-06-17,1.0,0.0
OF05,2024-08-26,2024-06-24,1.0,0.0,2024-06-17,1.0,0.0
OF05,2024-09-02,2024-06-24,1.0,0.0,2024-06-17,1.0,0.0
OF05,2024-09-09,2024-06-24,1.0,0.0,2024-06-17,1.0,0.0
OF05,2024-09-16,2024-06-24,1.0,0.0,2024-06-17,1.0,0.0
OF05,2024-09-23,2024-06-24,1.0,0.0,2024-06-17,1.0,0.0
OF05,2024-09-30,2024-06-24,1.0,0.0,2024-06-17,1.0,0.0
OF05,2024-10-07,2024-06-24,1.0,0.0,2024-06-17,1.0,0.0
OF05,2024-10-14,2024-06-24,1.0,0.0,2024-06-17,1.0,0.0
OF05,2024-10-21,2024-06-24,1.0,0.0,2024-06-17,1.0,0.0
OF05,2024-10-28,2024-06-24,1.0,0.0,2024-06-17,1.0,0.0
OF05,2024-11-04,2024-06-24,1.0,0.0,2024-06-17,1.0,0.0
OF05,2024-11-11,2024-06-24,1.0,0.0,2024-06-17,1.0,0.0
OF05,2024-11-18,2024-06-24,1.0,0.0,2024-06-17,1.0,0.0
OF05,2024-11-25,2024-06-24,1.0,0.0,2024-06-17,1.0,0.0
OF05,2024-12-02,2024-06-24,1.0,0.0,2024-06-17,1.0,0.0
OF05,2024-12-09,2024-06-24,1.0,0.0,2024-06-17,1.0,0.0
OF05,2024-12-16,2024-06-24,1.0,0.0,2024-06-17,1.0,0.0
OF05,2024-12-23,2024-06-24,1.0,0.0,2024-06-17,1.0,0.0
OF05,2024-12-30,2024-06-24,1.0,0.0,2024-06-17,1.0,0.0
OF05,2025-01-06,2024-06-24,1.0,0.0,2024-06-17,1.0,0.0
OF05,2025-01-13,2024-06-24,1.0,0.0,2024-06-17,1.0,0.0
OF05,2025-01-20,2024-06-24,1.0,0.0,2024-06-17,1.0,0.0
OF05,2025-01-27,2024-06-24,1.0,0.0,2024-06-17,1.0,0.0
OF05,2025-02-03,2024-06-24,1.0,0.0,2024-06-17,1.0,0.0
OF05,2025-02-10,2024-06-24,1.0,0.0,2024-06-17,1.0,0.0
OF05,2025-02-17,2024-06-24,1.0,0.0,2024-06-17,1.0,0.0
OF05,2025-02-24,2024-06-24,1.0,0.0,2024-06-17,1.0,0.0
OF05,2025-03-03,2024-06-24,1.0,0.0,2024-06-17,1.0,0.0
OF05,2025-03-10,2024-06-24,1.0,0.0,2024-06-17,1.0,0.0
OF05,2025-03-17,2024-06-24,1.0,0.0,2024-06-17,1.0,0.0
OF05,2025-03-24,2024-06-24,1.0,0.0,2024-06-17,1.0,0.0
OF06,2024-03-04,2023-12-11,2.0,0.0,2023-11-06,8.0,0.0
OF06,2024-03-11,2023-12-11,2.0,0.0,2023-11-06,8.0,0.0
OF06,2024-03-18,2023-12-11,2.0,0.0,2023-11-06,8.0,0.0
OF06,2024-03-25,2023-12-11,2.0,0.0,2023-11-06,8.0,0.0
OF06,2024-04-01,2023-12-11,2.0,0.0,2023-11-06,8.0,0.0
OF06,2024-04-08,2023-12-11,2.0,0.0,2023-11-06,8.0,0.0
OF07,2023-11-20,2023-11-13,2.0,0.0,2023-11-06,2.0,0.0
OF07,2023-11-27,2023-11-13,2.0,0.0,2023-11-06,2.0,0.0
OF07,2023-12-04,2023-11-13,2.0,0.0,2023-11-06,2.0,0.0
OF07,2023-12-11,2023-11-13,2.0,0.0,2023-11-06,2.0,0.0
OF07,2023-12-18,2023-11-13,2.0,0.0,2023-11-06,2.0,0.0
OF07,2023-12-25,2023-11-13,2.0,0.0,2023-11-06,2.0,0.0
OF07,2024-01-01,2023-11-13,2.0,0.0,2023-11-06,2.0,0.0
OF07,2024-01-08,2023-11-13,2.0,0.0,2023-11-06,2.0,0.0
OF07,2024-01-15,2023-11-13,2.0,0.0,2023-11-06,2.0,0.0
OF07,2024-01-22,2023-11-13,2.0,0.0,2023-11-06,2.0,0.0
OF07,2024-01-29,2023-11-13,2.0,0.0,2023-11-06,2.0,0.0
OF07,2024-02-05,2023-11-13,2.0,0.0,2023-11-06,2.0,0.0
OF07,2024-02-12,2023-11-13,2.0,0.0,2023-11-06,2.0,0.0
OF07,2024-02-19,2023-11-13,2.0,0.0,2023-11-06,2.0,0.0
OF07,2024-02-26,2023-11-13,2.0,0.0,2023-11-06,2.0,0.0
OF07,2024-03-04,2023-11-13,2.0,0.0,2023-11-06,2.0,0.0
OF07,2024-03-11,2023-11-13,2.0,0.0,2023-11-06,2.0,0.0
OF07,2024-03-18,2023-11-13,2.0,0.0,2023-11-06,2.0,0.0
OF07,2024-03-25,2023-11-13,2.0,0.0,2023-11-06,2.0,0.0
OF07,2024-04-01,2023-11-13,2.0,0.0,2023-11-06,2.0,0.0
OF07,2024-04-08,2023-11-13,2.0,0.0,2023-11-06,2.0,0.0
OF07,2024-04-15,2023-11-13,2.0,0.0,2023-11-06,2.0,0.0
OF07,2024-04-22,2023-11-13,2.0,0.0,2023-11-06,2.0,0.0
OF07,2024-04-29,2023-11-13,2.0,0.0,2023-11-06,2.0,0.0
OF07,2024-05-06,2023-11-13,2.0,0.0,2023-11-06,2.0,0.0
OF07,2024-05-13,2023-11-13,2.0,0.0,2023-11-06,2.0,0.0
OF07,2024-05-20,2023-11-13,2.0,0.0,2023-11-06,2.0,0.0
OF07,2024-05-27,2023-11-13,2.0,0.0,2023-11-06,2.0,0.0
OF07,2024-06-03,2023-11-13,2.0,0.0,2023-11-06,2.0,0.0
OF07,2024-06-10,2023-11-13,2.0,0.0,2023-11-06,2.0,0.0
OF07,2024-06-17,2023-11-13,2.0,0.0,2023-11-06,2.0,0.0
OF07,2024-06-24,2023-11-13,2.0,0.0,2023-11-06,2.0,0.0
OF07,2024-07-01,2023-11-13,2.0,0.0,2023-11-06,2.0,0.0
OF07,2024-07-08,2023-11-13,2.0,0.0,2023-11-06,2.0,0.0
OF07,2024-07-15,2023-11-13,2.0,0.0,2023-11-06,2.0,0.0
OF07,2024-07-22,2023-11-13,2.0,0.0,2023-11-06,2.0,0.0
OF07,2024-07-29,2023-11-13,2.0,0.0,2023-11-06,2.0,0.0
OF07,2024-08-05,2023-11-13,2.0,0.0,2023-11-06,2.0,0.0
OF07,2024-08-12,2023-11-13,2.0,0.0,2023-11-06,2.0,0.0
OF07,2024-08-19,2023-11-13,2.0,0.0,2023-11-06,2.0,0.0
OF07,2024-08-26,2023-11-13,2.0,0.0,2023-11-06,2.0,0.0
OF07,2024-09-02,2023-11-13,2.0,0.0,2023-11-06,2.0,0.0
OF07,2024-09-09,2023-11-13,2.0,0.0,2023-11-06,2.0,0.0
OF07,2024-09-16,2023-11-13,2.0,0.0,2023-11-06,2.0,0.0
OF07,2024-09-23,2023-11-13,2.0,0.0,2023-11-06,2.0,0.0
OF07,2024-09-30,2023-11-13,2.0,0.0,2023-11-06,2.0,0.0
OF07,2024-10-07,2023-11-13,2.0,0.0,2023-11-06,2.0,0.0
OF07,2024-10-14,2023-11-13,2.0,0.0,2023-11-06,2.0,0.0
OF07,2024-10-21,2023-11-13,2.0,0.0,2023-11-06,2.0,0.0
OF07,2024-10-28,2023-11-13,2.0,0.0,2023-11-06,2.0,0.0
OF07,2024-11-04,2023-11-13,2.0,0.0,2023-11-06,2.0,0.0
OF07,2024-11-11,2023-11-13,2.0,0.0,2023-11-06,2.0,0.0
OF07,2024-11-18,2023-11-13,2.0,0.0,2023-11-06,2.0,0.0
OF07,2024-11-25,2023-11-13,2.0,0.0,2023-11-06,2.0,0.0
OF07,2024-12-02,2023-11-13,2.0,0.0,2023-11-06,2.0,0.0
OF07,2024-12-09,2023-11-13,2.0,0.0,2023-11-06,2.0,0.0
OF07,2024-12-16,2023-11-13,2.0,0.0,2023-11-06,2.0,0.0
OF07,2024-12-23,2023-11-13,2.0,0.0,2023-11-06,2.0,0.0
OF07,2024-12-30,2023-11-13,2.0,0.0,2023-11-06,2.0,0.0
OF07,2025-01-06,2023-11-13,2.0,0.0,2023-11-06,2.0,0.0
OF07,2025-01-13,2023-11-13,2.0,0.0,2023-11-06,2.0,0.0
OF07,2025-01-20,2023-11-13,2.0,0.0,2023-11-06,2.0,0.0
OF07,2025-01-27,2023-11-13,2.0,0.0,2023-11-06,2.0,0.0
OF07,2025-02-03,2023-11-13,2.0,0.0,2023-11-06,2.0,0.0
OF07,2025-02-10,2023-11-13,2.0,0.0,2023-11-06,2.0,0.0
OF07,2025-02-17,2023-11-13,2.0,0.0,2023-11-06,2.0,0.0
OF07,2025-02-24,2023-11-13,2.0,0.0,2023-11-06,2.0,0.0
OF07,2025-03-03,2023-11-13,2.0,0.0,2023-11-06,2.0,0.0
OF07,2025-03-10,2023-11-13,2.0,0.0,2023-11-06,2.0,0.0
OF07,2025-03-17,2023-11-13,2.0,0.0,2023-11-06,2.0,0.0
OF07,2025-03-24,2023-11-13,2.0,0.0,2023-11-06,2.0,0.0
OF08,2023-06-05,2023-05-29,1.0,0.0,2023-05-22,1.0,0.0
OF08,2023-06-19,2023-05-29,1.0,0.0,2023-05-22,1.0,0.0
OF08,2023-07-17,2023-07-03,1.0,0.0,2023-05-29,1.0,0.0
OF08,2023-07-24,2023-07-03,1.0,0.0,2023-05-29,1.0,0.0
OF08,2023-07-31,2023-07-03,1.0,0.0,2023-05-29,1.0,0.0
OF08,2023-08-07,2023-07-03,1.0,0.0,2023-05-29,1.0,0.0
OF08,2023-08-14,2023-07-03,1.0,0.0,2023-05-29,1.0,0.0
OF08,2023-08-21,2023-07-03,1.0,0.0,2023-05-29,1.0,0.0
OF08,2023-08-28,2023-07-03,1.0,0.0,2023-05-29,1.0,0.0
OF08,2023-09-04,2023-07-03,1.0,0.0,2023-05-29,1.0,0.0
OF08,2023-09-11,2023-07-03,1.0,0.0,2023-05-29,1.0,0.0
OF08,2023-09-18,2023-07-03,1.0,0.0,2023-05-29,1.0,0.0
OF08,2023-09-25,2023-07-03,1.0,0.0,2023-05-29,1.0,0.0
OF08,2023-10-02,2023-07-03,1.0,0.0,2023-05-29,1.0,0.0
OF08,2023-10-09,2023-07-03,1.0,0.0,2023-05-29,1.0,0.0
OF08,2023-10-16,2023-07-03,1.0,0.0,2023-05-29,1.0,0.0
OF08,2023-10-23,2023-07-03,1.0,0.0,2023-05-29,1.0,0.0
OF08,2023-10-30,2023-07-03,1.0,0.0,2023-05-29,1.0,0.0
OF08,2023-11-06,2023-07-03,1.0,0.0,2023-05-29,1.0,0.0
OF08,2023-11-13,2023-07-03,1.0,0.0,2023-05-29,1.0,0.0
OF08,2023-11-20,2023-07-03,1.0,0.0,2023-05-29,1.0,0.0
OF08,2023-11-27,2023-07-03,1.0,0.0,2023-05-29,1.0,0.0
OF08,2023-12-04,2023-07-03,1.0,0.0,2023-05-29,1.0,0.0
OF08,2023-12-11,2023-07-03,1.0,0.0,2023-05-29,1.0,0.0
OF08,2023-12-18,2023-07-03,1.0,0.0,2023-05-29,1.0,0.0
OF08,2023-12-25,2023-07-03,1.0,0.0,2023-05-29,1.0,0.0
OF08,2024-01-01,2023-07-03,1.0,0.0,2023-05-29,1.0,0.0
OF08,2024-01-08,2023-07-03,1.0,0.0,2023-05-29,1.0,0.0
OF08,2024-01-15,2023-07-03,1.0,0.0,2023-05-29,1.0,0.0
OF08,2024-01-22,2023-07-03,1.0,0.0,2023-05-29,1.0,0.0
OF08,2024-01-29,2023-07-03,1.0,0.0,2023-05-29,1.0,0.0
OF08,2024-02-05,2023-07-03,1.0,0.0,2023-05-29,1.0,0.0
OF08,2024-02-12,2023-07-03,1.0,0.0,2023-05-29,1.0,0.0
OF08,2024-02-19,2023-07-03,1.0,0.0,2023-05-29,1.0,0.0
OF08,2024-02-26,2023-07-03,1.0,0.0,2023-05-29,1.0,0.0
OF08,2024-03-04,2023-07-03,1.0,0.0,2023-05-29,1.0,0.0
OF08,2024-03-11,2023-07-03,1.0,0.0,2023-05-29,1.0,0.0
OF08,2024-03-18,2023-07-03,1.0,0.0,2023-05-29,1.0,0.0
OF08,2024-03-25,2023-07-03,1.0,0.0,2023-05-29,1.0,0.0
OF08,2024-04-01,2023-07-03,1.0,0.0,2023-05-29,1.0,0.0
OF08,2024-04-08,2023-07-03,1.0,0.0,2023-05-29,1.0,0.0
OF08,2024-04-15,2023-07-03,1.0,0.0,2023-05-29,1.0,0.0
OF08,2024-04-22,2023-07-03,1.0,0.0,2023-05-29,1.0,0.0
OF08,2024-04-29,2023-07-03,1.0,0.0,2023-05-29,1.0,0.0
OF08,2024-05-06,2023-07-03,1.0,0.0,2023-05-29,1.0,0.0
OF08,2024-06-24,2024-06-10,1.0,0.0,2024-06-03,1.0,0.0
OF08,2024-07-01,2024-06-10,1.0,0.0,2024-06-03,1.0,0.0
OF08,2024-07-08,2024-06-10,1.0,0.0,2024-06-03,1.0,0.0
OF08,2024-07-15,2024-06-10,1.0,0.0,2024-06-03,1.0,0.0
OF08,2024-07-22,2024-06-10,1.0,0.0,2024-06-03,1.0,0.0
OF08,2024-07-29,2024-06-10,1.0,0.0,2024-06-03,1.0,0.0
OF08,2024-08-05,2024-06-10,1.0,0.0,2024-06-03,1.0,0.0
OF08,2024-08-12,2024-06-10,1.0,0.0,2024-06-03,1.0,0.0
OF08,2024-08-19,2024-06-10,1.0,0.0,2024-06-03,1.0,0.0
OF08,2024-08-26,2024-06-10,1.0,0.0,2024-06-03,1.0,0.0
OF08,2024-09-02,2024-06-10,1.0,0.0,2024-06-03,1.0,0.0
OF08,2024-09-09,2024-06-10,1.0,0.0,2024-06-03,1.0,0.0
OF08,2024-09-16,2024-06-10,1.0,0.0,2024-06-03,1.0,0.0
OF08,2024-09-23,2024-06-10,1.0,0.0,2024-06-03,1.0,0.0
OF08,2024-09-30,2024-06-10,1.0,0.0,2024-06-03,1.0,0.0
OF08,2024-10-07,2024-06-10,1.0,0.0,2024-06-03,1.0,0.0
OF08,2024-10-14,2024-06-10,1.0,0.0,2024-06-03,1.0,0.0
OF08,2024-10-21,2024-06-10,1.0,0.0,2024-06-03,1.0,0.0
OF08,2024-10-28,2024-06-10,1.0,0.0,2024-06-03,1.0,0.0
OF08,2024-11-04,2024-06-10,1.0,0.0,2024-06-03,1.0,0.0
OF08,2024-11-11,2024-06-10,1.0,0.0,2024-06-03,1.0,0.0
OF08,2024-11-18,2024-06-10,1.0,0.0,2024-06-03,1.0,0.0
OF08,2024-11-25,2024-06-10,1.0,0.0,2024-06-03,1.0,0.0
OF08,2024-12-02,2024-06-10,1.0,0.0,2024-06-03,1.0,0.0
OF08,2024-12-09,2024-06-10,1.0,0.0,2024-06-03,1.0,0.0
OF08,2024-12-16,2024-06-10,1.0,0.0,2024-06-03,1.0,0.0
OF08,2024-12-23,2024-06-10,1.0,0.0,2024-06-03,1.0,0.0
OF08,2024-12-30,2024-06-10,1.0,0.0,2024-06-03,1.0,0.0
OF08,2025-01-06,2024-06-10,1.0,0.0,2024-06-03,1.0,0.0
OF08,2025-01-13,2024-06-10,1.0,0.0,2024-06-03,1.0,0.0
OF08,2025-01-20,2024-06-10,1.0,0.0,2024-06-03,1.0,0.0
OF08,2025-01-27,2024-06-10,1.0,0.0,2024-06-03,1.0,0.0
OF08,2025-02-03,2024-06-10,1.0,0.0,2024-06-03,1.0,0.0
OF08,2025-02-10,2024-06-10,1.0,0.0,2024-06-03,1.0,0.0
OF08,2025-02-17,2024-06-10,1.0,0.0,2024-06-03,1.0,0.0
OF08,2025-02-24,2024-06-10,1.0,0.0,2024-06-03,1.0,0.0
OF08,2025-03-03,2024-06-10,1.0,0.0,2024-06-03,1.0,0.0
OF08,2025-03-10,2024-06-10,1.0,0.0,2024-06-03,1.0,0.0
OF08,2025-03-17,2024-06-10,1.0,0.0,2024-06-03,1.0,0.0
OF08,2025-03-24,2024-06-10,1.0,0.0,2024-06-03,1.0,0.0
OF09,2023-12-18,2023-12-04,3.0,0.0,,,
OF09,2023-12-25,2023-12-04,3.0,0.0,,,
OF09,2024-01-01,2023-12-04,3.0,0.0,,,
OF09,2024-01-08,2023-12-04,3.0,0.0,,,
OF09,2024-03-04,2024-02-19,1.0,0.0,2024-01-22,7.0,0.0
OF09,2024-03-11,2024-02-19,1.0,0.0,2024-01-22,7.0,0.0
OF09,2024-03-18,2024-02-19,1.0,0.0,2024-01-22,7.0,0.0
OF09,2024-03-25,2024-02-19,1.0,0.0,2024-01-22,7.0,0.0
OF09,2024-04-01,2024-02-19,1.0,0.0,2024-01-22,7.0,0.0
OF09,2024-04-08,2024-02-19,1.0,0.0,2024-01-22,7.0,0.0
OF09,2024-04-15,2024-02-19,1.0,0.0,2024-01-22,7.0,0.0
OF09,2024-04-22,2024-02-19,1.0,0.0,2024-01-22,7.0,0.0
OF09,2024-04-29,2024-02-19,1.0,0.0,2024-01-22,7.0,0.0
OF09,2024-05-06,2024-02-19,1.0,0.0,2024-01-22,7.0,0.0
OF09,2024-05-13,2024-02-19,1.0,0.0,2024-01-22,7.0,0.0
OF09,2024-05-20,2024-02-19,1.0,0.0,2024-01-22,7.0,0.0
OF09,2024-06-03,2024-02-19,1.0,0.0,2024-01-22,7.0,0.0
OF09,2024-06-10,2024-02-19,1.0,0.0,2024-01-22,7.0,0.0
OF09,2024-06-17,2024-02-19,1.0,0.0,2024-01-22,7.0,0.0
OF09,2024-06-24,2024-02-19,1.0,0.0,2024-01-22,7.0,0.0
OF09,2024-07-01,2024-02-19,1.0,0.0,2024-01-22,7.0,0.0
OF09,2024-07-08,2024-02-19,1.0,0.0,2024-01-22,7.0,0.0
OF09,2024-07-15,2024-02-19,1.0,0.0,2024-01-22,7.0,0.0
OF09,2024-07-22,2024-02-19,1.0,0.0,2024-01-22,7.0,0.0
OF09,2024-07-29,2024-02-19,1.0,0.0,2024-01-22,7.0,0.0
OF09,2024-08-05,2024-02-19,1.0,0.0,2024-01-22,7.0,0.0
OF09,2024-08-12,2024-02-19,1.0,0.0,2024-01-22,7.0,0.0
OF09,2024-08-19,2024-02-19,1.0,0.0,2024-01-22,7.0,0.0
OF09,2024-08-26,2024-02-19,1.0,0.0,2024-01-22,7.0,0.0
OF09,2024-09-02,2024-02-19,1.0,0.0,2024-01-22,7.0,0.0
OF09,2024-09-09,2024-02-19,1.0,0.0,2024-01-22,7.0,0.0
OF09,2024-09-16,2024-02-19,1.0,0.0,2024-01-22,7.0,0.0
OF09,2024-09-23,2024-02-19,1.0,0.0,2024-01-22,7.0,0.0
OF09,2024-09-30,2024-02-19,1.0,0.0,2024-01-22,7.0,0.0
OF09,2024-10-07,2024-02-19,1.0,0.0,2024-01-22,7.0,0.0
OF09,2024-10-14,2024-02-19,1.0,0.0,2024-01-22,7.0,0.0
OF09,2024-10-21,2024-02-19,1.0,0.0,2024-01-22,7.0,0.0
OF09,2024-10-28,2024-02-19,1.0,0.0,2024-01-22,7.0,0.0
OF09,2024-11-04,2024-02-19,1.0,0.0,2024-01-22,7.0,0.0
OF09,2024-11-11,2024-02-19,1.0,0.0,2024-01-22,7.0,0.0
OF09,2024-11-18,2024-02-19,1.0,0.0,2024-01-22,7.0,0.0
OF09,2024-11-25,2024-02-19,1.0,0.0,2024-01-22,7.0,0.0
OF09,2024-12-02,2024-02-19,1.0,0.0,2024-01-22,7.0,0.0
OF09,2024-12-09,2024-02-19,1.0,0.0,2024-01-22,7.0,0.0
OF09,2024-12-16,2024-02-19,1.0,0.0,2024-01-22,7.0,0.0
OF09,2024-12-23,2024-02-19,1.0,0.0,2024-01-22,7.0,0.0
OF09,2024-12-30,2024-02-19,1.0,0.0,2024-01-22,7.0,0.0
OF09,2025-01-06,2024-02-19,1.0,0.0,2024-01-22,7.0,0.0
OF09,2025-01-13,2024-02-19,1.0,0.0,2024-01-22,7.0,0.0
OF09,2025-01-20,2024-02-19,1.0,0.0,2024-01-22,7.0,0.0
OF09,2025-01-27,2024-02-19,1.0,0.0,2024-01-22,7.0,0.0
OF09,2025-02-03,2024-02-19,1.0,0.0,2024-01-22,7.0,0.0
OF09,2025-02-10,2024-02-19,1.0,0.0,2024-01-22,7.0,0.0
OF09,2025-02-17,2024-02-19,1.0,0.0,2024-01-22,7.0,0.0
OF09,2025-02-24,2024-02-19,1.0,0.0,2024-01-22,7.0,0.0
OF09,2025-03-03,2024-02-19,1.0,0.0,2024-01-22,7.0,0.0
OF09,2025-03-10,2024-02-19,1.0,0.0,2024-01-22,7.0,0.0
OF09,2025-03-17,2024-02-19,1.0,0.0,2024-01-22,7.0,0.0
OF09,2025-03-24,2024-02-19,1.0,0.0,2024-01-22,7.0,0.0
OF10,2024-03-25,2024-03-18,1.0,0.0,,,
OF10,2024-04-01,2024-03-18,1.0,0.0,,,
OF10,2024-04-08,2024-03-18,1.0,0.0,,,
OF10,2024-04-15,2024-03-18,1.0,0.0,,,
OF10,2024-04-22,2024-04-15,1.0,0.0,2024-03-18,1.0,0.0
OF10,2024-04-29,2024-04-15,1.0,0.0,2024-03-18,1.0,0.0
OF10,2024-05-06,2024-04-15,1.0,0.0,2024-03-18,1.0,0.0
OF10,2024-05-13,2024-04-15,1.0,0.0,2024-03-18,1.0,0.0
OF10,2024-05-20,2024-04-15,1.0,0.0,2024-03-18,1.0,0.0
OF10,2024-05-27,2024-04-15,1.0,0.0,2024-03-18,1.0,0.0
OF10,2024-06-03,2024-04-15,1.0,0.0,2024-03-18,1.0,0.0
OF10,2024-06-10,2024-04-15,1.0,0.0,2024-03-18,1.0,0.0
OF10,2024-06-17,2024-04-15,1.0,0.0,2024-03-18,1.0,0.0
OF10,2024-06-24,2024-04-15,1.0,0.0,2024-03-18,1.0,0.0
OF10,2024-07-01,2024-04-15,1.0,0.0,2024-03-18,1.0,0.0
OF10,2024-07-08,2024-04-15,1.0,0.0,2024-03-18,1.0,0.0
OF10,2024-07-15,2024-04-15,1.0,0.0,2024-03-18,1.0,0.0
OF10,2024-07-22,2024-04-15,1.0,0.0,2024-03-18,1.0,0.0
OF10,2024-07-29,2024-04-15,1.0,0.0,2024-03-18,1.0,0.0
OF10,2024-08-05,2024-04-15,1.0,0.0,2024-03-18,1.0,0.0
OF10,2024-08-12,2024-04-15,1.0,0.0,2024-03-18,1.0,0.0
OF10,2024-08-19,2024-04-15,1.0,0.0,2024-03-18,1.0,0.0
OF10,2024-08-26,2024-04-15,1.0,0.0,2024-03-18,1.0,0.0
OF10,2024-09-02,2024-04-15,1.0,0.0,2024-03-18,1.0,0.0
OF10,2024-09-09,2024-04-15,1.0,0.0,2024-03-18,1.0,0.0
OF10,2024-09-16,2024-04-15,1.0,0.0,2024-03-18,1.0,0.0
OF10,2024-09-23,2024-04-15,1.0,0.0,2024-03-18,1.0,0.0
OF10,2024-09-30,2024-04-15,1.0,0.0,2024-03-18,1.0,0.0
OF10,2024-10-07,2024-04-15,1.0,0.0,2024-03-18,1.0,0.0
OF10,2024-10-14,2024-04-15,1.0,0.0,2024-03-18,1.0,0.0
OF10,2024-10-21,2024-04-15,1.0,0.0,2024-03-18,1.0,0.0
OF10,2024-10-28,2024-04-15,1.0,0.0,2024-03-18,1.0,0.0
OF10,2024-11-04,2024-04-15,1.0,0.0,2024-03-18,1.0,0.0
OF10,2024-11-11,2024-04-15,1.0,0.0,2024-03-18,1.0,0.0
OF10,2024-11-18,2024-04-15,1.0,0.0,2024-03-18,1.0,0.0
OF10,2024-11-25,2024-04-15,1.0,0.0,2024-03-18,1.0,0.0
OF10,2024-12-02,2024-04-15,1.0,0.0,2024-03-18,1.0,0.0
OF10,2024-12-09,2024-04-15,1.0,0.0,2024-03-18,1.0,0.0
OF10,2024-12-16,2024-04-15,1.0,0.0,2024-03-18,1.0,0.0
OF10,2024-12-23,2024-04-15,1.0,0.0,2024-03-18,1.0,0.0
OF10,2024-12-30,2024-04-15,1.0,0.0,2024-03-18,1.0,0.0
OF10,2025-01-06,2024-04-15,1.0,0.0,2024-03-18,1.0,0.0
OF10,2025-01-13,2024-04-15,1.0,0.0,2024-03-18,1.0,0.0
OF10,2025-01-20,2024-04-15,1.0,0.0,2024-03-18,1.0,0.0
OF10,2025-01-27,2024-04-15,1.0,0.0,2024-03-18,1.0,0.0
OF10,2025-02-03,2024-04-15,1.0,0.0,2024-03-18,1.0,0.0
OF10,2025-02-10,2024-04-15,1.0,0.0,2024-03-18,1.0,0.0
OF10,2025-02-17,2024-04-15,1.0,0.0,2024-03-18,1.0,0.0
OF10,2025-02-24,2024-04-15,1.0,0.0,2024-03-18,1.0,0.0
OF10,2025-03-03,2024-04-15,1.0,0.0,2024-03-18,1.0,0.0
OF10,2025-03-10,2024-04-15,1.0,0.0,2024-03-18,1.0,0.0
OF10,2025-03-17,2024-04-15,1.0,0.0,2024-03-18,1.0,0.0
OF10,2025-03-24,2024-04-15,1.0,0.0,2024-03-18,1.0,0.0
OF11,2024-11-11,2024-11-04,1.0,0.0,,,
OF11,2024-11-25,2024-11-04,1.0,0.0,,,
OF11,2024-12-02,2024-11-04,1.0,0.0,,,
OF11,2024-12-09,2024-11-04,1.0,0.0,,,
OF11,2024-12-16,2024-11-04,1.0,0.0,,,
OF11,2024-12-23,2024-11-04,1.0,0.0,,,
OF11,2024-12-30,2024-11-04,1.0,0.0,,,
OF11,2025-01-06,2024-11-04,1.0,0.0,,,
OF11,2025-01-13,2024-11-04,1.0,0.0,,,
OF11,2025-01-20,2024-11-04,1.0,0.0,,,
OF11,2025-01-27,2024-11-04,1.0,0.0,,,
OF11,2025-02-03,2024-11-04,1.0,0.0,,,
OF11,2025-02-10,2024-11-04,1.0,0.0,,,
OF11,2025-03-17,2025-02-24,1.0,0.0,2024-11-04,1.0,0.0
OF11,2025-03-24,2025-02-24,1.0,0.0,2024-11-04,1.0,0.0
OF12,2024-05-06,2024-04-29,1.0,0.0,,,
OF12,2024-05-13,2024-04-29,1.0,0.0,,,
OF12,2024-05-20,2024-04-29,1.0,0.0,,,
OF12,2024-05-27,2024-04-29,1.0,0.0,,,
OF12,2024-06-03,2024-04-29,1.0,0.0,,,
OF12,2024-06-10,2024-04-29,1.0,0.0,,,
OF12,2024-06-17,2024-04-29,1.0,0.0,,,
OF12,2024-06-24,2024-04-29,1.0,0.0,,,
OF12,2024-07-01,2024-04-29,1.0,0.0,,,
OF12,2024-07-08,2024-04-29,1.0,0.0,,,
OF12,2024-07-15,2024-04-29,1.0,0.0,,,
OF12,2024-07-22,2024-04-29,1.0,0.0,,,
OF12,2024-07-29,2024-04-29,1.0,0.0,,,
OF12,2024-08-05,2024-04-29,1.0,0.0,,,
OF12,2024-08-12,2024-04-29,1.0,0.0,,,
OF12,2024-08-19,2024-04-29,1.0,0.0,,,
OF12,2024-08-26,2024-04-29,1.0,0.0,,,
OF12,2024-09-02,2024-04-29,1.0,0.0,,,
OF12,2024-09-09,2024-04-29,1.0,0.0,,,
OF12,2024-09-16,2024-04-29,1.0,0.0,,,
OF12,2024-09-23,2024-04-29,1.0,0.0,,,
OF12,2024-09-30,2024-04-29,1.0,0.0,,,
OF12,2024-10-07,2024-04-29,1.0,0.0,,,
OF12,2024-10-14,2024-04-29,1.0,0.0,,,
OF12,2024-10-21,2024-04-29,1.0,0.0,,,
OF12,2024-10-28,2024-04-29,1.0,0.0,,,
OF12,2024-11-04,2024-04-29,1.0,0.0,,,
OF12,2024-11-11,2024-04-29,1.0,0.0,,,
OF12,2024-11-18,2024-04-29,1.0,0.0,,,
OF12,2024-11-25,2024-04-29,1.0,0.0,,,
OF12,2024-12-02,2024-04-29,1.0,0.0,,,
OF12,2024-12-09,2024-04-29,1.0,0.0,,,
OF12,2024-12-16,2024-04-29,1.0,0.0,,,
OF12,2024-12-23,2024-04-29,1.0,0.0,,,
OF12,2024-12-30,2024-04-29,1.0,0.0,,,
OF12,2025-01-06,2024-04-29,1.0,0.0,,,
OF12,2025-01-13,2024-04-29,1.0,0.0,,,
OF12,2025-01-20,2024-04-29,1.0,0.0,,,
OF12,2025-01-27,2024-04-29,1.0,0.0,,,
OF12,2025-02-03,2024-04-29,1.0,0.0,,,
OF12,2025-02-10,2024-04-29,1.0,0.0,,,
OF12,2025-02-17,2024-04-29,1.0,0.0,,,
OF12,2025-02-24,2024-04-29,1.0,0.0,,,
OF12,2025-03-03,2024-04-29,1.0,0.0,,,
OF12,2025-03-10,2024-04-29,1.0,0.0,,,
OF12,2025-03-17,2024-04-29,1.0,0.0,,,
OF12,2025-03-24,2024-04-29,1.0,0.0,,,
